schlcode,c_size,c_boys,c_girls,c_numcl,c_pik,c_status,c_leom,c_tip,c_num5rd,c_type,flgrm5,mrkgrm5,ngrm5,flmth5,mrkmth5,nmth5,towncode,townname,popcode,tip_a,grade,classid,classize,_type_,_freq_,cohsize,mathsize,avgmath,passmath,verbsize,avgverb,passverb,studchk,misskov2,missagg,nmiss_k,nmiss_a,classct,math_n,flmath_n,nmath_n,verb_n,flverb_n,nverb_n,impute,nverb_m,nmath_m,tip_s,townid,tipuach
11005,54,24,30,9,1,2,1,5,2,2,27.27,73.0,55.0,20.0,73.0,55.0,26104.0, ,11.0,24.0,5,1,28,0,2,54,28.0,74.11,17.9,28.0,70.57,35.7,1.0,0,0,0,0,2,72.637276,20.01091,55.0,72.74473,27.256363,55.0,0,,,24.0,26104.0,24
11005,54,24,30,9,1,2,1,5,2,2,27.27,73.0,55.0,20.0,73.0,55.0,26104.0, ,11.0,24.0,5,2,26,0,2,54,27.0,71.11,22.2,27.0,75.0,18.5,1.0,0,0,0,0,2,72.637276,20.01091,55.0,72.74473,27.256363,55.0,0,,,24.0,26104.0,24
11006,37,21,16,12,2,2,1,7,2,2,31.43,67.0,35.0,48.57,56.0,35.0,26104.0, ,12.0,38.0,5,1,22,0,2,37,15.0,64.0,33.3,15.0,75.47,20.0,1.0,0,0,1,0,2,64.0,33.3,15.0,75.47,20.0,15.0,0,,,38.0,26104.0,38
11006,37,21,16,12,2,2,1,7,2,2,31.43,67.0,35.0,48.57,56.0,35.0,26104.0, ,12.0,38.0,5,2,15,0,2,37,20.0,50.0,60.0225,20.0,60.6475,40.0025,,1,0,1,0,2,64.0,33.3,15.0,75.47,20.0,15.0,1,20.0,20.0,38.0,26104.0,38
11009,32,17,15,6,1,2,1,1,1,1,40.63,74.0,32.0,21.88,68.0,32.0,4622.0, ,11.0,6.0,5,1,32,0,1,32,32.0,68.38,21.9,32.0,73.97,40.6,1.0,0,0,0,0,1,68.38,21.9,32.0,73.97,40.6,32.0,0,,,6.0,4622.0,6
11010,68,34,34,15,1,1,1,,2,2,32.69,69.0,52.0,26.42,61.0,53.0,30007.0,,11.0,3.0,5,1,34,0,2,68,22.0,59.86,31.8,22.0,69.55,22.7,1.0,0,0,0,0,2,61.053207,26.418867,53.0,68.73077,32.68077,52.0,0,,,3.0,30007.0,3
11010,68,34,34,15,1,1,1,,2,2,32.69,69.0,52.0,26.42,61.0,53.0,30007.0,,11.0,3.0,5,2,34,0,2,68,31.0,61.9,22.6,30.0,68.13,40.0,1.0,0,0,0,0,2,61.053207,26.418867,53.0,68.73077,32.68077,52.0,0,,,3.0,30007.0,3
11013,86,54,32,17,1,1,1,2,3,3,40.96,69.0,83.0,38.27,62.0,81.0,30007.0,,11.0,8.0,5,1,30,0,3,87,30.0,61.1,36.7,30.0,65.57,46.7,1.0,0,0,0,0,3,62.35889,38.262962,81.0,69.47277,40.991566,83.0,0,,,8.0,30007.0,8
11013,86,54,32,17,1,1,1,2,3,3,40.96,69.0,83.0,38.27,62.0,81.0,30007.0,,11.0,8.0,5,2,26,0,3,87,24.0,59.42,45.8,24.0,69.92,41.7,1.0,0,0,0,0,3,62.35889,38.262962,81.0,69.47277,40.991566,83.0,0,,,8.0,30007.0,8
11013,86,54,32,17,1,1,1,2,3,3,40.96,69.0,83.0,38.27,62.0,81.0,30007.0,,11.0,8.0,5,3,31,0,3,87,27.0,66.37,33.3,29.0,73.14,34.5,1.0,0,0,0,0,3,62.35889,38.262962,81.0,69.47277,40.991566,83.0,0,,,8.0,30007.0,8
11015,95,50,45,17,1,1,1,1,3,3,16.09,80.0,87.0,15.91,76.0,88.0,30007.0,,11.0,6.0,5,1,32,0,3,95,30.0,76.57,16.7,29.0,79.66,13.8,1.0,0,0,0,0,3,76.081474,15.925,88.0,79.95759,16.097702,87.0,0,,,6.0,30007.0,6
11015,95,50,45,17,1,1,1,1,3,3,16.09,80.0,87.0,15.91,76.0,88.0,30007.0,,11.0,6.0,5,2,32,0,3,95,31.0,71.29,22.6,31.0,75.94,22.6,1.0,0,0,0,0,3,76.081474,15.925,88.0,79.95759,16.097702,87.0,0,,,6.0,30007.0,6
11015,95,50,45,17,1,1,1,1,3,3,16.09,80.0,87.0,15.91,76.0,88.0,30007.0,,11.0,6.0,5,3,31,0,3,95,27.0,81.04,7.4,27.0,84.89,11.1,1.0,0,0,0,0,3,76.081474,15.925,88.0,79.95759,16.097702,87.0,0,,,6.0,30007.0,6
11017,77,38,39,14,1,1,1,2,2,2,18.18,71.0,66.0,17.91,67.0,67.0,30007.0,,11.0,9.0,5,2,39,0,2,77,37.0,65.78,21.6,35.0,70.37,22.9,1.0,0,0,1,0,2,65.78,21.6,37.0,70.37,22.9,35.0,0,,,9.0,30007.0,9
11017,77,38,39,14,1,1,1,2,2,2,18.18,71.0,66.0,17.91,67.0,67.0,30007.0,,11.0,9.0,5,1,38,0,2,77,30.0,68.50467,13.359,31.0,71.71129,12.850967,,1,0,1,0,2,65.78,21.6,37.0,70.37,22.9,35.0,1,31.0,30.0,9.0,30007.0,9
11020,97,56,41,14,1,1,1,1,3,3,18.82,78.0,85.0,14.43,74.0,97.0,30007.0,,11.0,5.0,5,1,31,0,3,97,30.0,71.3,20.0,26.0,78.31,19.2,1.0,0,0,0,0,3,74.06948,14.438145,97.0,77.86059,18.829412,85.0,0,,,5.0,30007.0,5
11020,97,56,41,14,1,1,1,1,3,3,18.82,78.0,85.0,14.43,74.0,97.0,30007.0,,11.0,5.0,5,2,33,0,3,97,34.0,77.26,11.8,30.0,78.1,16.7,1.0,0,0,0,0,3,74.06948,14.438145,97.0,77.86059,18.829412,85.0,0,,,5.0,30007.0,5
11020,97,56,41,14,1,1,1,1,3,3,18.82,78.0,85.0,14.43,74.0,97.0,30007.0,,11.0,5.0,5,3,33,0,3,97,33.0,73.3,12.1,29.0,77.21,20.7,1.0,0,0,0,0,3,74.06948,14.438145,97.0,77.86059,18.829412,85.0,0,,,5.0,30007.0,5
11021,58,23,35,12,1,1,1,2,2,2,26.79,70.0,56.0,41.07,57.0,56.0,30007.0,,11.0,11.0,5,1,30,0,2,58,28.0,57.86,35.7,28.0,72.64,28.6,1.0,0,0,0,0,2,57.2,41.05,56.0,70.175,26.8,56.0,0,,,11.0,30007.0,11
11021,58,23,35,12,1,1,1,2,2,2,26.79,70.0,56.0,41.07,57.0,56.0,30007.0,,11.0,11.0,5,2,28,0,2,58,28.0,56.54,46.4,28.0,67.71,25.0,1.0,0,0,0,0,2,57.2,41.05,56.0,70.175,26.8,56.0,0,,,11.0,30007.0,11
11027,97,45,52,18,1,1,1,1,3,3,19.57,76.0,92.0,28.42,67.0,95.0,30007.0,,11.0,5.0,5,2,34,0,3,97,33.0,71.09,15.2,32.0,81.03,6.3,1.0,0,0,1,0,3,68.339676,19.362904,62.0,77.39311,18.042624,61.0,0,,,5.0,30007.0,5
11027,97,45,52,18,1,1,1,1,3,3,19.57,76.0,92.0,28.42,67.0,95.0,30007.0,,11.0,5.0,5,3,29,0,3,97,29.0,65.21,24.1,29.0,73.38,31.0,1.0,0,0,1,0,3,68.339676,19.362904,62.0,77.39311,18.042624,61.0,0,,,5.0,30007.0,5
11027,97,45,52,18,1,1,1,1,3,3,19.57,76.0,92.0,28.42,67.0,95.0,30007.0,,11.0,5.0,5,1,34,0,3,97,33.0,64.48303,45.436363,31.0,73.25871,22.575483,,1,0,1,0,3,68.339676,19.362904,62.0,77.39311,18.042624,61.0,1,31.0,33.0,5.0,30007.0,5
11029,70,29,41,14,1,1,1,2,2,2,35.38,70.0,65.0,33.85,57.0,65.0,30007.0,,11.0,11.0,5,1,34,0,2,70,31.0,56.23,29.0,31.0,65.19,51.6,1.0,0,0,1,0,2,56.23,29.0,31.0,65.19,51.6,31.0,0,,,11.0,30007.0,11
11029,70,29,41,14,1,1,1,2,2,2,35.38,70.0,65.0,33.85,57.0,65.0,30007.0,,11.0,11.0,5,2,36,0,2,70,34.0,57.70206,38.27206,34.0,74.38559,20.591177,,1,0,1,0,2,56.23,29.0,31.0,65.19,51.6,31.0,1,34.0,34.0,11.0,30007.0,11
11031,42,20,22,13,1,1,1,2,2,2,28.95,72.0,38.0,30.77,66.0,39.0,30007.0,,11.0,12.0,5,1,23,0,2,42,22.0,67.09,22.7,21.0,74.57,28.6,1.0,0,0,0,0,2,65.92179,30.764103,39.0,72.105,28.957895,38.0,0,,,12.0,30007.0,12
11031,42,20,22,13,1,1,1,2,2,2,28.95,72.0,38.0,30.77,66.0,39.0,30007.0,,11.0,12.0,5,2,19,0,2,42,17.0,64.41,41.2,17.0,69.06,29.4,1.0,0,0,0,0,2,65.92179,30.764103,39.0,72.105,28.957895,38.0,0,,,12.0,30007.0,12
11032,95,47,48,19,1,1,1,4,3,3,36.14,64.0,83.0,39.33,56.0,89.0,30007.0,,11.0,13.0,5,1,32,0,3,92,31.0,49.52,38.7,27.0,61.07,40.7,1.0,0,0,0,0,3,56.272358,39.326965,89.0,64.410965,36.143375,83.0,0,,,13.0,30007.0,13
11032,95,47,48,19,1,1,1,4,3,3,36.14,64.0,83.0,39.33,56.0,89.0,30007.0,,11.0,13.0,5,2,31,0,3,92,30.0,59.5,40.0,30.0,68.97,30.0,1.0,0,0,0,0,3,56.272358,39.326965,89.0,64.410965,36.143375,83.0,0,,,13.0,30007.0,13
11032,95,47,48,19,1,1,1,4,3,3,36.14,64.0,83.0,39.33,56.0,89.0,30007.0,,11.0,13.0,5,3,29,0,3,92,28.0,60.29,39.3,26.0,62.62,38.5,1.0,0,0,0,0,3,56.272358,39.326965,89.0,64.410965,36.143375,83.0,0,,,13.0,30007.0,13
11034,56,30,26,15,1,1,1,2,2,2,31.48,71.0,54.0,32.73,66.0,55.0,30007.0,,11.0,11.0,5,2,28,0,2,56,28.0,64.75,28.6,27.0,70.59,25.9,1.0,0,0,1,0,2,64.75,28.6,28.0,70.59,25.9,27.0,0,,,11.0,30007.0,11
11034,56,30,26,15,1,1,1,2,2,2,31.48,71.0,54.0,32.73,66.0,55.0,30007.0,,11.0,11.0,5,1,28,0,2,56,27.0,67.296295,37.012962,27.0,71.41,37.06,,1,0,1,0,2,64.75,28.6,28.0,70.59,25.9,27.0,1,27.0,27.0,11.0,30007.0,11
11044,11,6,5,7,2,1,1,8,1,1,33.33,69.0,12.0,50.0,56.0,12.0,30007.0,,12.0,50.0,5,1,17,0,1,17,12.0,55.58,50.0,12.0,69.25,33.3,1.0,0,0,0,0,1,55.58,50.0,12.0,69.25,33.3,12.0,0,,,50.0,30007.0,50
11045,76,37,39,17,2,1,1,2,2,2,25.71,75.0,70.0,27.54,68.0,69.0,30007.0,,12.0,9.0,5,1,38,0,2,76,33.0,68.58,27.3,34.0,74.85,23.5,1.0,0,0,1,0,2,68.58,27.3,33.0,74.85,23.5,34.0,0,,,9.0,30007.0,9
11045,76,37,39,17,2,1,1,2,2,2,25.71,75.0,70.0,27.54,68.0,69.0,30007.0,,12.0,9.0,5,2,38,0,2,76,36.0,67.46833,27.76,36.0,75.14167,27.797222,,1,0,1,0,2,68.58,27.3,33.0,74.85,23.5,34.0,1,36.0,36.0,9.0,30007.0,9
11048,74,74,0,16,2,1,1,2,2,2,21.43,79.0,70.0,25.35,71.0,71.0,30007.0,,12.0,11.0,5,1,38,0,2,74,37.0,67.76,21.6,36.0,82.03,25.0,1.0,0,0,0,0,2,71.394646,25.33521,71.0,78.931145,21.405714,70.0,0,,,11.0,30007.0,11
11048,74,74,0,16,2,1,1,2,2,2,21.43,79.0,70.0,25.35,71.0,71.0,30007.0,,12.0,11.0,5,2,36,0,2,74,34.0,75.35,29.4,34.0,75.65,17.6,1.0,0,0,0,0,2,71.394646,25.33521,71.0,78.931145,21.405714,70.0,0,,,11.0,30007.0,11
11054,35,35,0,12,2,1,1,2,1,1,55.17,68.0,29.0,38.71,63.0,31.0,30007.0,,12.0,17.0,5,1,35,0,1,35,31.0,63.0,38.71,29.0,68.0,55.17,,1,0,1,0,1,,,,,,,1,,,17.0,30007.0,17
11058,82,38,44,19,2,1,1,2,3,3,33.82,74.0,68.0,48.57,60.0,70.0,30007.0,,12.0,13.0,5,1,25,0,3,80,21.0,62.57,42.9,21.0,72.67,23.8,1.0,0,0,0,0,3,59.68557,48.59,70.0,73.722206,33.82941,68.0,0,,,13.0,30007.0,13
11058,82,38,44,19,2,1,1,2,3,3,33.82,74.0,68.0,48.57,60.0,70.0,30007.0,,12.0,13.0,5,2,29,0,3,80,26.0,62.58,34.6,25.0,72.32,48.0,1.0,0,0,0,0,3,59.68557,48.59,70.0,73.722206,33.82941,68.0,0,,,13.0,30007.0,13
11058,82,38,44,19,2,1,1,2,3,3,33.82,74.0,68.0,48.57,60.0,70.0,30007.0,,12.0,13.0,5,3,26,0,3,80,23.0,53.78,69.6,22.0,76.32,27.3,1.0,0,0,0,0,3,59.68557,48.59,70.0,73.722206,33.82941,68.0,0,,,13.0,30007.0,13
11061,46,16,30,17,2,1,1,2,2,2,34.29,70.0,35.0,54.29,53.0,35.0,30007.0,,12.0,15.0,5,1,16,0,2,46,11.0,44.27,81.8,11.0,61.64,54.5,1.0,0,0,0,0,2,53.054,54.302856,35.0,69.944,34.271427,35.0,0,,,15.0,30007.0,15
11061,46,16,30,17,2,1,1,2,2,2,34.29,70.0,35.0,54.29,53.0,35.0,30007.0,,12.0,15.0,5,2,30,0,2,46,24.0,57.08,41.7,24.0,73.75,25.0,1.0,0,0,0,0,2,53.054,54.302856,35.0,69.944,34.271427,35.0,0,,,15.0,30007.0,15
11064,40,22,18,9,2,2,1,6,1,1,68.18,53.0,22.0,59.09,49.0,22.0,10157.0, ,12.0,25.0,5,1,40,0,1,40,22.0,48.73,59.1,22.0,52.77,68.2,1.0,0,0,0,0,1,48.73,59.1,22.0,52.77,68.2,22.0,0,,,25.0,10157.0,25
11065,20,11,9,8,2,2,1,7,1,1,11.11,74.0,18.0,16.67,68.0,18.0,10157.0, ,12.0,42.0,5,1,20,0,1,20,18.0,67.5,16.7,18.0,73.67,11.1,1.0,0,0,0,0,1,67.5,16.7,18.0,73.67,11.1,18.0,0,,,42.0,10157.0,42
11067,62,31,31,15,2,2,1,5,3,2,26.53,64.0,49.0,46.0,51.0,50.0,8094.0,,12.0,31.0,5,1,22,0,2,51,21.0,47.71,42.9,21.0,61.0,19.0,1.0,0,0,0,0,2,49.828724,46.82766,47.0,63.9983,25.52766,47.0,0,,,31.0,8094.0,31
11067,62,31,31,15,2,2,1,5,3,2,26.53,64.0,49.0,46.0,51.0,50.0,8094.0,,12.0,31.0,5,2,29,0,2,51,26.0,51.54,50.0,26.0,66.42,30.8,1.0,0,0,0,0,2,49.828724,46.82766,47.0,63.9983,25.52766,47.0,0,,,31.0,8094.0,31
11072,41,25,16,12,2,2,1,5,2,2,25.64,72.0,39.0,28.21,65.0,39.0,7963.0,,12.0,25.0,5,1,21,0,2,41,19.0,68.89,15.8,19.0,71.84,15.8,1.0,0,0,1,0,2,68.89,15.8,19.0,71.84,15.8,19.0,0,,,25.0,7963.0,25
11072,41,25,16,12,2,2,1,5,2,2,25.64,72.0,39.0,28.21,65.0,39.0,7963.0,,12.0,25.0,5,2,20,0,2,41,20.0,61.3045,39.9995,20.0,72.152,34.988,,1,0,1,0,2,68.89,15.8,19.0,71.84,15.8,19.0,1,20.0,20.0,25.0,7963.0,25
11073,60,30,30,19,1,1,1,1,2,2,13.46,79.0,52.0,18.87,69.0,53.0,5678.0,,11.0,7.0,5,1,30,0,2,60,28.0,72.36,10.7,27.0,84.93,3.7,1.0,0,0,0,0,2,69.114716,18.860378,53.0,79.09827,13.459616,52.0,0,,,7.0,5678.0,7
11073,60,30,30,19,1,1,1,1,2,2,13.46,79.0,52.0,18.87,69.0,53.0,5678.0,,11.0,7.0,5,2,30,0,2,60,25.0,65.48,28.0,25.0,72.8,24.0,1.0,0,0,0,0,2,69.114716,18.860378,53.0,79.09827,13.459616,52.0,0,,,7.0,5678.0,7
11106,58,26,32,14,1,1,1,1,2,2,16.22,83.0,37.0,5.41,78.0,37.0,30007.0,,11.0,3.0,5,2,29,0,2,58,20.0,77.6,10.0,20.0,80.1,25.0,1.0,0,0,1,0,2,77.6,10.0,20.0,80.1,25.0,20.0,0,,,3.0,30007.0,3
11106,58,26,32,14,1,1,1,1,2,2,16.22,83.0,37.0,5.41,78.0,37.0,30007.0,,11.0,3.0,5,1,29,0,2,58,17.0,78.47059,0.01,17.0,86.411766,5.8905883,,1,0,1,0,2,77.6,10.0,20.0,80.1,25.0,20.0,1,17.0,17.0,3.0,30007.0,3
11108,12,7,5,6,2,2,1,8,1,1,,,,,,,,,,,5,1,12,0,1,12,12.0,48.75,66.7,11.0,57.09,45.5,1.0,0,1,0,1,1,48.75,66.7,12.0,57.09,45.5,11.0,0,,,54.0,26104.0,54
11109,119,69,50,25,1,2,1,1,5,4,16.04,77.0,106.0,17.92,66.0,106.0,10561.0," ""- ",11.0,5.0,5,1,24,0,4,108,23.0,64.13,17.4,23.0,72.09,26.1,1.0,0,0,0,0,4,66.32953,17.933962,106.0,77.028206,16.040565,106.0,0,,,5.0,10561.0,5
11109,119,69,50,25,1,2,1,1,5,4,16.04,77.0,106.0,17.92,66.0,106.0,10561.0," ""- ",11.0,5.0,5,2,26,0,4,108,25.0,70.52,16.0,25.0,82.52,12.0,1.0,0,0,0,0,4,66.32953,17.933962,106.0,77.028206,16.040565,106.0,0,,,5.0,10561.0,5
11109,119,69,50,25,1,2,1,1,5,4,16.04,77.0,106.0,17.92,66.0,106.0,10561.0," ""- ",11.0,5.0,5,3,32,0,4,108,32.0,67.09,18.8,32.0,81.25,9.4,1.0,0,0,0,0,4,66.32953,17.933962,106.0,77.028206,16.040565,106.0,0,,,5.0,10561.0,5
11109,119,69,50,25,1,2,1,1,5,4,16.04,77.0,106.0,17.92,66.0,106.0,10561.0," ""- ",11.0,5.0,5,4,26,0,4,108,26.0,63.31,19.2,26.0,70.92,19.2,1.0,0,0,0,0,4,66.32953,17.933962,106.0,77.028206,16.040565,106.0,0,,,5.0,10561.0,5
11111,106,53,53,22,1,1,1,2,4,3,27.38,75.0,84.0,36.05,61.0,86.0,30007.0,,11.0,5.0,5,1,33,0,3,94,29.0,63.86,24.1,29.0,74.79,24.1,1.0,0,0,0,0,3,60.927673,36.03023,86.0,74.88084,27.383333,84.0,0,,,5.0,30007.0,5
11111,106,53,53,22,1,1,1,2,4,3,27.38,75.0,84.0,36.05,61.0,86.0,30007.0,,11.0,5.0,5,2,30,0,3,94,27.0,56.22,48.1,26.0,72.73,38.5,1.0,0,0,0,0,3,60.927673,36.03023,86.0,74.88084,27.383333,84.0,0,,,5.0,30007.0,5
11111,106,53,53,22,1,1,1,2,4,3,27.38,75.0,84.0,36.05,61.0,86.0,30007.0,,11.0,5.0,5,3,31,0,3,94,30.0,62.33,36.7,29.0,76.9,20.7,1.0,0,0,0,0,3,60.927673,36.03023,86.0,74.88084,27.383333,84.0,0,,,5.0,30007.0,5
11115,57,30,27,17,2,1,1,2,2,2,22.22,75.0,54.0,52.63,60.0,57.0,30007.0,,12.0,11.0,5,1,30,0,2,57,32.0,58.44,56.3,30.0,76.53,26.7,1.0,0,0,1,0,2,58.44,56.3,32.0,76.53,26.7,30.0,0,,,11.0,30007.0,11
11115,57,30,27,17,2,1,1,2,2,2,22.22,75.0,54.0,52.63,60.0,57.0,30007.0,,12.0,11.0,5,2,27,0,2,57,25.0,61.9968,47.9324,24.0,73.0875,16.62,,1,0,1,0,2,58.44,56.3,32.0,76.53,26.7,30.0,1,24.0,25.0,11.0,30007.0,11
11117,66,44,22,18,1,2,1,6,3,2,29.09,65.0,55.0,35.09,60.0,57.0,26104.0, ,11.0,31.0,5,1,28,0,2,55,27.0,62.59,22.2,26.0,67.46,23.1,1.0,0,0,0,0,2,59.979473,35.094738,57.0,64.92909,29.110909,55.0,0,,,31.0,26104.0,31
11117,66,44,22,18,1,2,1,6,3,2,29.09,65.0,55.0,35.09,60.0,57.0,26104.0, ,11.0,31.0,5,2,27,0,2,55,30.0,57.63,46.7,29.0,62.66,34.5,1.0,0,0,0,0,2,59.979473,35.094738,57.0,64.92909,29.110909,55.0,0,,,31.0,26104.0,31
11119,83,24,59,21,2,2,1,3,3,3,21.79,76.0,78.0,51.28,56.0,78.0,36111.0, ,12.0,21.0,5,1,29,0,3,83,28.0,48.07,78.6,28.0,75.68,21.4,1.0,0,0,0,0,3,55.533638,51.954544,77.0,76.259094,22.063637,77.0,0,,,21.0,36111.0,21
11119,83,24,59,21,2,2,1,3,3,3,21.79,76.0,78.0,51.28,56.0,78.0,36111.0, ,12.0,21.0,5,2,24,0,3,83,21.0,55.81,42.9,21.0,69.43,42.9,1.0,0,0,0,0,3,55.533638,51.954544,77.0,76.259094,22.063637,77.0,0,,,21.0,36111.0,21
11119,83,24,59,21,2,2,1,3,3,3,21.79,76.0,78.0,51.28,56.0,78.0,36111.0, ,12.0,21.0,5,3,30,0,3,83,28.0,62.79,32.1,28.0,81.96,7.1,1.0,0,0,0,0,3,55.533638,51.954544,77.0,76.259094,22.063637,77.0,0,,,21.0,36111.0,21
11120,106,56,50,19,1,1,1,2,3,3,35.11,72.0,94.0,38.14,56.0,97.0,30007.0,,11.0,2.0,5,2,35,0,3,106,33.0,54.39,39.4,34.0,71.76,29.4,1.0,0,0,1,0,3,54.92,37.9,66.0,70.52,33.835384,65.0,0,,,2.0,30007.0,2
11120,106,56,50,19,1,1,1,2,3,3,35.11,72.0,94.0,38.14,56.0,97.0,30007.0,,11.0,2.0,5,3,35,0,3,106,33.0,55.45,36.4,31.0,69.16,38.7,1.0,0,0,1,0,3,54.92,37.9,66.0,70.52,33.835384,65.0,0,,,2.0,30007.0,2
11120,106,56,50,19,1,1,1,2,3,3,35.11,72.0,94.0,38.14,56.0,97.0,30007.0,,11.0,2.0,5,1,36,0,3,106,31.0,58.299355,38.650967,29.0,75.31724,37.966896,,1,0,1,0,3,54.92,37.9,66.0,70.52,33.835384,65.0,1,29.0,31.0,2.0,30007.0,2
11126,47,0,47,11,2,3,1,2,2,2,43.48,66.0,46.0,58.7,55.0,46.0,30007.0,,12.0,16.0,5,1,22,0,2,47,23.0,53.91,43.5,23.0,66.48,43.5,1.0,0,0,0,0,2,54.435,58.7,46.0,66.455,43.5,46.0,0,,,16.0,30007.0,16
11126,47,0,47,11,2,3,1,2,2,2,43.48,66.0,46.0,58.7,55.0,46.0,30007.0,,12.0,16.0,5,2,25,0,2,47,23.0,54.96,73.9,23.0,66.43,43.5,1.0,0,0,0,0,2,54.435,58.7,46.0,66.455,43.5,46.0,0,,,16.0,30007.0,16
11127,29,12,17,9,1,1,1,2,1,1,23.33,78.0,30.0,37.5,63.0,32.0,30007.0,,11.0,6.0,5,1,29,0,1,29,32.0,62.78,37.5,30.0,78.03,23.3,1.0,0,0,0,0,1,62.78,37.5,32.0,78.03,23.3,30.0,0,,,6.0,30007.0,6
11128,79,36,43,20,2,1,1,2,3,3,11.84,79.0,76.0,16.88,77.0,77.0,30007.0,,12.0,12.0,5,1,22,0,3,79,23.0,81.43,13.0,22.0,79.09,13.6,1.0,0,0,0,0,3,76.85416,16.875324,77.0,79.067635,11.813158,76.0,0,,,12.0,30007.0,12
11128,79,36,43,20,2,1,1,2,3,3,11.84,79.0,76.0,16.88,77.0,77.0,30007.0,,12.0,12.0,5,2,31,0,3,79,28.0,74.39,17.9,28.0,78.11,10.7,1.0,0,0,0,0,3,76.85416,16.875324,77.0,79.067635,11.813158,76.0,0,,,12.0,30007.0,12
11128,79,36,43,20,2,1,1,2,3,3,11.84,79.0,76.0,16.88,77.0,77.0,30007.0,,12.0,12.0,5,3,26,0,3,79,26.0,75.46,19.2,26.0,80.08,11.5,1.0,0,0,0,0,3,76.85416,16.875324,77.0,79.067635,11.813158,76.0,0,,,12.0,30007.0,12
11132,106,55,51,29,2,2,1,1,4,3,26.37,75.0,91.0,49.45,61.0,91.0,36046.0, ,12.0,9.0,5,1,35,0,3,98,33.0,61.15,51.5,33.0,75.79,24.2,1.0,0,0,0,0,3,61.296593,49.42857,91.0,75.46176,26.335165,91.0,0,,,9.0,36046.0,9
11132,106,55,51,29,2,2,1,1,4,3,26.37,75.0,91.0,49.45,61.0,91.0,36046.0, ,12.0,9.0,5,2,32,0,3,98,29.0,66.55,37.9,29.0,76.1,24.1,1.0,0,0,0,0,3,61.296593,49.42857,91.0,75.46176,26.335165,91.0,0,,,9.0,36046.0,9
11132,106,55,51,29,2,2,1,1,4,3,26.37,75.0,91.0,49.45,61.0,91.0,36046.0, ,12.0,9.0,5,3,31,0,3,98,29.0,56.21,58.6,29.0,74.45,31.0,1.0,0,0,0,0,3,61.296593,49.42857,91.0,75.46176,26.335165,91.0,0,,,9.0,36046.0,9
11133,29,17,12,9,2,1,1,2,1,1,7.14,80.0,28.0,28.57,72.0,28.0,30007.0,,12.0,7.0,5,1,29,0,1,29,28.0,72.0,28.57,28.0,80.0,7.14,,1,0,1,0,1,,,,,,,1,,,7.0,30007.0,7
11134,60,28,32,11,1,1,1,1,2,2,14.29,84.0,56.0,31.58,70.0,57.0,30007.0,,11.0,2.0,5,1,28,0,2,60,27.0,69.74,25.9,26.0,84.65,19.2,1.0,0,0,0,0,2,69.771576,31.584211,57.0,83.72857,14.271428,56.0,0,,,2.0,30007.0,2
11134,60,28,32,11,1,1,1,1,2,2,14.29,84.0,56.0,31.58,70.0,57.0,30007.0,,11.0,2.0,5,2,32,0,2,60,30.0,69.8,36.7,30.0,82.93,10.0,1.0,0,0,0,0,2,69.771576,31.584211,57.0,83.72857,14.271428,56.0,0,,,2.0,30007.0,2
11135,65,26,39,13,1,1,1,1,2,2,18.64,80.0,59.0,13.79,76.0,58.0,30007.0,,11.0,4.0,5,2,33,0,2,65,29.0,79.86,10.3,30.0,80.5,10.0,1.0,0,0,1,0,2,79.86,10.3,29.0,80.5,10.0,30.0,0,,,4.0,30007.0,4
11135,65,26,39,13,1,1,1,1,2,2,18.64,80.0,59.0,13.79,76.0,58.0,30007.0,,11.0,4.0,5,1,32,0,2,65,29.0,72.14,17.28,29.0,79.48276,27.57793,,1,0,1,0,2,79.86,10.3,29.0,80.5,10.0,30.0,1,29.0,29.0,4.0,30007.0,4
11144,80,38,42,19,1,1,1,2,3,3,33.78,66.0,74.0,32.0,59.0,75.0,30007.0,,11.0,10.0,5,1,27,0,3,80,26.0,56.12,42.3,26.0,66.08,30.8,1.0,0,0,0,0,3,59.402134,31.986666,75.0,66.203514,33.785133,74.0,0,,,10.0,30007.0,10
11144,80,38,42,19,1,1,1,2,3,3,33.78,66.0,74.0,32.0,59.0,75.0,30007.0,,11.0,10.0,5,2,26,0,3,80,25.0,60.36,32.0,25.0,69.96,32.0,1.0,0,0,0,0,3,59.402134,31.986666,75.0,66.203514,33.785133,74.0,0,,,10.0,30007.0,10
11144,80,38,42,19,1,1,1,2,3,3,33.78,66.0,74.0,32.0,59.0,75.0,30007.0,,11.0,10.0,5,3,27,0,3,80,24.0,61.96,20.8,23.0,62.26,39.1,1.0,0,0,0,0,3,59.402134,31.986666,75.0,66.203514,33.785133,74.0,0,,,10.0,30007.0,10
11150,101,48,53,17,1,1,1,2,3,3,27.66,72.0,94.0,21.88,69.0,96.0,30007.0,,11.0,2.0,5,1,34,0,3,101,31.0,72.61,16.1,31.0,73.97,32.3,1.0,0,0,0,0,3,69.06281,21.853125,96.0,71.989365,27.671276,94.0,0,,,2.0,30007.0,2
11150,101,48,53,17,1,1,1,2,3,3,27.66,72.0,94.0,21.88,69.0,96.0,30007.0,,11.0,2.0,5,2,33,0,3,101,31.0,66.1,25.8,31.0,70.71,29.0,1.0,0,0,0,0,3,69.06281,21.853125,96.0,71.989365,27.671276,94.0,0,,,2.0,30007.0,2
11150,101,48,53,17,1,1,1,2,3,3,27.66,72.0,94.0,21.88,69.0,96.0,30007.0,,11.0,2.0,5,3,34,0,3,101,34.0,68.53,23.5,32.0,71.31,21.9,1.0,0,0,0,0,3,69.06281,21.853125,96.0,71.989365,27.671276,94.0,0,,,2.0,30007.0,2
11151,42,20,22,13,2,1,1,5,2,2,61.11,61.0,36.0,64.86,49.0,37.0,30007.0,,12.0,42.0,5,2,22,0,2,42,19.0,48.95,63.2,18.0,69.28,50.0,1.0,0,0,1,0,2,48.95,63.2,19.0,69.28,50.0,18.0,0,,,42.0,30007.0,42
11151,42,20,22,13,2,1,1,5,2,2,61.11,61.0,36.0,64.86,49.0,37.0,30007.0,,12.0,42.0,5,1,20,0,2,42,18.0,49.052776,66.61222,18.0,52.72,72.22,,1,0,1,0,2,48.95,63.2,19.0,69.28,50.0,18.0,1,18.0,18.0,42.0,30007.0,42
11152,68,45,23,16,1,1,1,1,2,2,21.31,77.0,61.0,16.39,74.0,61.0,30007.0,,11.0,5.0,5,1,34,0,2,68,31.0,73.06,16.1,31.0,74.1,22.6,1.0,0,0,0,0,2,74.26,16.395082,61.0,76.77049,21.321312,61.0,0,,,5.0,30007.0,5
11152,68,45,23,16,1,1,1,1,2,2,21.31,77.0,61.0,16.39,74.0,61.0,30007.0,,11.0,5.0,5,2,34,0,2,68,30.0,75.5,16.7,30.0,79.53,20.0,1.0,0,0,0,0,2,74.26,16.395082,61.0,76.77049,21.321312,61.0,0,,,5.0,30007.0,5
11159,50,24,26,17,2,1,1,3,2,2,26.19,75.0,42.0,46.34,66.0,41.0,30007.0,,12.0,17.0,5,1,26,0,2,50,18.0,74.56,33.3,18.0,80.78,11.1,1.0,0,0,0,0,2,65.735855,46.314632,41.0,74.74,26.185715,42.0,0,,,17.0,30007.0,17
11159,50,24,26,17,2,1,1,3,2,2,26.19,75.0,42.0,46.34,66.0,41.0,30007.0,,12.0,17.0,5,2,24,0,2,50,23.0,58.83,56.5,24.0,70.21,37.5,1.0,0,0,0,0,2,65.735855,46.314632,41.0,74.74,26.185715,42.0,0,,,17.0,30007.0,17
11161,40,18,22,15,2,1,1,2,2,2,26.32,75.0,38.0,33.33,62.0,39.0,30007.0,,12.0,19.0,5,1,18,0,2,40,18.0,61.83,27.8,17.0,77.29,23.5,1.0,0,0,1,0,2,61.83,27.8,18.0,77.29,23.5,17.0,0,,,19.0,30007.0,19
11161,40,18,22,15,2,1,1,2,2,2,26.32,75.0,38.0,33.33,62.0,39.0,30007.0,,12.0,19.0,5,2,22,0,2,40,21.0,62.145714,38.07,21.0,73.14619,28.602858,,1,0,1,0,2,61.83,27.8,18.0,77.29,23.5,17.0,1,21.0,21.0,19.0,30007.0,19
11165,21,15,6,7,1,1,1,1,1,1,33.33,78.0,18.0,5.56,78.0,18.0,30007.0,,11.0,1.0,5,1,21,0,1,21,18.0,78.17,5.6,18.0,77.67,33.3,1.0,0,0,0,0,1,78.17,5.6,18.0,77.67,33.3,18.0,0,,,1.0,30007.0,1
11168,24,15,9,5,1,1,1,2,1,1,26.09,73.0,23.0,43.48,59.0,23.0,30007.0,,11.0,5.0,5,1,24,0,1,24,23.0,58.48,43.5,23.0,73.26,26.1,1.0,0,0,0,0,1,58.48,43.5,23.0,73.26,26.1,23.0,0,,,5.0,30007.0,5
11170,67,43,24,12,2,2,1,1,2,2,17.74,83.0,62.0,17.74,74.0,62.0,36178.0,,12.0,2.0,5,1,43,0,2,67,16.0,74.25,18.8,16.0,85.19,12.5,1.0,0,0,0,0,2,76.17846,12.84359,39.0,85.72077,15.389744,39.0,0,,,2.0,36178.0,2
11170,67,43,24,12,2,2,1,1,2,2,17.74,83.0,62.0,17.74,74.0,62.0,36178.0,,12.0,2.0,5,2,24,0,2,67,23.0,77.52,8.7,23.0,86.09,17.4,1.0,0,0,0,0,2,76.17846,12.84359,39.0,85.72077,15.389744,39.0,0,,,2.0,36178.0,2
11171,74,33,41,23,2,2,1,2,2,2,25.71,73.0,70.0,28.57,66.0,70.0,36160.0, ,12.0,8.0,5,1,33,0,2,74,29.0,70.66,20.7,29.0,77.48,24.1,1.0,0,0,0,0,2,66.46043,28.54857,70.0,73.011,25.681429,70.0,0,,,8.0,36160.0,8
11171,74,33,41,23,2,2,1,2,2,2,25.71,73.0,70.0,28.57,66.0,70.0,36160.0, ,12.0,8.0,5,2,41,0,2,74,41.0,63.49,34.1,41.0,69.85,26.8,1.0,0,0,0,0,2,66.46043,28.54857,70.0,73.011,25.681429,70.0,0,,,8.0,36160.0,8
11172,13,6,7,6,2,2,1,2,1,1,9.09,86.0,11.0,9.09,81.0,11.0,35758.0, ,12.0,7.0,5,1,13,0,1,13,11.0,81.27,9.1,11.0,86.0,9.1,1.0,0,0,0,0,1,81.27,9.1,11.0,86.0,9.1,11.0,0,,,7.0,35758.0,7
11181,64,30,34,16,1,1,1,3,2,2,26.79,72.0,56.0,23.21,64.0,56.0,30007.0,,11.0,8.0,5,1,32,0,2,64,28.0,68.32,21.4,28.0,71.96,28.6,1.0,0,0,0,0,2,63.98,23.2,56.0,72.375,26.8,56.0,0,,,8.0,30007.0,8
11181,64,30,34,16,1,1,1,3,2,2,26.79,72.0,56.0,23.21,64.0,56.0,30007.0,,11.0,8.0,5,2,32,0,2,64,28.0,59.64,25.0,28.0,72.79,25.0,1.0,0,0,0,0,2,63.98,23.2,56.0,72.375,26.8,56.0,0,,,8.0,30007.0,8
11182,46,23,23,16,2,1,1,3,2,2,18.18,81.0,44.0,18.18,72.0,44.0,30007.0,,12.0,9.0,5,1,23,0,2,46,23.0,69.35,21.7,23.0,79.39,26.1,1.0,0,0,1,0,2,69.35,21.7,23.0,79.39,26.1,23.0,0,,,9.0,30007.0,9
11182,46,23,23,16,2,1,1,3,2,2,18.18,81.0,44.0,18.18,72.0,44.0,30007.0,,12.0,9.0,5,2,23,0,2,46,21.0,74.90238,14.324762,21.0,82.763336,9.505714,,1,0,1,0,2,69.35,21.7,23.0,79.39,26.1,23.0,1,21.0,21.0,9.0,30007.0,9
11183,79,40,39,13,1,1,1,1,2,2,20.27,77.0,74.0,16.22,66.0,74.0,30007.0,,11.0,1.0,5,1,39,0,2,79,36.0,64.06,19.4,36.0,78.25,16.7,1.0,0,0,0,0,2,66.19108,16.216217,74.0,77.28459,20.294594,74.0,0,,,1.0,30007.0,1
11183,79,40,39,13,1,1,1,1,2,2,20.27,77.0,74.0,16.22,66.0,74.0,30007.0,,11.0,1.0,5,2,40,0,2,79,38.0,68.21,13.2,38.0,76.37,23.7,1.0,0,0,0,0,2,66.19108,16.216217,74.0,77.28459,20.294594,74.0,0,,,1.0,30007.0,1
11184,81,43,38,16,2,2,1,1,2,2,12.16,80.0,74.0,17.57,76.0,74.0,35741.0, ,12.0,5.0,5,1,41,0,2,81,35.0,74.71,14.3,35.0,78.89,11.4,1.0,0,0,0,0,2,75.79,16.983019,53.0,80.24849,7.5283017,53.0,0,,,5.0,35741.0,5
11184,81,43,38,16,2,2,1,1,2,2,12.16,80.0,74.0,17.57,76.0,74.0,35741.0, ,12.0,5.0,5,2,40,0,2,81,18.0,77.89,22.2,18.0,82.89,0.0,1.0,0,0,0,0,2,75.79,16.983019,53.0,80.24849,7.5283017,53.0,0,,,5.0,35741.0,5
11187,115,58,57,25,1,1,1,1,3,3,16.0,78.0,100.0,21.0,74.0,100.0,30007.0,,11.0,4.0,5,1,37,0,3,116,36.0,67.83,38.9,36.0,74.89,13.9,1.0,0,0,0,0,3,74.3001,20.607216,97.0,78.15526,15.457732,97.0,0,,,4.0,30007.0,4
11187,115,58,57,25,1,1,1,1,3,3,16.0,78.0,100.0,21.0,74.0,100.0,30007.0,,11.0,4.0,5,2,39,0,3,116,35.0,73.69,17.1,35.0,79.2,20.0,1.0,0,0,0,0,3,74.3001,20.607216,97.0,78.15526,15.457732,97.0,0,,,4.0,30007.0,4
11187,115,58,57,25,1,1,1,1,3,3,16.0,78.0,100.0,21.0,74.0,100.0,30007.0,,11.0,4.0,5,3,40,0,3,116,26.0,84.08,0.0,26.0,81.27,11.5,1.0,0,0,0,0,3,74.3001,20.607216,97.0,78.15526,15.457732,97.0,0,,,4.0,30007.0,4
11188,60,26,34,12,1,1,1,1,2,2,41.51,63.0,53.0,66.04,43.0,53.0,30007.0,,11.0,12.0,5,2,25,0,2,55,24.0,47.33,58.3,24.0,70.67,33.3,1.0,0,0,1,0,2,47.33,58.3,24.0,70.67,33.3,24.0,0,,,12.0,30007.0,12
11188,60,26,34,12,1,1,1,1,2,2,41.51,63.0,53.0,66.04,43.0,53.0,30007.0,,11.0,12.0,5,1,30,0,2,55,29.0,39.416553,72.44552,29.0,56.652412,48.30448,,1,0,1,0,2,47.33,58.3,24.0,70.67,33.3,24.0,1,29.0,29.0,12.0,30007.0,12
11189,32,0,32,10,2,1,1,3,1,1,25.81,77.0,31.0,9.38,81.0,32.0,30007.0,,12.0,11.0,5,1,32,0,1,32,32.0,81.22,9.4,31.0,77.1,25.8,1.0,0,0,0,0,1,81.22,9.4,32.0,77.1,25.8,31.0,0,,,11.0,30007.0,11
11190,81,42,39,17,1,1,1,1,3,3,29.33,73.0,75.0,24.05,68.0,79.0,30007.0,,11.0,5.0,5,2,27,0,3,81,26.0,63.15,26.9,26.0,69.96,26.9,1.0,0,0,1,0,3,65.515,25.0,52.0,73.4016,23.972,50.0,0,,,5.0,30007.0,5
11190,81,42,39,17,1,1,1,1,3,3,29.33,73.0,75.0,24.05,68.0,79.0,30007.0,,11.0,5.0,5,3,27,0,3,81,26.0,67.88,23.1,24.0,77.13,20.8,1.0,0,0,1,0,3,65.515,25.0,52.0,73.4016,23.972,50.0,0,,,5.0,30007.0,5
11190,81,42,39,17,1,1,1,1,3,3,29.33,73.0,75.0,24.05,68.0,79.0,30007.0,,11.0,5.0,5,1,27,0,3,81,27.0,72.78593,22.220371,25.0,72.1968,40.046,,1,0,1,0,3,65.515,25.0,52.0,73.4016,23.972,50.0,1,25.0,27.0,5.0,30007.0,5
11196,28,22,6,6,2,2,1,1,1,1,25.93,81.0,27.0,7.41,73.0,27.0,35733.0,,12.0,0.0,5,1,28,0,1,28,27.0,73.22,7.4,27.0,81.26,25.9,1.0,0,0,0,0,1,73.22,7.4,27.0,81.26,25.9,27.0,0,,,0.0,35733.0,0
11201,99,50,49,18,1,1,1,1,3,3,15.12,79.0,86.0,8.89,70.0,90.0,30007.0,,11.0,3.0,5,1,35,0,3,99,32.0,67.38,12.5,29.0,78.24,10.3,1.0,0,0,0,0,3,70.104225,8.886666,90.0,78.95023,15.1093025,86.0,0,,,3.0,30007.0,3
11201,99,50,49,18,1,1,1,1,3,3,15.12,79.0,86.0,8.89,70.0,90.0,30007.0,,11.0,3.0,5,2,30,0,3,99,28.0,72.29,7.1,28.0,80.96,14.3,1.0,0,0,0,0,3,70.104225,8.886666,90.0,78.95023,15.1093025,86.0,0,,,3.0,30007.0,3
11201,99,50,49,18,1,1,1,1,3,3,15.12,79.0,86.0,8.89,70.0,90.0,30007.0,,11.0,3.0,5,3,34,0,3,99,30.0,70.97,6.7,29.0,77.72,20.7,1.0,0,0,0,0,3,70.104225,8.886666,90.0,78.95023,15.1093025,86.0,0,,,3.0,30007.0,3
11203,23,13,10,8,1,1,1,,1,1,4.76,82.0,21.0,23.81,67.0,21.0,2865.0, ,11.0,0.0,5,1,23,0,1,23,21.0,66.76,23.8,21.0,82.24,4.8,1.0,0,0,0,0,1,66.76,23.8,21.0,82.24,4.8,21.0,0,,,0.0,2865.0,0
11205,20,11,9,8,2,2,1,0,1,1,10.53,78.0,19.0,25.0,70.0,20.0,36384.0, ,12.0,3.0,5,1,20,0,1,20,20.0,70.0,25.0,19.0,78.0,10.53,,1,0,1,0,1,,,,,,,1,,,3.0,36384.0,3
11207,75,43,32,15,1,1,1,2,3,3,24.32,69.0,74.0,24.32,66.0,74.0,26104.0, ,11.0,10.0,5,1,25,0,3,75,23.0,61.61,34.8,23.0,64.48,34.8,1.0,0,0,0,0,3,66.35122,24.318918,74.0,69.35108,24.335135,74.0,0,,,10.0,26104.0,10
11207,75,43,32,15,1,1,1,2,3,3,24.32,69.0,74.0,24.32,66.0,74.0,26104.0, ,11.0,10.0,5,2,27,0,3,75,26.0,66.96,19.2,26.0,68.19,15.4,1.0,0,0,0,0,3,66.35122,24.318918,74.0,69.35108,24.335135,74.0,0,,,10.0,26104.0,10
11207,75,43,32,15,1,1,1,2,3,3,24.32,69.0,74.0,24.32,66.0,74.0,26104.0, ,11.0,10.0,5,3,23,0,3,75,25.0,70.08,20.0,25.0,75.04,24.0,1.0,0,0,0,0,3,66.35122,24.318918,74.0,69.35108,24.335135,74.0,0,,,10.0,26104.0,10
11209,33,21,12,10,1,2,1,0,1,1,34.38,76.0,32.0,34.38,59.0,32.0,36525.0, ,11.0,0.0,5,1,33,0,1,33,32.0,59.41,34.4,32.0,76.16,34.4,1.0,0,0,0,0,1,59.41,34.4,32.0,76.16,34.4,32.0,0,,,0.0,36525.0,0
11212,32,20,12,9,2,2,1,0,1,1,10.34,83.0,29.0,13.79,78.0,29.0,36418.0,,12.0,2.0,5,1,32,0,1,32,29.0,78.03,13.8,29.0,82.59,10.3,1.0,0,0,0,0,1,78.03,13.8,29.0,82.59,10.3,29.0,0,,,2.0,36418.0,2
11213,101,46,55,18,1,1,1,1,3,3,17.0,78.0,100.0,15.0,72.0,100.0,30007.0,,11.0,7.0,5,2,36,0,3,101,36.0,75.14,13.9,36.0,76.83,19.4,1.0,0,0,1,0,3,72.49343,14.917911,67.0,76.11746,22.361195,67.0,0,,,7.0,30007.0,7
11213,101,46,55,18,1,1,1,1,3,3,17.0,78.0,100.0,15.0,72.0,100.0,30007.0,,11.0,7.0,5,3,32,0,3,101,31.0,69.42,16.1,31.0,75.29,25.8,1.0,0,0,1,0,3,72.49343,14.917911,67.0,76.11746,22.361195,67.0,0,,,7.0,30007.0,7
11213,101,46,55,18,1,1,1,1,3,3,17.0,78.0,100.0,15.0,72.0,100.0,30007.0,,11.0,7.0,5,1,33,0,3,101,33.0,70.998184,15.166667,33.0,81.82212,6.1151514,,1,0,1,0,3,72.49343,14.917911,67.0,76.11746,22.361195,67.0,1,33.0,33.0,7.0,30007.0,7
11217,102,53,49,23,1,2,1,1,3,3,28.57,70.0,105.0,29.52,62.0,105.0,36160.0, ,11.0,5.0,5,1,31,0,3,102,34.0,55.09,47.1,34.0,67.56,26.5,1.0,0,0,0,0,3,61.67781,29.54381,105.0,69.82962,28.564762,105.0,0,,,5.0,36160.0,5
11217,102,53,49,23,1,2,1,1,3,3,28.57,70.0,105.0,29.52,62.0,105.0,36160.0, ,11.0,5.0,5,2,35,0,3,102,35.0,65.37,25.7,35.0,71.17,25.7,1.0,0,0,0,0,3,61.67781,29.54381,105.0,69.82962,28.564762,105.0,0,,,5.0,36160.0,5
11217,102,53,49,23,1,2,1,1,3,3,28.57,70.0,105.0,29.52,62.0,105.0,36160.0, ,11.0,5.0,5,3,36,0,3,102,36.0,64.31,16.7,36.0,70.67,33.3,1.0,0,0,0,0,3,61.67781,29.54381,105.0,69.82962,28.564762,105.0,0,,,5.0,36160.0,5
11218,107,53,54,19,1,1,1,2,4,3,21.11,72.0,90.0,14.13,69.0,92.0,30007.0,,11.0,6.0,5,2,32,0,3,95,30.0,73.93,6.7,30.0,77.53,13.3,1.0,0,0,1,0,3,70.85,11.7,60.0,72.05,25.0,60.0,0,,,6.0,30007.0,6
11218,107,53,54,19,1,1,1,2,4,3,21.11,72.0,90.0,14.13,69.0,92.0,30007.0,,11.0,6.0,5,3,31,0,3,95,30.0,67.77,16.7,30.0,66.57,36.7,1.0,0,0,1,0,3,70.85,11.7,60.0,72.05,25.0,60.0,0,,,6.0,30007.0,6
11218,107,53,54,19,1,1,1,2,4,3,21.11,72.0,90.0,14.13,69.0,92.0,30007.0,,11.0,6.0,5,1,32,0,3,95,32.0,65.53125,18.68625,30.0,71.9,13.33,,1,0,1,0,3,70.85,11.7,60.0,72.05,25.0,60.0,1,30.0,32.0,6.0,30007.0,6
11219,22,17,5,6,1,2,1,0,1,1,0.0,79.0,8.0,12.5,80.0,8.0,36558.0,"""",11.0,3.0,5,1,22,0,1,22,8.0,80.25,12.5,8.0,79.0,0.0,1.0,0,0,0,0,1,80.25,12.5,8.0,79.0,0.0,8.0,0,,,3.0,36558.0,3
11220,138,81,57,24,1,1,1,1,4,4,17.89,81.0,123.0,16.0,73.0,125.0,30007.0,,11.0,4.0,5,1,36,0,4,138,32.0,65.25,21.9,31.0,75.81,22.6,1.0,0,0,0,0,4,73.3944,15.9904,125.0,80.66691,17.876423,123.0,0,,,4.0,30007.0,4
11220,138,81,57,24,1,1,1,1,4,4,17.89,81.0,123.0,16.0,73.0,125.0,30007.0,,11.0,4.0,5,2,34,0,4,138,30.0,75.87,13.3,30.0,79.23,13.3,1.0,0,0,0,0,4,73.3944,15.9904,125.0,80.66691,17.876423,123.0,0,,,4.0,30007.0,4
11220,138,81,57,24,1,1,1,1,4,4,17.89,81.0,123.0,16.0,73.0,125.0,30007.0,,11.0,4.0,5,3,34,0,4,138,31.0,72.68,25.8,30.0,84.57,20.0,1.0,0,0,0,0,4,73.3944,15.9904,125.0,80.66691,17.876423,123.0,0,,,4.0,30007.0,4
11220,138,81,57,24,1,1,1,1,4,4,17.89,81.0,123.0,16.0,73.0,125.0,30007.0,,11.0,4.0,5,4,34,0,4,138,32.0,79.91,3.1,32.0,83.06,15.6,1.0,0,0,0,0,4,73.3944,15.9904,125.0,80.66691,17.876423,123.0,0,,,4.0,30007.0,4
11221,94,56,38,19,2,1,1,2,2,2,20.48,78.0,83.0,17.86,75.0,84.0,30007.0,,12.0,11.0,5,1,38,0,2,84,38.0,71.37,15.8,38.0,79.66,21.1,1.0,0,0,0,0,2,74.05082,16.403278,61.0,79.14722,16.424591,61.0,0,,,11.0,30007.0,11
11221,94,56,38,19,2,1,1,2,2,2,20.48,78.0,83.0,17.86,75.0,84.0,30007.0,,12.0,11.0,5,2,46,0,2,84,23.0,78.48,17.4,23.0,78.3,8.7,1.0,0,0,0,0,2,74.05082,16.403278,61.0,79.14722,16.424591,61.0,0,,,11.0,30007.0,11
11222,75,29,46,20,2,1,1,,3,3,21.74,75.0,69.0,25.71,67.0,70.0,30007.0,,12.0,3.0,5,1,26,0,3,75,24.0,67.71,29.2,24.0,79.42,8.3,1.0,0,0,0,0,3,66.93128,25.717142,70.0,75.29319,21.724638,69.0,0,,,3.0,30007.0,3
11222,75,29,46,20,2,1,1,,3,3,21.74,75.0,69.0,25.71,67.0,70.0,30007.0,,12.0,3.0,5,2,25,0,3,75,23.0,67.48,17.4,23.0,75.83,30.4,1.0,0,0,0,0,3,66.93128,25.717142,70.0,75.29319,21.724638,69.0,0,,,3.0,30007.0,3
11222,75,29,46,20,2,1,1,,3,3,21.74,75.0,69.0,25.71,67.0,70.0,30007.0,,12.0,3.0,5,3,24,0,3,75,23.0,65.57,30.4,22.0,70.23,27.3,1.0,0,0,0,0,3,66.93128,25.717142,70.0,75.29319,21.724638,69.0,0,,,3.0,30007.0,3
11225,70,25,45,18,2,1,1,1,2,2,15.38,80.0,65.0,44.62,67.0,65.0,36509.0,,12.0,2.0,5,1,25,0,2,70,22.0,74.27,31.8,22.0,77.23,13.6,1.0,0,0,1,0,2,74.27,31.8,22.0,77.23,13.6,22.0,0,,,2.0,36509.0,2
11225,70,25,45,18,2,1,1,1,2,2,15.38,80.0,65.0,44.62,67.0,65.0,36509.0,,12.0,2.0,5,2,45,0,2,70,43.0,63.280464,51.17907,43.0,81.417206,16.290697,,1,0,1,0,2,74.27,31.8,22.0,77.23,13.6,22.0,1,43.0,43.0,2.0,36509.0,2
11227,114,55,59,22,1,1,1,1,4,3,12.12,79.0,99.0,20.2,67.0,99.0,37309.0, ,11.0,0.0,5,1,33,0,3,102,31.0,66.71,19.4,31.0,81.39,6.5,1.0,0,0,1,0,3,67.797966,18.78125,64.0,79.843124,10.985937,64.0,0,,,2.0,37309.0,0
11227,114,55,59,22,1,1,1,1,4,3,12.12,79.0,99.0,20.2,67.0,99.0,37309.0, ,11.0,0.0,5,2,34,0,3,102,33.0,68.82,18.2,33.0,78.39,15.2,1.0,0,0,1,0,3,67.797966,18.78125,64.0,79.843124,10.985937,64.0,0,,,2.0,37309.0,0
11227,114,55,59,22,1,1,1,1,4,3,12.12,79.0,99.0,20.2,67.0,99.0,37309.0, ,11.0,0.0,5,3,35,0,3,102,35.0,65.540855,22.794285,35.0,77.45828,14.193714,,1,0,1,0,3,67.797966,18.78125,64.0,79.843124,10.985937,64.0,1,35.0,35.0,2.0,37309.0,0
11228,39,18,21,11,2,1,1,2,1,1,16.67,73.0,36.0,22.22,68.0,36.0,30007.0,,12.0,19.0,5,1,39,0,1,39,36.0,68.03,22.2,36.0,73.11,16.7,1.0,0,0,0,0,1,68.03,22.2,36.0,73.11,16.7,36.0,0,,,19.0,30007.0,19
11233,53,30,23,17,2,2,1,,2,2,21.74,75.0,46.0,41.3,63.0,46.0,26104.0, ,12.0,11.0,5,1,28,0,2,53,25.0,64.08,36.0,25.0,76.4,24.0,1.0,0,0,0,0,2,62.62826,41.29565,46.0,74.89348,21.717392,46.0,0,,,11.0,26104.0,11
11233,53,30,23,17,2,2,1,,2,2,21.74,75.0,46.0,41.3,63.0,46.0,26104.0, ,12.0,11.0,5,2,25,0,2,53,21.0,60.9,47.6,21.0,73.1,19.0,1.0,0,0,0,0,2,62.62826,41.29565,46.0,74.89348,21.717392,46.0,0,,,11.0,26104.0,11
11234,214,109,105,20,1,2,1,,7,6,,,,,,,,,,,5,1,34,0,5,170,37.0,65.54,21.6,37.0,74.11,18.9,1.0,0,1,1,5,5,69.305664,16.662,150.0,75.99451,18.534437,151.0,0,,,10.0,10157.0,10
11234,214,109,105,20,1,2,1,,7,6,,,,,,,,,,,5,3,34,0,5,170,39.0,72.79,17.9,39.0,75.0,25.6,1.0,0,1,1,5,5,69.305664,16.662,150.0,75.99451,18.534437,151.0,0,,,10.0,10157.0,10
11234,214,109,105,20,1,2,1,,7,6,,,,,,,,,,,5,4,34,0,5,170,36.0,65.47,13.9,35.0,78.06,8.6,1.0,0,1,1,5,5,69.305664,16.662,150.0,75.99451,18.534437,151.0,0,,,10.0,10157.0,10
11234,214,109,105,20,1,2,1,,7,6,,,,,,,,,,,5,5,34,0,5,170,38.0,73.03,13.2,40.0,76.9,20.0,1.0,0,1,1,5,5,69.305664,16.662,150.0,75.99451,18.534437,151.0,0,,,10.0,10157.0,10
11234,214,109,105,20,1,2,1,,7,6,,,,,,,,,,,5,2,34,0,5,170,,,,,,,,1,1,1,5,5,69.305664,16.662,150.0,75.99451,18.534437,151.0,1,,,10.0,10157.0,10
11235,39,21,18,9,1,1,1,1,1,1,19.44,79.0,36.0,28.21,63.0,39.0,30007.0,,11.0,8.0,5,1,40,0,1,40,39.0,63.13,28.2,36.0,79.39,19.4,1.0,0,0,0,0,1,63.13,28.2,39.0,79.39,19.4,36.0,0,,,8.0,30007.0,8
11238,32,19,13,6,1,1,1,1,1,1,23.33,76.0,30.0,15.63,68.0,32.0,30007.0,,11.0,1.0,5,1,32,0,1,32,32.0,68.09,15.6,30.0,75.7,23.3,1.0,0,0,0,0,1,68.09,15.6,32.0,75.7,23.3,30.0,0,,,1.0,30007.0,1
11239,71,36,35,20,2,1,1,,2,2,20.0,76.0,65.0,36.36,65.0,66.0,30007.0,,12.0,3.0,5,1,36,0,2,71,32.0,61.63,53.1,31.0,72.61,29.0,1.0,0,0,0,0,2,65.277275,36.357574,66.0,76.292465,20.003077,65.0,0,,,3.0,30007.0,3
11239,71,36,35,20,2,1,1,,2,2,20.0,76.0,65.0,36.36,65.0,66.0,30007.0,,12.0,3.0,5,2,35,0,2,71,34.0,68.71,20.6,34.0,79.65,11.8,1.0,0,0,0,0,2,65.277275,36.357574,66.0,76.292465,20.003077,65.0,0,,,3.0,30007.0,3
11247,64,32,32,12,1,1,1,,2,2,43.55,66.0,62.0,40.32,57.0,62.0,30007.0,,11.0,5.0,5,1,29,0,2,64,27.0,55.96,40.7,27.0,63.07,55.6,1.0,0,0,0,0,2,56.547096,40.30484,62.0,66.157906,43.575806,62.0,0,,,5.0,30007.0,5
11247,64,32,32,12,1,1,1,,2,2,43.55,66.0,62.0,40.32,57.0,62.0,30007.0,,11.0,5.0,5,2,35,0,2,64,35.0,57.0,40.0,35.0,68.54,34.3,1.0,0,0,0,0,2,56.547096,40.30484,62.0,66.157906,43.575806,62.0,0,,,5.0,30007.0,5
11248,154,79,75,17,1,1,1,1,4,4,27.27,74.0,143.0,23.94,67.0,142.0,30007.0,,11.0,5.0,5,1,38,0,4,154,37.0,72.46,18.9,37.0,70.95,29.7,1.0,0,0,1,0,4,67.23324,24.964815,108.0,72.30431,27.513762,109.0,0,,,5.0,30007.0,5
11248,154,79,75,17,1,1,1,1,4,4,27.27,74.0,143.0,23.94,67.0,142.0,30007.0,,11.0,5.0,5,3,39,0,4,154,36.0,68.67,19.4,37.0,74.76,24.3,1.0,0,0,1,0,4,67.23324,24.964815,108.0,72.30431,27.513762,109.0,0,,,5.0,30007.0,5
11248,154,79,75,17,1,1,1,1,4,4,27.27,74.0,143.0,23.94,67.0,142.0,30007.0,,11.0,5.0,5,4,38,0,4,154,35.0,60.23,37.1,35.0,71.14,28.6,1.0,0,0,1,0,4,67.23324,24.964815,108.0,72.30431,27.513762,109.0,0,,,5.0,30007.0,5
11248,154,79,75,17,1,1,1,1,4,4,27.27,74.0,143.0,23.94,67.0,142.0,30007.0,,11.0,5.0,5,2,39,0,4,154,34.0,66.25912,20.684706,34.0,79.43618,26.48853,,1,0,1,0,4,67.23324,24.964815,108.0,72.30431,27.513762,109.0,1,34.0,34.0,5.0,30007.0,5
11249,20,12,8,7,2,1,1,,1,1,11.11,83.0,18.0,22.22,67.0,18.0,37309.0, ,12.0,15.0,5,1,20,0,1,20,18.0,67.33,22.2,18.0,82.72,11.1,1.0,0,0,0,0,1,67.33,22.2,18.0,82.72,11.1,18.0,0,,,15.0,37309.0,15
11250,125,70,55,19,1,1,1,,4,3,23.23,74.0,99.0,23.53,67.0,102.0,36160.0, ,11.0,8.0,5,1,38,0,3,110,35.0,68.0,25.7,34.0,75.29,20.6,1.0,0,0,0,0,3,67.23529,23.521568,102.0,73.809395,23.222221,99.0,0,,,8.0,36160.0,8
11250,125,70,55,19,1,1,1,,4,3,23.23,74.0,99.0,23.53,67.0,102.0,36160.0, ,11.0,8.0,5,2,36,0,3,110,34.0,67.88,14.7,33.0,73.67,24.2,1.0,0,0,0,0,3,67.23529,23.521568,102.0,73.809395,23.222221,99.0,0,,,8.0,36160.0,8
11250,125,70,55,19,1,1,1,,4,3,23.23,74.0,99.0,23.53,67.0,102.0,36160.0, ,11.0,8.0,5,3,36,0,3,110,33.0,65.76,30.3,32.0,72.38,25.0,1.0,0,0,0,0,3,67.23529,23.521568,102.0,73.809395,23.222221,99.0,0,,,8.0,36160.0,8
11251,10,0,10,6,2,1,1,,1,1,11.11,84.0,9.0,0.0,75.0,9.0,37093.0, ,12.0,8.0,5,1,10,0,1,10,9.0,75.22,0.0,9.0,84.44,11.1,1.0,0,0,0,0,1,75.22,0.0,9.0,84.44,11.1,9.0,0,,,8.0,37093.0,8
11256,30,20,10,9,1,1,1,,1,1,7.14,78.0,28.0,10.71,72.0,28.0,30007.0,,11.0,3.0,5,1,30,0,1,30,27.0,71.89,11.1,27.0,77.56,7.4,1.0,0,0,0,0,1,71.89,11.1,27.0,77.56,7.4,27.0,0,,,3.0,30007.0,3
11257,21,10,11,9,2,1,1,,1,1,23.81,67.0,21.0,23.81,62.0,21.0,30007.0,,12.0,5.0,5,1,21,0,1,21,21.0,62.24,23.8,21.0,67.48,23.8,1.0,0,0,0,0,1,62.24,23.8,21.0,67.48,23.8,21.0,0,,,5.0,30007.0,5
11258,59,36,23,14,1,1,1,,3,2,25.0,75.0,40.0,12.5,72.0,40.0,36087.0, ,11.0,3.0,5,1,23,0,2,48,20.0,71.85,10.0,20.0,77.8,25.0,1.0,0,0,1,0,2,71.85,10.0,20.0,77.8,25.0,20.0,0,,,3.0,36087.0,3
11258,59,36,23,14,1,1,1,,3,2,25.0,75.0,40.0,12.5,72.0,40.0,36087.0, ,11.0,3.0,5,2,25,0,2,48,20.0,72.15,15.0,20.0,72.2,25.0,,1,0,1,0,2,71.85,10.0,20.0,77.8,25.0,20.0,1,20.0,20.0,3.0,36087.0,3
11259,58,37,21,14,1,1,1,,3,2,14.58,80.0,48.0,31.25,65.0,48.0,36053.0,,11.0,0.0,5,1,19,0,2,40,24.0,67.33,20.8,24.0,78.04,12.5,1.0,0,0,0,0,2,64.56,31.25,48.0,80.29,14.6,48.0,0,,,1.0,36053.0,0
11259,58,37,21,14,1,1,1,,3,2,14.58,80.0,48.0,31.25,65.0,48.0,36053.0,,11.0,0.0,5,2,21,0,2,40,24.0,61.79,41.7,24.0,82.54,16.7,1.0,0,0,0,0,2,64.56,31.25,48.0,80.29,14.6,48.0,0,,,1.0,36053.0,0
11281,29,14,15,8,2,1,1,,1,1,4.0,85.0,25.0,12.0,77.0,25.0,37705.0,,12.0,3.0,5,1,29,0,1,29,13.0,76.46,15.4,13.0,85.38,7.7,1.0,0,0,0,0,1,76.46,15.4,13.0,85.38,7.7,13.0,0,,,3.0,37705.0,3
11295,22,0,22,8,2,1,1,,1,1,35.71,72.0,14.0,35.29,56.0,17.0,30007.0,,12.0,5.0,5,1,15,0,1,15,17.0,56.41,35.3,14.0,72.21,35.7,1.0,0,0,0,0,1,56.41,35.3,17.0,72.21,35.7,14.0,0,,,5.0,30007.0,5
11307,30,19,11,5,1,1,1,,1,1,31.82,75.0,22.0,18.18,75.0,22.0,30007.0,,12.0,5.0,5,1,30,0,1,30,22.0,75.27,18.2,22.0,74.59,31.8,1.0,0,0,0,0,1,75.27,18.2,22.0,74.59,31.8,22.0,0,,,,,5
11317,28,28,0,9,2,1,1,,1,1,42.31,74.0,26.0,23.08,66.0,26.0,36111.0, ,12.0,0.0,5,1,28,0,1,28,26.0,66.31,23.1,26.0,73.88,42.3,1.0,0,0,0,0,1,66.31,23.1,26.0,73.88,42.3,26.0,0,,,,,0
21005,22,14,8,5,1,1,1,0,1,1,11.76,81.0,17.0,16.67,70.0,18.0,2949.0,,11.0,0.0,5,1,22,0,1,22,18.0,69.39,16.7,17.0,81.0,11.8,1.0,0,0,0,0,1,69.39,16.7,18.0,81.0,11.8,17.0,0,,,0.0,2949.0,0
21006,63,38,25,13,1,1,1,1,2,2,21.57,80.0,51.0,29.09,63.0,55.0,778.0, ,11.0,2.0,5,1,31,0,2,63,25.0,65.0,32.0,25.0,81.72,20.0,1.0,0,0,0,0,2,63.456364,29.10909,55.0,80.29255,21.580393,51.0,0,,,2.0,778.0,2
21006,63,38,25,13,1,1,1,1,2,2,21.57,80.0,51.0,29.09,63.0,55.0,778.0, ,11.0,2.0,5,2,32,0,2,63,30.0,62.17,26.7,26.0,78.92,23.1,1.0,0,0,0,0,2,63.456364,29.10909,55.0,80.29255,21.580393,51.0,0,,,2.0,778.0,2
21010,18,12,6,6,2,2,1,6,1,1,57.14,71.0,14.0,28.57,62.0,14.0,6825.0,,12.0,43.0,5,1,18,0,1,18,14.0,62.5,28.6,14.0,71.29,57.1,1.0,0,0,0,0,1,62.5,28.6,14.0,71.29,57.1,14.0,0,,,43.0,6825.0,43
21012,33,16,17,9,1,1,1,1,1,1,12.0,84.0,25.0,32.0,67.0,25.0,1768.0,,11.0,1.0,5,1,33,0,1,33,25.0,67.0,32.0,25.0,84.0,12.0,,1,0,1,0,1,,,,,,,1,,,1.0,1768.0,1
21013,24,9,15,5,1,1,1,1,1,1,0.0,88.0,5.0,0.0,87.0,5.0,3137.0,,11.0,0.0,5,1,24,0,1,24,5.0,87.2,0.0,5.0,88.2,0.0,1.0,0,0,0,0,1,87.2,0.0,5.0,88.2,0.0,5.0,0,,,0.0,3137.0,0
21021,21,13,8,6,1,1,1,1,1,1,29.41,76.0,17.0,47.06,71.0,17.0,2428.0, ,11.0,0.0,5,1,21,0,1,21,21.0,66.38,52.4,20.0,76.25,30.0,1.0,0,0,0,0,1,66.38,52.4,21.0,76.25,30.0,20.0,0,,,0.0,2428.0,0
21026,95,46,49,23,1,2,1,5,5,3,24.68,72.0,77.0,14.1,66.0,78.0,92007.0, ,11.0,27.0,5,1,26,0,4,86,26.0,74.42,7.7,26.0,75.12,26.9,1.0,0,0,0,0,4,66.448204,14.09359,78.0,72.247406,24.655844,77.0,0,,,27.0,92007.0,27
21026,95,46,49,23,1,2,1,5,5,3,24.68,72.0,77.0,14.1,66.0,78.0,92007.0, ,11.0,27.0,5,2,25,0,4,86,13.0,69.54,0.0,12.0,71.83,16.7,1.0,0,0,0,0,4,66.448204,14.09359,78.0,72.247406,24.655844,77.0,0,,,27.0,92007.0,27
21026,95,46,49,23,1,2,1,5,5,3,24.68,72.0,77.0,14.1,66.0,78.0,92007.0, ,11.0,27.0,5,3,26,0,4,86,27.0,57.26,33.3,27.0,68.59,33.3,1.0,0,0,0,0,4,66.448204,14.09359,78.0,72.247406,24.655844,77.0,0,,,27.0,92007.0,27
21026,95,46,49,23,1,2,1,5,5,3,24.68,72.0,77.0,14.1,66.0,78.0,92007.0, ,11.0,27.0,5,4,9,0,4,86,12.0,66.5,0.0,12.0,74.67,8.3,1.0,0,0,0,0,4,66.448204,14.09359,78.0,72.247406,24.655844,77.0,0,,,27.0,92007.0,27
21028,42,21,21,8,1,2,1,6,2,1,40.0,66.0,25.0,29.63,62.0,27.0,92007.0, ,11.0,40.0,5,1,27,0,1,27,27.0,62.41,29.6,25.0,65.6,40.0,1.0,0,0,0,0,1,62.41,29.6,27.0,65.6,40.0,25.0,0,,,40.0,92007.0,40
21029,42,20,22,11,2,2,1,9,2,2,35.9,68.0,39.0,43.59,60.0,39.0,92007.0, ,12.0,44.0,5,1,22,0,2,42,23.0,60.87,34.8,23.0,65.91,47.8,1.0,0,0,0,0,2,60.23,43.620514,39.0,67.99821,35.902565,39.0,0,,,44.0,92007.0,44
21029,42,20,22,11,2,2,1,9,2,2,35.9,68.0,39.0,43.59,60.0,39.0,92007.0, ,12.0,44.0,5,2,20,0,2,42,16.0,59.31,56.3,16.0,71.0,18.8,1.0,0,0,0,0,2,60.23,43.620514,39.0,67.99821,35.902565,39.0,0,,,44.0,92007.0,44
21030,42,24,18,7,2,2,1,9,2,1,44.83,65.0,29.0,31.03,58.0,29.0,92007.0, ,12.0,65.0,5,1,33,0,1,33,29.0,57.69,31.0,29.0,64.72,44.8,1.0,0,0,0,0,1,57.69,31.0,29.0,64.72,44.8,29.0,0,,,65.0,92007.0,65
21031,52,28,24,13,2,2,1,6,2,2,19.61,75.0,51.0,21.15,68.0,52.0,92007.0, ,12.0,36.0,5,2,26,0,2,52,26.0,63.85,19.2,25.0,73.84,28.0,1.0,0,0,1,0,2,63.85,19.2,26.0,73.84,28.0,25.0,0,,,36.0,92007.0,36
21031,52,28,24,13,2,2,1,6,2,2,19.61,75.0,51.0,21.15,68.0,52.0,92007.0, ,12.0,36.0,5,1,26,0,2,52,26.0,72.15,23.1,26.0,76.11539,11.542692,,1,0,1,0,2,63.85,19.2,26.0,73.84,28.0,25.0,1,26.0,26.0,36.0,92007.0,36
21032,51,28,23,11,1,2,1,4,2,2,19.05,69.0,42.0,28.57,57.0,42.0,7955.0,,11.0,13.0,5,1,24,0,2,51,22.0,55.73,22.7,22.0,70.0,13.6,1.0,0,0,0,0,2,57.453808,28.557142,42.0,69.166664,19.028572,42.0,0,,,13.0,12195.0,13
21032,51,28,23,11,1,2,1,4,2,2,19.05,69.0,42.0,28.57,57.0,42.0,7955.0,,11.0,13.0,5,2,27,0,2,51,20.0,59.35,35.0,20.0,68.25,25.0,1.0,0,0,0,0,2,57.453808,28.557142,42.0,69.166664,19.028572,42.0,0,,,13.0,12195.0,13
21041,23,10,13,5,1,1,1,0,1,1,15.79,85.0,19.0,10.53,69.0,19.0,4572.0,,11.0,3.0,5,1,23,0,1,23,19.0,69.0,10.53,19.0,85.0,15.79,,1,0,1,0,1,,,,,,,1,,,3.0,4572.0,3
21042,37,16,21,9,1,1,1,1,2,1,17.24,78.0,29.0,58.62,51.0,29.0,2626.0,,11.0,0.0,5,1,26,0,1,26,29.0,51.1,58.6,29.0,78.38,17.2,1.0,0,0,0,0,1,51.1,58.6,29.0,78.38,17.2,29.0,0,,,0.0,2626.0,0
21043,45,24,21,12,1,1,1,1,2,2,15.91,80.0,44.0,24.44,60.0,45.0,927.0,,11.0,1.0,5,1,23,0,2,45,22.0,61.91,13.6,22.0,77.86,18.2,1.0,0,0,0,0,2,60.20289,24.435556,45.0,80.11,15.9,44.0,0,,,1.0,927.0,1
21043,45,24,21,12,1,1,1,1,2,2,15.91,80.0,44.0,24.44,60.0,45.0,927.0,,11.0,1.0,5,2,22,0,2,45,23.0,58.57,34.8,22.0,82.36,13.6,1.0,0,0,0,0,2,60.20289,24.435556,45.0,80.11,15.9,44.0,0,,,1.0,927.0,1
21048,81,44,37,13,1,2,1,2,3,3,27.78,72.0,72.0,16.44,68.0,73.0,1461.0,,11.0,13.0,5,1,27,0,3,81,22.0,72.0,9.1,22.0,70.18,40.9,1.0,0,0,0,0,3,67.77778,16.669445,72.0,72.40389,27.772223,72.0,0,,,13.0,1461.0,13
21048,81,44,37,13,1,2,1,2,3,3,27.78,72.0,72.0,16.44,68.0,73.0,1461.0,,11.0,13.0,5,2,26,0,3,81,25.0,62.2,16.0,26.0,71.04,23.1,1.0,0,0,0,0,3,67.77778,16.669445,72.0,72.40389,27.772223,72.0,0,,,13.0,1461.0,13
21048,81,44,37,13,1,2,1,2,3,3,27.78,72.0,72.0,16.44,68.0,73.0,1461.0,,11.0,13.0,5,3,28,0,3,81,25.0,69.64,24.0,24.0,75.92,20.8,1.0,0,0,0,0,3,67.77778,16.669445,72.0,72.40389,27.772223,72.0,0,,,13.0,1461.0,13
21050,54,31,23,16,1,1,1,1,2,2,16.98,81.0,53.0,13.46,70.0,52.0,620.0,' ,11.0,3.0,5,1,26,0,2,54,27.0,67.56,11.1,28.0,77.43,32.1,1.0,0,0,0,0,2,69.713844,13.45577,52.0,81.17056,16.95849,53.0,0,,,3.0,620.0,3
21050,54,31,23,16,1,1,1,1,2,2,16.98,81.0,53.0,13.46,70.0,52.0,620.0,' ,11.0,3.0,5,2,28,0,2,54,25.0,72.04,16.0,25.0,85.36,0.0,1.0,0,0,0,0,2,69.713844,13.45577,52.0,81.17056,16.95849,53.0,0,,,3.0,620.0,3
21052,24,11,13,6,1,1,1,1,1,1,13.64,84.0,22.0,36.36,66.0,22.0,3004.0,,11.0,0.0,5,1,24,0,1,24,22.0,65.77,36.4,22.0,84.23,13.6,1.0,0,0,0,0,1,65.77,36.4,22.0,84.23,13.6,22.0,0,,,0.0,3004.0,0
21057,51,25,26,12,1,1,1,1,2,2,14.58,86.0,48.0,34.04,69.0,47.0,2501.0,,11.0,2.0,5,2,25,0,2,51,22.0,71.95,31.8,23.0,88.87,13.0,1.0,0,0,1,0,2,71.95,31.8,22.0,88.87,13.0,23.0,0,,,2.0,2501.0,2
21057,51,25,26,12,1,1,1,1,2,2,14.58,86.0,48.0,34.04,69.0,47.0,2501.0,,11.0,2.0,5,1,26,0,2,51,25.0,66.404,36.0112,25.0,83.3596,16.0336,,1,0,1,0,2,71.95,31.8,22.0,88.87,13.0,23.0,1,25.0,25.0,2.0,2501.0,2
21064,52,28,24,10,1,1,1,1,2,2,30.0,70.0,50.0,45.1,56.0,51.0,3434.0,,11.0,1.0,5,1,25,0,2,52,24.0,56.5,45.8,24.0,70.0,25.0,1.0,0,0,0,0,2,55.568233,45.058823,51.0,69.5216,29.992,50.0,0,,,1.0,3434.0,1
21064,52,28,24,10,1,1,1,1,2,2,30.0,70.0,50.0,45.1,56.0,51.0,3434.0,,11.0,1.0,5,2,27,0,2,52,27.0,54.74,44.4,26.0,69.08,34.6,1.0,0,0,0,0,2,55.568233,45.058823,51.0,69.5216,29.992,50.0,0,,,1.0,3434.0,1
21065,14,7,7,6,1,1,1,1,1,1,23.08,86.0,13.0,30.77,71.0,13.0,2808.0,,11.0,0.0,5,1,14,0,1,14,13.0,71.0,30.77,13.0,86.0,23.08,,1,0,1,0,1,,,,,,,1,,,0.0,2808.0,0
21067,45,22,23,12,1,2,1,5,2,2,42.55,62.0,47.0,28.0,61.0,50.0,20347.0, ,11.0,38.0,5,1,21,0,2,45,24.0,64.25,29.2,23.0,62.43,39.1,1.0,0,0,0,0,2,61.3796,28.004,50.0,62.123615,42.52128,47.0,0,,,38.0,20347.0,38
21067,45,22,23,12,1,2,1,5,2,2,42.55,62.0,47.0,28.0,61.0,50.0,20347.0, ,11.0,38.0,5,2,24,0,2,45,26.0,58.73,26.9,24.0,61.83,45.8,1.0,0,0,0,0,2,61.3796,28.004,50.0,62.123615,42.52128,47.0,0,,,38.0,20347.0,38
21068,59,30,29,15,2,2,1,7,2,2,28.85,71.0,52.0,36.54,61.0,52.0,20347.0, ,12.0,33.0,5,2,30,0,2,59,23.0,56.7,39.1,23.0,72.83,26.1,1.0,0,0,1,0,2,56.7,39.1,23.0,72.83,26.1,23.0,0,,,33.0,20347.0,33
21068,59,30,29,15,2,2,1,7,2,2,28.85,71.0,52.0,36.54,61.0,52.0,20347.0, ,12.0,33.0,5,1,29,0,2,59,29.0,64.41035,34.509655,29.0,69.54862,31.031034,,1,0,1,0,2,56.7,39.1,23.0,72.83,26.1,23.0,1,29.0,29.0,33.0,20347.0,33
21069,114,68,46,31,1,2,1,3,4,3,36.73,69.0,98.0,21.43,65.0,98.0,67009.0,,11.0,16.0,5,1,34,0,3,103,36.0,58.69,30.6,36.0,67.31,38.9,1.0,0,0,1,0,3,63.520447,23.891045,67.0,69.40597,40.28806,67.0,0,,,16.0,67009.0,16
21069,114,68,46,31,1,2,1,3,4,3,36.73,69.0,98.0,21.43,65.0,98.0,67009.0,,11.0,16.0,5,3,36,0,3,103,31.0,69.13,16.1,31.0,71.84,41.9,1.0,0,0,1,0,3,63.520447,23.891045,67.0,69.40597,40.28806,67.0,0,,,16.0,67009.0,16
21069,114,68,46,31,1,2,1,3,4,3,36.73,69.0,98.0,21.43,65.0,98.0,67009.0,,11.0,16.0,5,2,33,0,3,103,31.0,68.19774,16.110968,31.0,68.12258,29.04,,1,0,1,0,3,63.520447,23.891045,67.0,69.40597,40.28806,67.0,1,31.0,31.0,16.0,67009.0,16
21070,120,60,60,25,1,2,1,2,4,3,50.52,65.0,97.0,38.61,61.0,101.0,67009.0,,11.0,14.0,5,1,36,0,3,106,34.0,55.0,47.1,32.0,57.91,68.8,1.0,0,0,1,0,3,62.405796,39.13623,69.0,65.37492,49.262688,67.0,0,,,14.0,67009.0,14
21070,120,60,60,25,1,2,1,2,4,3,50.52,65.0,97.0,38.61,61.0,101.0,67009.0,,11.0,14.0,5,2,35,0,3,106,35.0,69.6,31.4,35.0,72.2,31.4,1.0,0,0,1,0,3,62.405796,39.13623,69.0,65.37492,49.262688,67.0,0,,,14.0,67009.0,14
21070,120,60,60,25,1,2,1,2,4,3,50.52,65.0,97.0,38.61,61.0,101.0,67009.0,,11.0,14.0,5,3,35,0,3,106,32.0,57.96875,37.47531,30.0,64.16267,53.328,,1,0,1,0,3,62.405796,39.13623,69.0,65.37492,49.262688,67.0,1,30.0,32.0,14.0,67009.0,14
21073,95,50,45,28,1,2,1,6,3,3,18.68,72.0,91.0,27.37,69.0,95.0,67009.0,,11.0,16.0,5,1,31,0,3,95,31.0,76.42,12.9,31.0,76.71,12.9,1.0,0,0,1,0,3,69.985,22.6,62.0,71.47721,21.309835,61.0,0,,,16.0,67009.0,16
21073,95,50,45,28,1,2,1,6,3,3,18.68,72.0,91.0,27.37,69.0,95.0,67009.0,,11.0,16.0,5,3,30,0,3,95,31.0,63.55,32.3,30.0,66.07,30.0,1.0,0,0,1,0,3,69.985,22.6,62.0,71.47721,21.309835,61.0,0,,,16.0,67009.0,16
21073,95,50,45,28,1,2,1,6,3,3,18.68,72.0,91.0,27.37,69.0,95.0,67009.0,,11.0,16.0,5,2,34,0,3,95,33.0,67.14939,36.331818,30.0,73.063,13.332666,,1,0,1,0,3,69.985,22.6,62.0,71.47721,21.309835,61.0,1,30.0,33.0,16.0,67009.0,16
21074,42,20,22,12,1,2,1,8,2,2,78.38,45.0,37.0,65.79,40.0,38.0,67009.0,,11.0,52.0,5,1,21,0,2,42,20.0,37.8,65.0,20.0,44.45,85.0,1.0,0,0,0,0,2,39.65684,65.80526,38.0,45.272434,78.38378,37.0,0,,,52.0,67009.0,52
21074,42,20,22,12,1,2,1,8,2,2,78.38,45.0,37.0,65.79,40.0,38.0,67009.0,,11.0,52.0,5,2,21,0,2,42,18.0,41.72,66.7,17.0,46.24,70.6,1.0,0,0,0,0,2,39.65684,65.80526,38.0,45.272434,78.38378,37.0,0,,,52.0,67009.0,52
21077,25,14,11,8,2,2,1,9,1,1,50.0,58.0,22.0,72.73,46.0,22.0,67009.0,,12.0,48.0,5,1,25,0,1,25,22.0,46.27,72.7,22.0,57.59,50.0,1.0,0,0,0,0,1,46.27,72.7,22.0,57.59,50.0,22.0,0,,,48.0,67009.0,48
21078,85,39,46,21,2,2,1,5,3,3,33.33,69.0,78.0,48.68,57.0,76.0,67009.0,,12.0,36.0,5,1,29,0,3,85,24.0,57.58,54.2,24.0,62.33,37.5,1.0,0,0,0,0,3,57.472633,48.710526,76.0,68.63923,33.338463,78.0,0,,,36.0,67009.0,36
21078,85,39,46,21,2,2,1,5,3,3,33.33,69.0,78.0,48.68,57.0,76.0,67009.0,,12.0,36.0,5,2,29,0,3,85,28.0,55.36,42.9,28.0,70.75,28.6,1.0,0,0,0,0,3,57.472633,48.710526,76.0,68.63923,33.338463,78.0,0,,,36.0,67009.0,36
21078,85,39,46,21,2,2,1,5,3,3,33.33,69.0,78.0,48.68,57.0,76.0,67009.0,,12.0,36.0,5,3,27,0,3,85,24.0,59.83,50.0,26.0,72.19,34.6,1.0,0,0,0,0,3,57.472633,48.710526,76.0,68.63923,33.338463,78.0,0,,,36.0,67009.0,36
21079,31,16,15,8,2,2,1,9,1,1,46.67,57.0,30.0,46.67,48.0,30.0,67009.0,,12.0,60.0,5,1,31,0,1,31,30.0,48.0,46.67,30.0,57.0,46.67,,1,0,1,0,1,,,,,,,1,,,60.0,67009.0,60
21080,24,16,8,9,1,1,1,3,1,1,20.83,69.0,24.0,29.17,60.0,24.0,463.0,,11.0,14.0,5,1,24,0,1,24,24.0,59.46,29.2,24.0,69.46,20.8,1.0,0,0,0,0,1,59.46,29.2,24.0,69.46,20.8,24.0,0,,,14.0,463.0,14
21081,24,10,14,6,2,1,1,8,1,1,38.46,66.0,13.0,53.85,53.0,13.0,463.0,,12.0,49.0,5,1,24,0,1,24,6.0,51.33,66.7,6.0,65.0,50.0,1.0,0,0,0,0,1,51.33,66.7,6.0,65.0,50.0,6.0,0,,,49.0,463.0,49
21088,35,17,18,9,1,2,1,5,1,1,6.9,78.0,29.0,0.0,71.0,29.0,2402.0, ,11.0,7.0,5,1,35,0,1,35,29.0,70.97,0.0,29.0,78.07,6.9,1.0,0,0,0,0,1,70.97,0.0,29.0,78.07,6.9,29.0,0,,,7.0,2402.0,7
21089,65,32,33,15,1,2,1,3,2,2,20.0,73.0,60.0,8.06,75.0,62.0,2402.0, ,11.0,14.0,5,1,33,0,2,65,32.0,68.94,12.5,30.0,70.83,26.7,1.0,0,0,0,0,2,74.519035,8.048388,62.0,73.18,20.0,60.0,0,,,14.0,2402.0,14
21089,65,32,33,15,1,2,1,3,2,2,20.0,73.0,60.0,8.06,75.0,62.0,2402.0, ,11.0,14.0,5,2,32,0,2,65,30.0,80.47,3.3,30.0,75.53,13.3,1.0,0,0,0,0,2,74.519035,8.048388,62.0,73.18,20.0,60.0,0,,,14.0,2402.0,14
21090,29,12,17,7,2,2,1,6,2,1,0.0,78.0,21.0,19.05,69.0,21.0,2402.0, ,12.0,42.0,5,1,21,0,1,21,21.0,69.0,19.05,21.0,78.0,0.0,,1,0,1,0,1,,,,,,,1,,,42.0,2402.0,42
21091,22,15,7,6,1,1,1,1,1,1,22.22,80.0,18.0,22.22,61.0,18.0,6239.0,,11.0,0.0,5,1,22,0,1,22,18.0,60.61,22.2,18.0,79.67,22.2,1.0,0,0,0,0,1,60.61,22.2,18.0,79.67,22.2,18.0,0,,,0.0,6239.0,0
21093,41,20,21,10,1,1,1,1,2,2,22.58,82.0,31.0,19.35,70.0,31.0,5769.0,,11.0,0.0,5,1,20,0,2,41,16.0,71.56,18.8,17.0,80.53,29.4,1.0,0,0,0,0,2,69.64387,19.380646,31.0,82.354515,22.580645,31.0,0,,,1.0,5769.0,0
21093,41,20,21,10,1,1,1,1,2,2,22.58,82.0,31.0,19.35,70.0,31.0,5769.0,,11.0,0.0,5,2,21,0,2,41,15.0,67.6,20.0,14.0,84.57,14.3,1.0,0,0,0,0,2,69.64387,19.380646,31.0,82.354515,22.580645,31.0,0,,,1.0,5769.0,0
21094,80,44,36,18,1,1,1,1,2,2,21.79,76.0,78.0,38.46,60.0,78.0,3715.0,,11.0,3.0,5,1,41,0,2,80,40.0,58.38,52.5,40.0,75.05,25.0,1.0,0,0,0,0,2,59.977947,38.46923,78.0,75.71744,21.784615,78.0,0,,,3.0,3715.0,3
21094,80,44,36,18,1,1,1,1,2,2,21.79,76.0,78.0,38.46,60.0,78.0,3715.0,,11.0,3.0,5,2,39,0,2,80,38.0,61.66,23.7,38.0,76.42,18.4,1.0,0,0,0,0,2,59.977947,38.46923,78.0,75.71744,21.784615,78.0,0,,,3.0,3715.0,3
21095,22,11,11,9,1,1,1,0,1,1,16.67,82.0,18.0,22.22,74.0,18.0,570.0,() ,11.0,2.0,5,1,22,0,1,22,22.0,69.18,27.3,22.0,77.95,27.3,1.0,0,0,0,0,1,69.18,27.3,22.0,77.95,27.3,22.0,0,,,2.0,570.0,2
21096,60,30,30,16,1,1,1,1,3,2,23.4,83.0,47.0,10.64,73.0,47.0,3574.0, ,11.0,3.0,5,1,23,0,2,47,23.0,68.91,8.7,23.0,82.61,30.4,1.0,0,0,0,0,2,72.59681,10.640426,47.0,82.829575,23.404255,47.0,0,,,3.0,3574.0,3
21096,60,30,30,16,1,1,1,1,3,2,23.4,83.0,47.0,10.64,73.0,47.0,3574.0, ,11.0,3.0,5,2,24,0,2,47,24.0,76.13,12.5,24.0,83.04,16.7,1.0,0,0,0,0,2,72.59681,10.640426,47.0,82.829575,23.404255,47.0,0,,,3.0,3574.0,3
21097,53,25,28,11,1,1,1,1,2,2,21.43,80.0,42.0,45.45,61.0,44.0,760.0, ,11.0,0.0,5,1,27,0,2,53,24.0,62.29,45.8,22.0,80.14,22.7,1.0,0,0,1,0,2,62.29,45.8,24.0,80.14,22.7,22.0,0,,,0.0,760.0,0
21097,53,25,28,11,1,1,1,1,2,2,21.43,80.0,42.0,45.45,61.0,44.0,760.0, ,11.0,0.0,5,2,26,0,2,53,20.0,59.452,45.03,20.0,79.846,20.033,,1,0,1,0,2,62.29,45.8,24.0,80.14,22.7,22.0,1,20.0,20.0,0.0,760.0,0
21102,65,40,25,12,1,1,1,1,2,2,7.94,85.0,63.0,9.52,75.0,63.0,1404.0, ,11.0,8.0,5,1,33,0,2,65,33.0,72.97,12.1,33.0,84.91,9.1,1.0,0,0,0,0,2,74.98428,9.528571,63.0,85.20524,7.957143,63.0,0,,,8.0,1404.0,8
21102,65,40,25,12,1,1,1,1,2,2,7.94,85.0,63.0,9.52,75.0,63.0,1404.0, ,11.0,8.0,5,2,32,0,2,65,30.0,77.2,6.7,30.0,85.53,6.7,1.0,0,0,0,0,2,74.98428,9.528571,63.0,85.20524,7.957143,63.0,0,,,8.0,1404.0,8
21105,18,8,10,6,1,1,1,0,1,1,17.65,82.0,17.0,41.18,69.0,17.0,2972.0, ,11.0,0.0,5,1,18,0,1,18,17.0,69.29,41.2,17.0,81.59,17.6,1.0,0,0,0,0,1,69.29,41.2,17.0,81.59,17.6,17.0,0,,,0.0,2972.0,0
21111,33,18,15,7,2,2,1,9,2,1,45.0,66.0,20.0,25.0,66.0,20.0,6643.0,  ,12.0,49.0,5,1,22,0,1,22,20.0,65.9,25.0,20.0,65.75,45.0,1.0,0,0,0,0,1,65.9,25.0,20.0,65.75,45.0,20.0,0,,,49.0,6643.0,49
21112,94,51,43,25,2,1,1,2,3,3,30.86,72.0,81.0,60.49,53.0,81.0,5850.0,,12.0,7.0,5,1,30,0,3,94,26.0,54.46,69.2,26.0,73.08,19.2,1.0,0,0,1,0,3,55.056297,53.696297,54.0,70.9437,29.622223,54.0,0,,,7.0,5850.0,7
21112,94,51,43,25,2,1,1,2,3,3,30.86,72.0,81.0,60.49,53.0,81.0,5850.0,,12.0,7.0,5,2,31,0,3,94,28.0,55.61,39.3,28.0,68.96,39.3,1.0,0,0,1,0,3,55.056297,53.696297,54.0,70.9437,29.622223,54.0,0,,,7.0,5850.0,7
21112,94,51,43,25,2,1,1,2,3,3,30.86,72.0,81.0,60.49,53.0,81.0,5850.0,,12.0,7.0,5,3,33,0,3,94,27.0,48.88741,74.07741,27.0,74.112595,33.335556,,1,0,1,0,3,55.056297,53.696297,54.0,70.9437,29.622223,54.0,1,27.0,27.0,7.0,5850.0,7
21114,20,13,7,6,1,1,1,0,1,1,23.53,78.0,17.0,23.53,70.0,17.0,5959.0, ,11.0,1.0,5,1,20,0,1,20,17.0,70.12,23.5,17.0,78.59,23.5,1.0,0,0,0,0,1,70.12,23.5,17.0,78.59,23.5,17.0,0,,,1.0,5959.0,1
21116,15,8,7,8,1,1,1,4,1,1,13.33,85.0,15.0,20.0,70.0,15.0,653.0,,11.0,25.0,5,1,15,0,1,15,15.0,69.87,20.0,15.0,84.53,13.3,1.0,0,0,0,0,1,69.87,20.0,15.0,84.53,13.3,15.0,0,,,25.0,653.0,25
21117,72,41,31,16,1,2,1,4,3,2,21.82,70.0,55.0,12.07,78.0,58.0,8748.0, ,11.0,21.0,5,2,29,0,2,59,29.0,74.83,13.8,28.0,68.54,25.0,1.0,0,0,1,0,2,74.83,13.8,29.0,68.54,25.0,28.0,0,,,21.0,8748.0,21
21117,72,41,31,16,1,2,1,4,3,2,21.82,70.0,55.0,12.07,78.0,58.0,8748.0, ,11.0,21.0,5,1,30,0,2,59,29.0,81.17,10.34,27.0,71.51408,18.522223,,1,0,1,0,2,74.83,13.8,29.0,68.54,25.0,28.0,1,27.0,29.0,21.0,8748.0,21
21118,88,53,35,14,1,2,1,4,3,2,15.87,77.0,63.0,23.08,68.0,65.0,8748.0, ,11.0,24.0,5,1,37,0,2,74,29.0,70.79,17.2,28.0,78.39,14.3,1.0,0,0,0,0,2,68.05954,23.070768,65.0,77.17333,15.855556,63.0,0,,,24.0,8748.0,24
21118,88,53,35,14,1,2,1,4,3,2,15.87,77.0,63.0,23.08,68.0,65.0,8748.0, ,11.0,24.0,5,2,37,0,2,74,36.0,65.86,27.8,35.0,76.2,17.1,1.0,0,0,0,0,2,68.05954,23.070768,65.0,77.17333,15.855556,63.0,0,,,24.0,8748.0,24
21119,30,15,15,9,2,2,1,9,2,1,33.33,72.0,12.0,33.33,47.0,12.0,8748.0, ,12.0,63.0,5,1,20,0,1,20,12.0,47.0,33.33,12.0,72.0,33.33,,1,0,1,0,1,,,,,,,1,,,63.0,8748.0,63
21123,17,8,9,6,1,1,1,1,1,1,37.5,78.0,16.0,5.88,78.0,17.0,2691.0,,11.0,0.0,5,1,17,0,1,17,17.0,77.71,5.9,16.0,77.81,37.5,1.0,0,0,0,0,1,77.71,5.9,17.0,77.81,37.5,16.0,0,,,0.0,2691.0,0
21126,20,10,10,8,1,1,1,1,1,1,21.05,80.0,19.0,5.26,76.0,19.0,430.0,,11.0,3.0,5,1,20,0,1,20,19.0,76.21,5.3,19.0,79.74,21.1,1.0,0,0,0,0,1,76.21,5.3,19.0,79.74,21.1,19.0,0,,,3.0,430.0,3
21127,46,21,25,12,2,2,1,6,2,2,45.95,68.0,37.0,35.14,61.0,37.0,6072.0,,12.0,43.0,5,2,21,0,2,46,17.0,52.29,41.2,17.0,59.88,70.6,1.0,0,0,1,0,2,52.29,41.2,17.0,59.88,70.6,17.0,0,,,43.0,6072.0,43
21127,46,21,25,12,2,2,1,6,2,2,45.95,68.0,37.0,35.14,61.0,37.0,6072.0,,12.0,43.0,5,1,25,0,2,46,20.0,68.4035,29.989,20.0,74.902,24.9975,,1,0,1,0,2,52.29,41.2,17.0,59.88,70.6,17.0,1,20.0,20.0,43.0,6072.0,43
21130,23,10,13,8,1,2,1,4,1,1,52.17,66.0,23.0,25.0,54.0,24.0,489.0,,11.0,22.0,5,1,23,0,1,23,24.0,53.92,25.0,23.0,65.83,52.2,1.0,0,0,0,0,1,53.92,25.0,24.0,65.83,52.2,23.0,0,,,22.0,489.0,22
21132,66,40,26,14,1,1,1,0,3,2,6.25,83.0,48.0,14.58,74.0,48.0,2980.0,,11.0,0.0,5,1,28,0,2,56,25.0,75.04,4.0,25.0,85.4,4.0,1.0,0,0,1,0,2,75.04,4.0,25.0,85.4,4.0,25.0,0,,,0.0,2980.0,0
21132,66,40,26,14,1,1,1,0,3,2,6.25,83.0,48.0,14.58,74.0,48.0,2980.0,,11.0,0.0,5,2,28,0,2,56,23.0,72.86957,26.08,23.0,80.391304,8.695652,,1,0,1,0,2,75.04,4.0,25.0,85.4,4.0,25.0,1,23.0,23.0,0.0,2980.0,0
21134,23,13,10,7,1,1,1,,1,1,15.79,81.0,19.0,21.05,73.0,19.0,2725.0, ,11.0,10.0,5,1,23,0,1,23,19.0,73.37,21.1,19.0,80.63,15.8,1.0,0,0,0,0,1,73.37,21.1,19.0,80.63,15.8,19.0,0,,,10.0,2725.0,10
21137,87,45,42,20,1,2,1,3,3,3,25.81,74.0,62.0,34.92,61.0,63.0,10637.0,-,11.0,18.0,5,1,29,0,3,87,21.0,60.62,28.6,20.0,74.45,20.0,1.0,0,0,1,0,3,60.668,35.586666,45.0,72.726364,31.836363,44.0,0,,,18.0,10637.0,18
21137,87,45,42,20,1,2,1,3,3,3,25.81,74.0,62.0,34.92,61.0,63.0,10637.0,-,11.0,18.0,5,3,30,0,3,87,24.0,60.71,41.7,24.0,71.29,41.7,1.0,0,0,1,0,3,60.668,35.586666,45.0,72.726364,31.836363,44.0,0,,,18.0,10637.0,18
21137,87,45,42,20,1,2,1,3,3,3,25.81,74.0,62.0,34.92,61.0,63.0,10637.0,-,11.0,18.0,5,2,28,0,3,87,18.0,61.83,33.253334,18.0,77.113335,11.078889,,1,0,1,0,3,60.668,35.586666,45.0,72.726364,31.836363,44.0,1,18.0,18.0,18.0,10637.0,18
21138,25,15,10,7,2,2,1,8,1,1,22.73,76.0,22.0,27.27,58.0,22.0,10637.0,-,12.0,48.0,5,1,25,0,1,25,22.0,58.18,27.3,22.0,75.73,22.7,1.0,0,0,0,0,1,58.18,27.3,22.0,75.73,22.7,22.0,0,,,48.0,10637.0,48
21141,16,11,5,6,1,1,1,0,1,1,18.75,81.0,16.0,25.0,74.0,16.0,661.0,() ,11.0,0.0,5,1,16,0,1,16,16.0,73.81,25.0,16.0,80.88,18.8,1.0,0,0,0,0,1,73.81,25.0,16.0,80.88,18.8,16.0,0,,,0.0,661.0,0
21144,51,28,23,12,1,1,1,1,2,2,14.89,84.0,47.0,12.77,80.0,47.0,4085.0, ,11.0,1.0,5,1,25,0,2,51,23.0,82.3,4.3,23.0,83.57,8.7,1.0,0,0,0,0,2,79.91532,12.725532,47.0,83.728294,14.878723,47.0,0,,,1.0,4085.0,1
21144,51,28,23,12,1,1,1,1,2,2,14.89,84.0,47.0,12.77,80.0,47.0,4085.0, ,11.0,1.0,5,2,26,0,2,51,24.0,77.63,20.8,24.0,83.88,20.8,1.0,0,0,0,0,2,79.91532,12.725532,47.0,83.728294,14.878723,47.0,0,,,1.0,4085.0,1
21145,82,44,38,17,1,1,1,1,3,3,9.88,85.0,81.0,7.41,80.0,81.0,802.0,,11.0,3.0,5,2,27,0,3,82,26.0,85.27,7.7,26.0,86.42,11.5,1.0,0,0,1,0,3,81.89018,9.0709095,55.0,85.67127,10.867272,55.0,0,,,3.0,802.0,3
21145,82,44,38,17,1,1,1,1,3,3,9.88,85.0,81.0,7.41,80.0,81.0,802.0,,11.0,3.0,5,3,29,0,3,82,29.0,78.86,10.3,29.0,85.0,10.3,1.0,0,0,1,0,3,81.89018,9.0709095,55.0,85.67127,10.867272,55.0,0,,,3.0,802.0,3
21145,82,44,38,17,1,1,1,1,3,3,9.88,85.0,81.0,7.41,80.0,81.0,802.0,,11.0,3.0,5,1,26,0,3,82,26.0,76.00154,3.8965385,26.0,83.58,7.7915382,,1,0,1,0,3,81.89018,9.0709095,55.0,85.67127,10.867272,55.0,1,26.0,26.0,3.0,802.0,3
21146,48,20,28,12,1,1,1,3,2,2,25.0,71.0,40.0,27.5,66.0,40.0,91009.0,,11.0,17.0,5,1,24,0,2,48,20.0,68.0,20.0,20.0,66.85,35.0,1.0,0,0,0,0,2,65.85,27.5,40.0,70.925,25.0,40.0,0,,,17.0,91009.0,17
21146,48,20,28,12,1,1,1,3,2,2,25.0,71.0,40.0,27.5,66.0,40.0,91009.0,,11.0,17.0,5,2,24,0,2,48,20.0,63.7,35.0,20.0,75.0,15.0,1.0,0,0,0,0,2,65.85,27.5,40.0,70.925,25.0,40.0,0,,,17.0,91009.0,17
21147,124,57,67,19,1,1,1,1,4,3,14.14,79.0,99.0,20.0,72.0,100.0,91009.0,,11.0,3.0,5,1,39,0,3,114,39.0,71.41,23.1,38.0,77.16,23.7,1.0,0,0,0,0,3,71.137566,22.516216,111.0,76.008,22.718182,110.0,0,,,3.0,91009.0,3
21147,124,57,67,19,1,1,1,1,4,3,14.14,79.0,99.0,20.0,72.0,100.0,91009.0,,11.0,3.0,5,2,38,0,3,114,36.0,68.56,22.2,36.0,78.33,19.4,1.0,0,0,0,0,3,71.137566,22.516216,111.0,76.008,22.718182,110.0,0,,,3.0,91009.0,3
21147,124,57,67,19,1,1,1,1,4,3,14.14,79.0,99.0,20.0,72.0,100.0,91009.0,,11.0,3.0,5,3,37,0,3,114,36.0,73.42,22.2,36.0,72.47,25.0,1.0,0,0,0,0,3,71.137566,22.516216,111.0,76.008,22.718182,110.0,0,,,3.0,91009.0,3
21148,42,26,16,11,1,1,1,5,2,2,48.72,64.0,39.0,58.97,48.0,39.0,91009.0,,11.0,38.0,5,2,22,0,2,42,20.0,48.7,60.0,20.0,64.15,50.0,1.0,0,0,1,0,2,48.7,60.0,20.0,64.15,50.0,20.0,0,,,38.0,91009.0,38
21148,42,26,16,11,1,1,1,5,2,2,48.72,64.0,39.0,58.97,48.0,39.0,91009.0,,11.0,38.0,5,1,20,0,2,42,19.0,47.263157,57.885788,19.0,63.842106,47.37263,,1,0,1,0,2,48.7,60.0,20.0,64.15,50.0,20.0,1,19.0,19.0,38.0,91009.0,38
21149,92,40,52,17,1,1,1,5,3,3,36.9,68.0,84.0,35.23,57.0,88.0,91009.0,,11.0,20.0,5,1,31,0,3,92,31.0,54.35,38.7,29.0,66.83,44.8,1.0,0,0,0,0,3,57.419434,35.245453,88.0,67.87179,36.90238,84.0,0,,,20.0,91009.0,20
21149,92,40,52,17,1,1,1,5,3,3,36.9,68.0,84.0,35.23,57.0,88.0,91009.0,,11.0,20.0,5,2,30,0,3,92,29.0,55.66,48.3,28.0,62.54,42.9,1.0,0,0,0,0,3,57.419434,35.245453,88.0,67.87179,36.90238,84.0,0,,,20.0,91009.0,20
21149,92,40,52,17,1,1,1,5,3,3,36.9,68.0,84.0,35.23,57.0,88.0,91009.0,,11.0,20.0,5,3,31,0,3,92,28.0,62.64,17.9,27.0,74.52,22.2,1.0,0,0,0,0,3,57.419434,35.245453,88.0,67.87179,36.90238,84.0,0,,,20.0,91009.0,20
21151,120,58,62,19,1,1,1,1,3,3,20.0,79.0,105.0,16.04,71.0,106.0,91009.0,,11.0,4.0,5,1,40,0,3,120,34.0,70.44,14.7,34.0,79.53,14.7,1.0,0,0,0,0,3,70.708305,16.024529,106.0,79.32314,19.999048,105.0,0,,,4.0,91009.0,4
21151,120,58,62,19,1,1,1,1,3,3,20.0,79.0,105.0,16.04,71.0,106.0,91009.0,,11.0,4.0,5,2,40,0,3,120,36.0,68.92,19.4,35.0,76.77,34.3,1.0,0,0,0,0,3,70.708305,16.024529,106.0,79.32314,19.999048,105.0,0,,,4.0,91009.0,4
21151,120,58,62,19,1,1,1,1,3,3,20.0,79.0,105.0,16.04,71.0,106.0,91009.0,,11.0,4.0,5,3,40,0,3,120,36.0,72.75,13.9,36.0,81.61,11.1,1.0,0,0,0,0,3,70.708305,16.024529,106.0,79.32314,19.999048,105.0,0,,,4.0,91009.0,4
21153,24,12,12,7,2,1,1,7,1,1,24.0,74.0,25.0,44.0,62.0,25.0,91009.0,,12.0,30.0,5,1,24,0,1,24,25.0,62.0,44.0,25.0,74.0,24.0,,1,0,1,0,1,,,,,,,1,,,30.0,91009.0,30
21160,41,24,17,12,1,2,1,2,2,2,41.67,67.0,36.0,40.54,52.0,37.0,10611.0, ,11.0,24.0,5,1,27,0,2,54,18.0,62.17,22.2,18.0,73.11,33.3,1.0,0,0,0,0,2,52.45946,40.532433,37.0,66.89,41.65,36.0,0,,,24.0,10611.0,24
21160,41,24,17,12,1,2,1,2,2,2,41.67,67.0,36.0,40.54,52.0,37.0,10611.0, ,11.0,24.0,5,2,27,0,2,54,19.0,43.26,57.9,18.0,60.67,50.0,1.0,0,0,0,0,2,52.45946,40.532433,37.0,66.89,41.65,36.0,0,,,24.0,10611.0,24
21162,52,25,27,11,1,2,1,3,2,1,38.71,64.0,31.0,32.26,60.0,31.0,10611.0, ,11.0,22.0,5,1,40,0,1,40,31.0,60.13,32.3,31.0,64.0,38.7,1.0,0,0,0,0,1,60.13,32.3,31.0,64.0,38.7,31.0,0,,,22.0,10611.0,22
21163,26,13,13,6,1,1,1,0,1,1,46.43,69.0,28.0,53.57,54.0,28.0,5785.0,,11.0,20.0,5,1,26,0,1,26,28.0,53.79,53.6,28.0,69.04,46.4,1.0,0,0,0,0,1,53.79,53.6,28.0,69.04,46.4,28.0,0,,,20.0,5785.0,20
21166,23,11,12,6,1,1,1,1,1,1,13.04,86.0,23.0,26.09,68.0,23.0,3764.0,,11.0,2.0,5,1,24,0,1,24,23.0,67.61,26.1,23.0,85.65,13.0,1.0,0,0,0,0,1,67.61,26.1,23.0,85.65,13.0,23.0,0,,,2.0,3764.0,2
21168,43,23,20,14,1,1,1,1,2,2,16.67,83.0,36.0,2.56,73.0,39.0,2733.0, ,11.0,0.0,5,1,21,0,2,43,18.0,73.33,5.6,18.0,84.56,16.7,1.0,0,0,1,0,2,73.33,5.6,18.0,84.56,16.7,18.0,0,,,0.0,2733.0,0
21168,43,23,20,14,1,1,1,1,2,2,16.67,83.0,36.0,2.56,73.0,39.0,2733.0, ,11.0,0.0,5,2,22,0,2,43,21.0,72.71714,,18.0,81.44,16.64,,1,0,1,0,2,73.33,5.6,18.0,84.56,16.7,18.0,1,18.0,21.0,0.0,2733.0,0
21171,23,10,13,6,1,1,1,0,1,1,5.26,88.0,19.0,0.0,78.0,19.0,2899.0, ,11.0,0.0,5,1,23,0,1,23,19.0,78.53,0.0,19.0,88.21,5.3,1.0,0,0,0,0,1,78.53,0.0,19.0,88.21,5.3,19.0,0,,,0.0,2899.0,0
21173,34,22,12,6,1,1,1,1,1,1,21.21,80.0,33.0,33.33,64.0,33.0,2709.0, ,11.0,4.0,5,1,34,0,1,34,33.0,63.97,33.3,33.0,79.79,21.2,1.0,0,0,0,0,1,63.97,33.3,33.0,79.79,21.2,33.0,0,,,4.0,2709.0,4
21175,42,21,21,11,1,1,1,0,2,2,39.47,78.0,38.0,23.08,62.0,39.0,893.0,()  ,11.0,0.0,5,2,22,0,2,42,18.0,64.5,27.8,18.0,76.78,38.9,1.0,0,0,1,0,2,64.5,27.8,18.0,76.78,38.9,18.0,0,,,0.0,893.0,0
21175,42,21,21,11,1,1,1,0,2,2,39.47,78.0,38.0,23.08,62.0,39.0,893.0,()  ,11.0,0.0,5,1,20,0,2,42,21.0,59.857143,19.034286,20.0,79.098,39.983,,1,0,1,0,2,64.5,27.8,18.0,76.78,38.9,18.0,1,20.0,21.0,0.0,893.0,0
21176,12,8,4,6,1,1,1,1,1,1,60.0,69.0,10.0,45.45,64.0,11.0,828.0,()  ,11.0,3.0,5,1,12,0,1,12,11.0,63.91,45.5,10.0,68.8,60.0,1.0,0,0,0,0,1,63.91,45.5,11.0,68.8,60.0,10.0,0,,,3.0,828.0,3
21178,48,28,20,12,1,2,1,5,2,2,29.79,65.0,47.0,32.65,61.0,49.0,76000.0,,11.0,21.0,5,1,27,0,2,48,24.0,57.71,37.5,23.0,73.17,13.0,1.0,0,0,1,0,2,57.71,37.5,24.0,73.17,13.0,23.0,0,,,21.0,76000.0,21
21178,48,28,20,12,1,2,1,5,2,2,29.79,65.0,47.0,32.65,61.0,49.0,76000.0,,11.0,21.0,5,2,21,0,2,48,25.0,64.1584,27.994,24.0,57.170418,45.880417,,1,0,1,0,2,57.71,37.5,24.0,73.17,13.0,23.0,1,24.0,25.0,21.0,76000.0,21
21179,113,60,53,22,1,2,1,4,4,3,31.03,67.0,87.0,14.77,63.0,88.0,76000.0,,11.0,23.0,5,1,34,0,3,98,30.0,65.87,16.7,30.0,72.03,26.7,1.0,0,0,0,0,3,63.113636,14.777273,88.0,67.43667,31.032185,87.0,0,,,23.0,76000.0,23
21179,113,60,53,22,1,2,1,4,4,3,31.03,67.0,87.0,14.77,63.0,88.0,76000.0,,11.0,23.0,5,2,32,0,3,98,28.0,58.75,14.3,28.0,58.11,50.0,1.0,0,0,0,0,3,63.113636,14.777273,88.0,67.43667,31.032185,87.0,0,,,23.0,76000.0,23
21179,113,60,53,22,1,2,1,4,4,3,31.03,67.0,87.0,14.77,63.0,88.0,76000.0,,11.0,23.0,5,3,32,0,3,98,30.0,64.43,13.3,29.0,71.69,17.2,1.0,0,0,0,0,3,63.113636,14.777273,88.0,67.43667,31.032185,87.0,0,,,23.0,76000.0,23
21181,83,47,36,17,1,2,1,2,3,2,8.06,81.0,62.0,19.05,67.0,63.0,76000.0,,11.0,15.0,5,1,37,0,2,71,35.0,69.31,8.6,34.0,84.32,5.9,1.0,0,0,0,0,2,67.22111,19.044445,63.0,80.80645,8.067742,62.0,0,,,15.0,76000.0,15
21181,83,47,36,17,1,2,1,2,3,2,8.06,81.0,62.0,19.05,67.0,63.0,76000.0,,11.0,15.0,5,2,34,0,2,71,28.0,64.61,32.1,28.0,76.54,10.7,1.0,0,0,0,0,2,67.22111,19.044445,63.0,80.80645,8.067742,62.0,0,,,15.0,76000.0,15
21182,54,25,29,12,1,2,1,2,2,2,41.18,64.0,51.0,43.33,54.0,60.0,76000.0,,11.0,5.0,5,2,25,0,2,54,26.0,55.62,50.0,24.0,61.63,45.8,1.0,0,0,1,0,2,55.62,50.0,26.0,61.63,45.8,24.0,0,,,5.0,76000.0,5
21182,54,25,29,12,1,2,1,2,2,2,41.18,64.0,51.0,43.33,54.0,60.0,76000.0,,11.0,5.0,5,1,29,0,2,54,34.0,52.761177,38.229412,27.0,66.10667,37.073334,,1,0,1,0,2,55.62,50.0,26.0,61.63,45.8,24.0,1,27.0,34.0,5.0,76000.0,5
21184,46,21,25,14,2,2,1,4,2,2,26.83,76.0,41.0,12.2,74.0,41.0,76000.0,,12.0,33.0,5,1,23,0,2,46,22.0,71.68,13.6,22.0,75.86,27.3,1.0,0,0,0,0,2,74.24268,12.163415,41.0,76.33732,26.836586,41.0,0,,,33.0,76000.0,33
21184,46,21,25,14,2,2,1,4,2,2,26.83,76.0,41.0,12.2,74.0,41.0,76000.0,,12.0,33.0,5,2,23,0,2,46,19.0,77.21,10.5,19.0,76.89,26.3,1.0,0,0,0,0,2,74.24268,12.163415,41.0,76.33732,26.836586,41.0,0,,,33.0,76000.0,33
21185,38,19,19,7,2,2,1,6,2,2,25.0,72.0,36.0,47.22,59.0,36.0,76000.0,,12.0,35.0,5,2,19,0,2,38,18.0,57.11,61.1,18.0,73.89,22.2,1.0,0,0,1,0,2,57.11,61.1,18.0,73.89,22.2,18.0,0,,,35.0,76000.0,35
21185,38,19,19,7,2,2,1,6,2,2,25.0,72.0,36.0,47.22,59.0,36.0,76000.0,,12.0,35.0,5,1,19,0,2,38,18.0,60.89,33.34,18.0,70.11,27.8,,1,0,1,0,2,57.11,61.1,18.0,73.89,22.2,18.0,1,18.0,18.0,35.0,76000.0,35
21190,72,34,38,15,1,1,1,5,3,2,41.38,62.0,58.0,27.69,61.0,65.0,77008.0,,11.0,30.0,5,1,32,0,2,64,33.0,56.58,33.3,32.0,57.41,53.1,1.0,0,0,0,0,2,61.050156,27.687693,65.0,62.000343,41.35517,58.0,0,,,30.0,77008.0,30
21190,72,34,38,15,1,1,1,5,3,2,41.38,62.0,58.0,27.69,61.0,65.0,77008.0,,11.0,30.0,5,2,32,0,2,64,32.0,65.66,21.9,26.0,67.65,26.9,1.0,0,0,0,0,2,61.050156,27.687693,65.0,62.000343,41.35517,58.0,0,,,30.0,77008.0,30
21191,128,59,69,21,1,1,1,2,4,3,17.48,74.0,103.0,14.15,71.0,106.0,77008.0,,11.0,11.0,5,1,40,0,3,119,37.0,71.86,13.5,37.0,75.24,16.2,1.0,0,0,0,0,3,71.21613,14.145283,106.0,74.49437,17.469902,103.0,0,,,11.0,77008.0,11
21191,128,59,69,21,1,1,1,2,4,3,17.48,74.0,103.0,14.15,71.0,106.0,77008.0,,11.0,11.0,5,2,40,0,3,119,38.0,72.03,18.4,36.0,75.14,25.0,1.0,0,0,0,0,3,71.21613,14.145283,106.0,74.49437,17.469902,103.0,0,,,11.0,77008.0,11
21191,128,59,69,21,1,1,1,2,4,3,17.48,74.0,103.0,14.15,71.0,106.0,77008.0,,11.0,11.0,5,3,39,0,3,119,31.0,69.45,9.7,30.0,72.8,10.0,1.0,0,0,0,0,3,71.21613,14.145283,106.0,74.49437,17.469902,103.0,0,,,11.0,77008.0,11
21192,81,40,41,14,1,1,1,4,3,2,44.44,60.0,72.0,49.32,55.0,73.0,77008.0,,11.0,20.0,5,1,36,0,2,72,37.0,58.0,27.0,36.0,64.47,33.3,1.0,0,0,0,0,2,54.602192,49.29041,73.0,60.195,44.45,72.0,0,,,20.0,77008.0,20
21192,81,40,41,14,1,1,1,4,3,2,44.44,60.0,72.0,49.32,55.0,73.0,77008.0,,11.0,20.0,5,2,36,0,2,72,36.0,51.11,72.2,36.0,55.92,55.6,1.0,0,0,0,0,2,54.602192,49.29041,73.0,60.195,44.45,72.0,0,,,20.0,77008.0,20
21194,86,43,43,13,2,1,1,4,3,3,33.33,73.0,63.0,31.75,69.0,63.0,77008.0,,12.0,28.0,5,1,29,0,3,86,27.0,57.33,44.4,27.0,58.7,44.4,1.0,0,0,1,0,3,59.32362,46.53793,58.0,63.12017,48.248276,58.0,0,,,28.0,77008.0,28
21194,86,43,43,13,2,1,1,4,3,3,33.33,73.0,63.0,31.75,69.0,63.0,77008.0,,12.0,28.0,5,2,29,0,3,86,31.0,61.06,48.4,31.0,66.97,51.6,1.0,0,0,1,0,3,59.32362,46.53793,58.0,63.12017,48.248276,58.0,0,,,28.0,77008.0,28
21194,86,43,43,13,2,1,1,4,3,3,33.33,73.0,63.0,31.75,69.0,63.0,77008.0,,12.0,28.0,5,3,28,0,3,86,5.0,181.246,,5.0,187.606,,,1,0,1,0,3,59.32362,46.53793,58.0,63.12017,48.248276,58.0,1,5.0,5.0,28.0,77008.0,28
21195,48,28,20,12,2,1,1,8,2,2,45.83,62.0,48.0,67.35,49.0,49.0,77008.0,,12.0,71.0,5,1,21,0,2,48,25.0,55.04,48.0,24.0,64.83,37.5,1.0,0,0,0,0,2,48.63347,67.34694,49.0,61.77,45.85,48.0,0,,,71.0,77008.0,71
21195,48,28,20,12,2,1,1,8,2,2,45.83,62.0,48.0,67.35,49.0,49.0,77008.0,,12.0,71.0,5,2,27,0,2,48,24.0,41.96,87.5,24.0,58.71,54.2,1.0,0,0,0,0,2,48.63347,67.34694,49.0,61.77,45.85,48.0,0,,,71.0,77008.0,71
21196,41,20,21,8,2,1,1,8,2,2,50.0,59.0,38.0,61.54,42.0,39.0,77008.0,,12.0,76.0,5,1,20,0,2,41,20.0,44.8,60.0,19.0,62.68,52.6,1.0,0,0,1,0,2,44.8,60.0,20.0,62.68,52.6,19.0,0,,,76.0,77008.0,76
21196,41,20,21,8,2,1,1,8,2,2,50.0,59.0,38.0,61.54,42.0,39.0,77008.0,,12.0,76.0,5,2,21,0,2,41,19.0,39.05263,63.161053,19.0,55.32,47.4,,1,0,1,0,2,44.8,60.0,20.0,62.68,52.6,19.0,1,19.0,19.0,76.0,77008.0,76
21200,24,15,9,6,1,1,1,1,1,1,11.11,83.0,18.0,11.11,82.0,18.0,5991.0,,11.0,5.0,5,1,24,0,1,24,18.0,81.5,11.1,18.0,82.67,11.1,1.0,0,0,0,0,1,81.5,11.1,18.0,82.67,11.1,18.0,0,,,15.0,5991.0,5
21201,27,14,13,13,2,2,1,6,2,2,48.0,59.0,25.0,48.0,54.0,25.0,20529.0,,12.0,49.0,5,1,14,0,2,27,13.0,60.08,46.2,13.0,62.54,46.2,1.0,0,0,0,0,2,54.0416,48.024,25.0,58.7624,48.024,25.0,0,,,49.0,20529.0,49
21201,27,14,13,13,2,2,1,6,2,2,48.0,59.0,25.0,48.0,54.0,25.0,20529.0,,12.0,49.0,5,2,13,0,2,27,12.0,47.5,50.0,12.0,54.67,50.0,1.0,0,0,0,0,2,54.0416,48.024,25.0,58.7624,48.024,25.0,0,,,49.0,20529.0,49
21203,56,28,28,13,1,2,1,2,2,2,21.05,76.0,38.0,20.51,68.0,39.0,80002.0,,11.0,8.0,5,1,27,0,2,56,19.0,69.47,15.8,19.0,77.89,15.8,1.0,0,0,0,0,2,67.61359,20.517948,39.0,76.315,21.05,38.0,0,,,8.0,80002.0,8
21203,56,28,28,13,1,2,1,2,2,2,21.05,76.0,38.0,20.51,68.0,39.0,80002.0,,11.0,8.0,5,2,29,0,2,56,20.0,65.85,25.0,19.0,74.74,26.3,1.0,0,0,0,0,2,67.61359,20.517948,39.0,76.315,21.05,38.0,0,,,8.0,80002.0,8
21204,27,12,15,8,1,2,1,5,1,1,22.22,75.0,27.0,25.93,65.0,27.0,80002.0,,11.0,41.0,5,1,27,0,1,27,27.0,65.11,25.9,27.0,74.89,22.2,1.0,0,0,0,0,1,65.11,25.9,27.0,74.89,22.2,27.0,0,,,41.0,80002.0,41
21205,75,38,37,20,1,2,1,4,2,2,25.0,74.0,68.0,42.03,66.0,69.0,80002.0,,11.0,21.0,5,1,36,0,2,75,33.0,68.67,42.4,32.0,72.13,21.9,1.0,0,0,0,0,2,66.19174,42.034782,69.0,73.63353,25.02353,68.0,0,,,21.0,80002.0,21
21205,75,38,37,20,1,2,1,4,2,2,25.0,74.0,68.0,42.03,66.0,69.0,80002.0,,11.0,21.0,5,2,39,0,2,75,36.0,63.92,41.7,36.0,74.97,27.8,1.0,0,0,0,0,2,66.19174,42.034782,69.0,73.63353,25.02353,68.0,0,,,21.0,80002.0,21
21206,35,18,17,8,2,2,1,7,1,1,44.83,72.0,29.0,34.48,63.0,29.0,80002.0,,12.0,32.0,5,1,35,0,1,35,29.0,62.79,34.5,29.0,72.21,44.8,1.0,0,0,0,0,1,62.79,34.5,29.0,72.21,44.8,29.0,0,,,32.0,80002.0,32
21208,60,29,31,16,1,2,1,8,2,2,30.36,69.0,56.0,30.91,63.0,55.0,28001.0, ,11.0,40.0,5,1,27,0,2,60,23.0,60.3,43.5,24.0,64.67,33.3,1.0,0,0,0,0,2,62.796,30.932728,55.0,69.00143,30.328571,56.0,0,,,40.0,28001.0,40
21208,60,29,31,16,1,2,1,8,2,2,30.36,69.0,56.0,30.91,63.0,55.0,28001.0, ,11.0,40.0,5,2,33,0,2,60,32.0,64.59,21.9,32.0,72.25,28.1,1.0,0,0,0,0,2,62.796,30.932728,55.0,69.00143,30.328571,56.0,0,,,40.0,28001.0,40
21209,75,38,37,17,1,2,1,4,2,2,29.33,72.0,75.0,30.67,68.0,75.0,28001.0, ,11.0,41.0,5,1,38,0,2,75,39.0,62.38,33.3,39.0,67.74,33.3,1.0,0,0,0,0,2,68.356,30.66,75.0,72.0648,29.316,75.0,0,,,41.0,28001.0,41
21209,75,38,37,17,1,2,1,4,2,2,29.33,72.0,75.0,30.67,68.0,75.0,28001.0, ,11.0,41.0,5,2,37,0,2,75,36.0,74.83,27.8,36.0,76.75,25.0,1.0,0,0,0,0,2,68.356,30.66,75.0,72.0648,29.316,75.0,0,,,41.0,28001.0,41
21210,66,33,33,16,1,2,1,6,2,2,19.23,72.0,52.0,27.27,70.0,55.0,28001.0, ,11.0,46.0,5,1,33,0,2,66,29.0,69.38,27.6,29.0,71.62,24.1,1.0,0,0,0,0,2,68.59983,30.028334,60.0,68.725,27.55,58.0,0,,,46.0,28001.0,46
21210,66,33,33,16,1,2,1,6,2,2,19.23,72.0,52.0,27.27,70.0,55.0,28001.0, ,11.0,46.0,5,2,33,0,2,66,31.0,67.87,32.3,29.0,65.83,31.0,1.0,0,0,0,0,2,68.59983,30.028334,60.0,68.725,27.55,58.0,0,,,46.0,28001.0,46
21211,22,12,10,6,2,2,1,8,1,1,45.0,58.0,20.0,14.29,66.0,21.0,28001.0, ,12.0,56.0,5,1,22,0,1,22,21.0,66.43,14.3,20.0,58.2,45.0,1.0,0,0,0,0,1,66.43,14.3,21.0,58.2,45.0,20.0,0,,,56.0,28001.0,56
21212,56,29,27,12,2,2,1,6,2,2,30.19,70.0,53.0,26.42,67.0,53.0,28001.0, ,12.0,44.0,5,1,28,0,2,56,25.0,66.4,32.0,25.0,74.6,24.0,1.0,0,0,0,0,2,67.208305,26.4,53.0,69.71849,30.181131,53.0,0,,,44.0,28001.0,44
21212,56,29,27,12,2,2,1,6,2,2,30.19,70.0,53.0,26.42,67.0,53.0,28001.0, ,12.0,44.0,5,2,28,0,2,56,28.0,67.93,21.4,28.0,65.36,35.7,1.0,0,0,0,0,2,67.208305,26.4,53.0,69.71849,30.181131,53.0,0,,,44.0,28001.0,44
21213,22,15,7,6,1,1,1,0,1,1,28.57,81.0,21.0,19.05,72.0,21.0,5793.0,  ,11.0,0.0,5,1,22,0,1,22,21.0,72.33,19.0,21.0,80.9,28.6,1.0,0,0,0,0,1,72.33,19.0,21.0,80.9,28.6,21.0,0,,,0.0,5793.0,0
21214,34,17,17,10,1,1,1,1,1,1,21.88,80.0,32.0,17.65,71.0,34.0,265.0, ,11.0,4.0,5,1,34,0,1,34,34.0,71.0,17.65,32.0,80.0,21.88,,1,0,1,0,1,,,,,,,1,,,4.0,265.0,4
21215,41,20,21,12,1,1,1,1,2,2,13.16,83.0,38.0,15.79,71.0,38.0,3905.0,,11.0,3.0,5,1,21,0,2,41,21.0,70.67,14.3,21.0,82.05,9.5,1.0,0,0,0,0,2,71.265,15.776316,38.0,83.369736,13.123684,38.0,0,,,3.0,3905.0,3
21215,41,20,21,12,1,1,1,1,2,2,13.16,83.0,38.0,15.79,71.0,38.0,3905.0,,11.0,3.0,5,2,20,0,2,41,17.0,72.0,17.6,17.0,85.0,17.6,1.0,0,0,0,0,2,71.265,15.776316,38.0,83.369736,13.123684,38.0,0,,,3.0,3905.0,3
21221,52,27,25,12,1,1,1,1,2,2,19.23,76.0,52.0,17.31,72.0,52.0,1222.0, ,11.0,6.0,5,1,25,0,2,52,30.0,67.33,26.7,30.0,73.47,26.7,1.0,0,0,0,0,2,70.814445,20.38889,54.0,75.74111,22.255556,54.0,0,,,6.0,1222.0,6
21221,52,27,25,12,1,1,1,1,2,2,19.23,76.0,52.0,17.31,72.0,52.0,1222.0, ,11.0,6.0,5,2,27,0,2,52,24.0,75.17,12.5,24.0,78.58,16.7,1.0,0,0,0,0,2,70.814445,20.38889,54.0,75.74111,22.255556,54.0,0,,,6.0,1222.0,6
21227,109,59,50,19,2,1,1,,4,3,21.43,78.0,84.0,50.59,57.0,85.0,3046.0, ,12.0,4.0,5,2,32,0,3,94,31.0,60.52,48.4,31.0,81.29,9.7,1.0,0,0,1,0,3,55.529823,52.642105,57.0,76.89281,21.057896,57.0,0,,,4.0,3046.0,4
21227,109,59,50,19,2,1,1,,4,3,21.43,78.0,84.0,50.59,57.0,85.0,3046.0, ,12.0,4.0,5,3,31,0,3,94,26.0,49.58,57.7,26.0,71.65,34.6,1.0,0,0,1,0,3,55.529823,52.642105,57.0,76.89281,21.057896,57.0,0,,,4.0,3046.0,4
21227,109,59,50,19,2,1,1,,4,3,21.43,78.0,84.0,50.59,57.0,85.0,3046.0, ,12.0,4.0,5,1,31,0,3,94,28.0,59.99286,46.4125,27.0,80.33741,22.215555,,1,0,1,0,3,55.529823,52.642105,57.0,76.89281,21.057896,57.0,1,27.0,28.0,4.0,3046.0,4
21229,12,6,6,6,2,1,1,1,1,1,27.27,77.0,11.0,58.33,50.0,12.0,1420.0, ,12.0,5.0,5,1,12,0,1,12,12.0,50.17,58.3,11.0,77.27,27.3,1.0,0,0,0,0,1,50.17,58.3,12.0,77.27,27.3,11.0,0,,,5.0,1420.0,5
21235,25,11,14,7,1,2,1,5,1,1,45.0,63.0,20.0,75.0,44.0,24.0,8128.0,,11.0,35.0,5,1,25,0,1,25,24.0,44.0,75.0,20.0,63.0,45.0,,1,0,1,0,1,,,,,,,1,,,35.0,8128.0,35
21236,44,25,19,9,2,2,1,8,2,2,7.89,71.0,38.0,23.68,63.0,38.0,8128.0,,12.0,35.0,5,1,24,0,2,44,21.0,63.0,19.0,21.0,75.76,0.0,1.0,0,0,0,0,2,62.97316,23.652632,38.0,70.628685,7.8736844,38.0,0,,,35.0,8128.0,35
21236,44,25,19,9,2,2,1,8,2,2,7.89,71.0,38.0,23.68,63.0,38.0,8128.0,,12.0,35.0,5,2,20,0,2,44,17.0,62.94,29.4,17.0,64.29,17.6,1.0,0,0,0,0,2,62.97316,23.652632,38.0,70.628685,7.8736844,38.0,0,,,35.0,8128.0,35
21241,43,22,21,11,1,1,1,1,2,2,27.5,78.0,40.0,20.0,69.0,40.0,1263.0,,11.0,2.0,5,1,22,0,2,43,20.0,65.9,30.0,20.0,76.65,35.0,1.0,0,0,1,0,2,65.9,30.0,20.0,76.65,35.0,20.0,0,,,2.0,1263.0,2
21241,43,22,21,11,1,1,1,1,2,2,27.5,78.0,40.0,20.0,69.0,40.0,1263.0,,11.0,2.0,5,2,21,0,2,43,20.0,72.1,10.0,20.0,79.35,20.0,,1,0,1,0,2,65.9,30.0,20.0,76.65,35.0,20.0,1,20.0,20.0,2.0,1263.0,2
21258,20,12,8,6,2,2,1,8,1,1,40.0,70.0,20.0,65.0,51.0,20.0,10611.0, ,12.0,63.0,5,1,20,0,1,20,20.0,51.1,65.0,20.0,69.75,40.0,1.0,0,0,0,0,1,51.1,65.0,20.0,69.75,40.0,20.0,0,,,63.0,10611.0,63
21265,58,25,33,20,1,2,1,5,2,2,33.93,74.0,56.0,15.79,66.0,57.0,28001.0, ,11.0,34.0,5,1,32,0,2,58,31.0,64.35,12.9,31.0,71.9,45.2,1.0,0,0,0,0,2,66.43456,15.7736845,57.0,74.123215,33.95,56.0,0,,,34.0,28001.0,34
21265,58,25,33,20,1,2,1,5,2,2,33.93,74.0,56.0,15.79,66.0,57.0,28001.0, ,11.0,34.0,5,2,26,0,2,58,26.0,68.92,19.2,25.0,76.88,20.0,1.0,0,0,0,0,2,66.43456,15.7736845,57.0,74.123215,33.95,56.0,0,,,34.0,28001.0,34
21268,99,56,43,23,2,2,1,6,3,3,47.3,64.0,74.0,41.89,56.0,74.0,80002.0,,12.0,38.0,5,1,28,0,2,56,22.0,63.82,27.3,22.0,64.95,45.5,1.0,0,0,0,0,2,57.205,38.65,44.0,62.68,50.0,44.0,0,,,38.0,80002.0,38
21268,99,56,43,23,2,2,1,6,3,3,47.3,64.0,74.0,41.89,56.0,74.0,80002.0,,12.0,38.0,5,2,28,0,2,56,22.0,50.59,50.0,22.0,60.41,54.5,1.0,0,0,0,0,2,57.205,38.65,44.0,62.68,50.0,44.0,0,,,38.0,80002.0,38
21273,34,18,16,10,1,1,1,5,2,1,41.67,65.0,24.0,45.83,56.0,24.0,77008.0,,11.0,33.0,5,1,23,0,1,23,24.0,56.0,45.83,24.0,65.0,41.67,,1,0,1,0,1,,,,,,,1,,,33.0,77008.0,33
21275,21,7,14,8,1,1,1,2,1,1,19.05,75.0,21.0,38.1,60.0,21.0,299.0, ,11.0,11.0,5,1,21,0,1,21,21.0,59.9,38.1,21.0,75.38,19.0,1.0,0,0,0,0,1,59.9,38.1,21.0,75.38,19.0,21.0,0,,,11.0,299.0,11
21276,23,6,17,9,2,2,1,8,1,1,5.26,77.0,19.0,21.05,64.0,19.0,20347.0, ,12.0,59.0,5,1,23,0,1,23,23.0,58.43,34.8,23.0,72.57,17.4,1.0,0,0,0,0,1,58.43,34.8,23.0,72.57,17.4,23.0,0,,,59.0,20347.0,59
21277,59,25,34,13,1,2,1,1,2,2,41.18,63.0,51.0,39.66,50.0,58.0,11395.0,,11.0,11.0,5,2,29,0,2,59,30.0,53.57,33.3,26.0,67.58,34.6,1.0,0,0,1,0,2,53.57,33.3,30.0,67.58,34.6,26.0,0,,,11.0,11395.0,11
21277,59,25,34,13,1,2,1,1,2,2,41.18,63.0,51.0,39.66,50.0,58.0,11395.0,,11.0,11.0,5,1,30,0,2,59,28.0,46.175,46.474285,25.0,58.2368,48.0232,,1,0,1,0,2,53.57,33.3,30.0,67.58,34.6,26.0,1,25.0,28.0,11.0,11395.0,11
21279,50,24,26,12,2,2,1,6,2,2,37.25,70.0,51.0,35.29,67.0,51.0,92007.0, ,12.0,34.0,5,1,26,0,2,50,26.0,69.42,26.9,26.0,72.62,34.6,1.0,0,0,0,0,2,66.84157,35.282352,51.0,70.178825,37.24706,51.0,0,,,34.0,92007.0,34
21279,50,24,26,12,2,2,1,6,2,2,37.25,70.0,51.0,35.29,67.0,51.0,92007.0, ,12.0,34.0,5,2,24,0,2,50,25.0,64.16,44.0,25.0,67.64,40.0,1.0,0,0,0,0,2,66.84157,35.282352,51.0,70.178825,37.24706,51.0,0,,,34.0,92007.0,34
21280,17,10,7,5,1,1,1,1,1,1,14.29,77.0,7.0,14.29,69.0,7.0,4523.0,,11.0,7.0,5,1,17,0,1,17,7.0,69.0,14.29,7.0,77.0,14.29,,1,0,1,0,1,,,,,,,1,,,7.0,4523.0,7
21281,48,27,21,12,2,2,1,6,2,2,20.0,81.0,25.0,4.0,79.0,25.0,10637.0,-,12.0,43.0,5,1,27,0,2,48,16.0,71.06,18.8,16.0,76.5,18.8,1.0,0,0,0,0,2,72.790344,17.275862,29.0,76.62103,27.631035,29.0,0,,,43.0,10637.0,43
21281,48,27,21,12,2,2,1,6,2,2,20.0,81.0,25.0,4.0,79.0,25.0,10637.0,-,12.0,43.0,5,2,21,0,2,48,13.0,74.92,15.4,13.0,76.77,38.5,1.0,0,0,0,0,2,72.790344,17.275862,29.0,76.62103,27.631035,29.0,0,,,43.0,10637.0,43
21282,65,36,29,15,1,2,1,4,3,2,31.37,72.0,51.0,30.91,63.0,55.0,76000.0,,11.0,31.0,5,2,27,0,2,54,27.0,67.63,25.9,25.0,72.08,24.0,1.0,0,0,1,0,2,67.63,25.9,27.0,72.08,24.0,25.0,0,,,31.0,76000.0,31
21282,65,36,29,15,1,2,1,4,3,2,31.37,72.0,51.0,30.91,63.0,55.0,76000.0,,11.0,31.0,5,1,27,0,2,54,28.0,58.53536,35.74107,26.0,71.92308,38.45654,,1,0,1,0,2,67.63,25.9,27.0,72.08,24.0,25.0,1,26.0,28.0,31.0,76000.0,31
21285,24,9,15,9,1,2,1,7,1,1,61.9,63.0,21.0,38.1,56.0,21.0,28001.0, ,11.0,45.0,5,1,24,0,1,24,21.0,56.19,38.1,21.0,63.1,61.9,1.0,0,0,0,0,1,56.19,38.1,21.0,63.1,61.9,21.0,0,,,45.0,28001.0,45
21293,50,24,26,13,1,2,1,4,2,2,23.08,75.0,52.0,26.92,68.0,52.0,5702.0,,11.0,27.0,5,1,25,0,2,50,25.0,68.6,24.0,25.0,74.56,24.0,1.0,0,0,1,0,2,68.6,24.0,25.0,74.56,24.0,25.0,0,,,27.0,5702.0,27
21293,50,24,26,13,1,2,1,4,2,2,23.08,75.0,52.0,26.92,68.0,52.0,5702.0,,11.0,27.0,5,2,25,0,2,50,27.0,67.44444,29.623703,27.0,75.40741,22.228148,,1,0,1,0,2,68.6,24.0,25.0,74.56,24.0,25.0,1,27.0,27.0,27.0,5702.0,27
21307,86,43,43,14,1,2,1,2,3,2,26.32,73.0,57.0,26.32,68.0,57.0,10611.0, ,11.0,10.0,5,1,40,0,2,80,27.0,67.63,29.6,27.0,69.63,29.6,1.0,0,0,0,0,2,68.072105,26.28421,57.0,72.68263,26.28421,57.0,0,,,10.0,10611.0,10
21307,86,43,43,14,1,2,1,2,3,2,26.32,73.0,57.0,26.32,68.0,57.0,10611.0, ,11.0,10.0,5,2,40,0,2,80,30.0,68.47,23.3,30.0,75.43,23.3,1.0,0,0,0,0,2,68.072105,26.28421,57.0,72.68263,26.28421,57.0,0,,,10.0,10611.0,10
21310,64,36,28,13,2,2,1,4,3,2,17.95,74.0,39.0,31.71,64.0,41.0,11395.0,,12.0,44.0,5,2,26,0,2,52,22.0,72.73,22.7,20.0,79.2,25.0,1.0,0,0,1,0,2,72.73,22.7,22.0,79.2,25.0,20.0,0,,,44.0,11395.0,44
21310,64,36,28,13,2,2,1,4,3,2,17.95,74.0,39.0,31.71,64.0,41.0,11395.0,,12.0,44.0,5,1,26,0,2,52,19.0,53.89158,42.14263,19.0,68.52631,10.528948,,1,0,1,0,2,72.73,22.7,22.0,79.2,25.0,20.0,1,19.0,19.0,44.0,11395.0,44
21312,70,26,44,20,1,2,1,1,2,2,19.67,76.0,61.0,39.06,59.0,64.0,11395.0,,11.0,10.0,5,1,36,0,2,70,33.0,64.0,33.3,33.0,76.24,24.2,1.0,0,0,0,0,2,59.044846,39.064064,64.0,76.409836,19.655737,61.0,0,,,10.0,11395.0,10
21312,70,26,44,20,1,2,1,1,2,2,19.67,76.0,61.0,39.06,59.0,64.0,11395.0,,11.0,10.0,5,2,34,0,2,70,31.0,53.77,45.2,28.0,76.61,14.3,1.0,0,0,0,0,2,59.044846,39.064064,64.0,76.409836,19.655737,61.0,0,,,10.0,11395.0,10
21313,45,18,27,9,1,2,1,1,2,2,17.65,84.0,34.0,22.22,64.0,36.0,41012.0, ,11.0,3.0,5,1,23,0,2,45,18.0,61.72,33.3,16.0,85.5,12.5,1.0,0,0,0,0,2,64.445,22.2,36.0,84.53117,17.635294,34.0,0,,,3.0,41012.0,3
21313,45,18,27,9,1,2,1,1,2,2,17.65,84.0,34.0,22.22,64.0,36.0,41012.0, ,11.0,3.0,5,2,22,0,2,45,18.0,67.17,11.1,18.0,83.67,22.2,1.0,0,0,0,0,2,64.445,22.2,36.0,84.53117,17.635294,34.0,0,,,3.0,41012.0,3
21315,74,47,27,15,2,2,1,0,2,2,14.06,80.0,64.0,21.54,65.0,65.0,47019.0, ,12.0,8.0,5,1,47,0,2,74,41.0,64.71,24.4,41.0,77.66,22.0,1.0,0,0,1,0,2,64.71,24.4,41.0,77.66,22.0,41.0,0,,,8.0,40055.0,8
21315,74,47,27,15,2,2,1,0,2,2,14.06,80.0,64.0,21.54,65.0,65.0,47019.0, ,12.0,8.0,5,2,27,0,2,74,24.0,65.495415,16.654167,23.0,84.1713,,,1,0,1,0,2,64.71,24.4,41.0,77.66,22.0,41.0,1,23.0,24.0,8.0,40055.0,8
21316,33,11,22,14,2,2,1,5,2,2,41.38,64.0,29.0,56.67,52.0,30.0,10611.0, ,12.0,24.0,5,1,11,0,2,33,9.0,58.0,33.3,9.0,64.44,33.3,1.0,0,0,0,0,2,52.33,56.68,30.0,64.13655,41.368965,29.0,0,,,24.0,10611.0,24
21316,33,11,22,14,2,2,1,5,2,2,41.38,64.0,29.0,56.67,52.0,30.0,10611.0, ,12.0,24.0,5,2,22,0,2,33,21.0,49.9,66.7,20.0,64.0,45.0,1.0,0,0,0,0,2,52.33,56.68,30.0,64.13655,41.368965,29.0,0,,,24.0,10611.0,24
21322,100,56,44,22,1,2,1,4,3,3,36.73,70.0,98.0,17.0,71.0,100.0,67009.0,,11.0,24.0,5,1,33,0,3,100,34.0,67.24,20.6,32.0,68.75,50.0,1.0,0,0,0,0,3,70.7694,17.004,100.0,70.43612,36.74286,98.0,0,,,24.0,67009.0,24
21322,100,56,44,22,1,2,1,4,3,3,36.73,70.0,98.0,17.0,71.0,100.0,67009.0,,11.0,24.0,5,2,33,0,3,100,32.0,71.31,21.9,32.0,69.09,28.1,1.0,0,0,0,0,3,70.7694,17.004,100.0,70.43612,36.74286,98.0,0,,,24.0,67009.0,24
21322,100,56,44,22,1,2,1,4,3,3,36.73,70.0,98.0,17.0,71.0,100.0,67009.0,,11.0,24.0,5,3,34,0,3,100,34.0,73.79,8.8,34.0,73.29,32.4,1.0,0,0,0,0,3,70.7694,17.004,100.0,70.43612,36.74286,98.0,0,,,24.0,67009.0,24
21323,48,27,21,13,1,1,1,1,2,2,18.6,85.0,43.0,18.18,70.0,44.0,1990.0,()  ,11.0,4.0,5,2,25,0,2,48,24.0,74.08,16.7,24.0,84.71,12.5,1.0,0,0,1,0,2,74.08,16.7,24.0,84.71,12.5,24.0,0,,,4.0,1990.0,4
21323,48,27,21,13,1,1,1,1,2,2,18.6,85.0,43.0,18.18,70.0,44.0,1990.0,()  ,11.0,4.0,5,1,23,0,2,48,20.0,65.104,19.956,19.0,85.36632,26.305264,,1,0,1,0,2,74.08,16.7,24.0,84.71,12.5,24.0,1,19.0,20.0,4.0,1990.0,4
21327,45,19,26,14,1,2,1,1,2,2,20.0,80.0,40.0,10.0,73.0,40.0,40154.0, ,11.0,1.0,5,1,23,0,2,45,20.0,75.9,0.0,20.0,78.25,30.0,1.0,0,0,0,0,2,73.175,10.0,40.0,79.9,20.0,40.0,0,,,1.0,40154.0,1
21327,45,19,26,14,1,2,1,1,2,2,20.0,80.0,40.0,10.0,73.0,40.0,40154.0, ,11.0,1.0,5,2,22,0,2,45,20.0,70.45,20.0,20.0,81.55,10.0,1.0,0,0,0,0,2,73.175,10.0,40.0,79.9,20.0,40.0,0,,,1.0,40154.0,1
21328,80,41,39,13,1,2,1,2,2,2,31.88,67.0,69.0,32.47,62.0,77.0,10611.0, ,11.0,12.0,5,2,40,0,2,80,39.0,59.92,33.3,35.0,65.46,31.4,1.0,0,0,1,0,2,59.92,33.3,39.0,65.46,31.4,35.0,0,,,12.0,10611.0,12
21328,80,41,39,13,1,2,1,2,2,2,31.88,67.0,69.0,32.47,62.0,77.0,10611.0, ,11.0,12.0,5,1,40,0,2,80,38.0,64.134735,31.618158,34.0,68.5853,32.37412,,1,0,1,0,2,59.92,33.3,39.0,65.46,31.4,35.0,1,34.0,38.0,12.0,10611.0,12
21330,74,36,38,13,1,2,1,1,2,2,18.64,74.0,59.0,57.75,50.0,71.0,10611.0, ,11.0,6.0,5,1,37,0,2,74,35.0,49.37,48.6,30.0,73.73,16.7,1.0,0,0,0,0,2,50.155914,57.777466,71.0,74.16746,18.666101,59.0,0,,,6.0,10611.0,6
21330,74,36,38,13,1,2,1,1,2,2,18.64,74.0,59.0,57.75,50.0,71.0,10611.0, ,11.0,6.0,5,2,37,0,2,74,36.0,50.92,66.7,29.0,74.62,20.7,1.0,0,0,0,0,2,50.155914,57.777466,71.0,74.16746,18.666101,59.0,0,,,6.0,10611.0,6
21331,57,27,30,14,1,2,1,3,2,2,43.86,70.0,57.0,32.14,62.0,56.0,8433.0,,11.0,19.0,5,1,31,0,2,57,30.0,65.03,20.0,30.0,75.3,30.0,1.0,0,0,0,0,2,61.9425,32.164288,56.0,70.278946,43.87895,57.0,0,,,19.0,8433.0,19
21331,57,27,30,14,1,2,1,3,2,2,43.86,70.0,57.0,32.14,62.0,56.0,8433.0,,11.0,19.0,5,2,26,0,2,57,26.0,58.38,46.2,27.0,64.7,59.3,1.0,0,0,0,0,2,61.9425,32.164288,56.0,70.278946,43.87895,57.0,0,,,19.0,8433.0,19
21338,89,40,49,18,1,2,1,1,3,2,28.95,75.0,76.0,22.08,61.0,77.0,41004.0,,11.0,5.0,5,1,38,0,2,78,39.0,64.85,17.9,38.0,76.55,21.1,1.0,0,0,1,0,2,64.85,17.9,39.0,76.55,21.1,38.0,0,,,5.0,41004.0,5
21338,89,40,49,18,1,2,1,1,3,2,28.95,75.0,76.0,22.08,61.0,77.0,41004.0,,11.0,5.0,5,2,40,0,2,78,38.0,57.048683,26.37,38.0,73.45,36.8,,1,0,1,0,2,64.85,17.9,39.0,76.55,21.1,38.0,1,38.0,38.0,5.0,41004.0,5
21340,60,29,31,18,1,1,1,3,2,2,32.14,70.0,56.0,39.29,58.0,56.0,76000.0,,11.0,30.0,5,1,30,0,2,60,28.0,64.86,21.4,28.0,75.46,21.4,1.0,0,0,0,0,2,57.7,39.25,56.0,69.82,32.15,56.0,0,,,30.0,76000.0,30
21340,60,29,31,18,1,1,1,3,2,2,32.14,70.0,56.0,39.29,58.0,56.0,76000.0,,11.0,30.0,5,2,30,0,2,60,28.0,50.54,57.1,28.0,64.18,42.9,1.0,0,0,0,0,2,57.7,39.25,56.0,69.82,32.15,56.0,0,,,30.0,76000.0,30
21341,120,69,51,20,1,2,1,1,3,3,17.17,76.0,99.0,18.27,66.0,104.0,11395.0,,11.0,0.0,5,1,40,0,3,120,35.0,67.37,25.7,35.0,75.91,17.1,1.0,0,0,0,0,3,66.375,18.27596,104.0,76.44081,17.155556,99.0,0,,,0.0,11395.0,0
21341,120,69,51,20,1,2,1,1,3,3,17.17,76.0,99.0,18.27,66.0,104.0,11395.0,,11.0,0.0,5,2,40,0,3,120,32.0,64.09,18.8,31.0,72.9,22.6,1.0,0,0,0,0,3,66.375,18.27596,104.0,76.44081,17.155556,99.0,0,,,0.0,11395.0,0
21341,120,69,51,20,1,2,1,1,3,3,17.17,76.0,99.0,18.27,66.0,104.0,11395.0,,11.0,0.0,5,3,40,0,3,120,37.0,67.41,10.8,33.0,80.33,12.1,1.0,0,0,0,0,3,66.375,18.27596,104.0,76.44081,17.155556,99.0,0,,,0.0,11395.0,0
21350,74,39,35,15,1,2,1,4,3,2,35.71,66.0,42.0,30.91,65.0,55.0,8748.0, ,11.0,32.0,5,2,30,0,2,58,29.0,68.83,24.1,23.0,67.91,39.1,1.0,0,0,1,0,2,68.83,24.1,29.0,67.91,39.1,23.0,0,,,32.0,8748.0,32
21350,74,39,35,15,1,2,1,4,3,2,35.71,66.0,42.0,30.91,65.0,55.0,8748.0, ,11.0,32.0,5,1,28,0,2,58,26.0,60.728077,38.505768,19.0,63.687893,31.606316,,1,0,1,0,2,68.83,24.1,29.0,67.91,39.1,23.0,1,19.0,26.0,32.0,8748.0,32
21351,43,25,18,16,1,2,1,0,2,2,2.56,88.0,39.0,2.56,74.0,39.0,47027.0,,11.0,0.0,5,1,21,0,2,43,21.0,71.67,4.8,21.0,86.29,4.8,1.0,0,0,0,0,2,74.23154,2.5846155,39.0,87.82231,2.5846155,39.0,0,,,0.0,47027.0,0
21351,43,25,18,16,1,2,1,0,2,2,2.56,88.0,39.0,2.56,74.0,39.0,47027.0,,11.0,0.0,5,2,22,0,2,43,18.0,77.22,0.0,18.0,89.61,0.0,1.0,0,0,0,0,2,74.23154,2.5846155,39.0,87.82231,2.5846155,39.0,0,,,0.0,47027.0,0
21356,58,29,29,13,2,2,1,2,2,2,32.65,70.0,49.0,35.42,65.0,48.0,80002.0,,12.0,28.0,5,1,29,0,2,58,24.0,69.25,25.0,27.0,70.85,29.6,1.0,0,0,0,0,2,64.855,35.4,48.0,69.54796,32.65306,49.0,0,,,28.0,80002.0,28
21356,58,29,29,13,2,2,1,2,2,2,32.65,70.0,49.0,35.42,65.0,48.0,80002.0,,12.0,28.0,5,2,29,0,2,58,24.0,60.46,45.8,22.0,67.95,36.4,1.0,0,0,0,0,2,64.855,35.4,48.0,69.54796,32.65306,49.0,0,,,28.0,80002.0,28
21357,19,10,9,5,2,2,1,0,1,1,15.79,77.0,19.0,5.26,69.0,19.0,40063.0,,12.0,0.0,5,1,19,0,1,19,19.0,69.05,5.3,19.0,77.42,15.8,1.0,0,0,0,0,1,69.05,5.3,19.0,77.42,15.8,19.0,0,,,0.0,40063.0,0
21359,43,22,21,8,2,1,1,2,2,2,33.33,71.0,39.0,46.34,57.0,41.0,91009.0,,12.0,10.0,5,2,21,0,2,43,19.0,54.05,47.4,19.0,70.74,42.1,1.0,0,0,1,0,2,54.05,47.4,19.0,70.74,42.1,19.0,0,,,10.0,91009.0,10
21359,43,22,21,8,2,1,1,2,2,2,33.33,71.0,39.0,46.34,57.0,41.0,91009.0,,12.0,10.0,5,1,22,0,2,43,22.0,59.547726,45.424545,20.0,71.247,24.9985,,1,0,1,0,2,54.05,47.4,19.0,70.74,42.1,19.0,1,20.0,22.0,10.0,91009.0,10
21361,105,60,45,19,1,2,1,1,3,3,31.52,71.0,92.0,52.17,55.0,92.0,11395.0,,11.0,2.0,5,1,39,0,3,105,34.0,53.62,64.7,34.0,72.5,20.6,1.0,0,0,1,0,3,55.68222,57.150795,63.0,68.89111,30.174603,63.0,0,,,2.0,11395.0,2
21361,105,60,45,19,1,2,1,1,3,3,31.52,71.0,92.0,52.17,55.0,92.0,11395.0,,11.0,2.0,5,2,33,0,3,105,29.0,58.1,48.3,29.0,64.66,41.4,1.0,0,0,1,0,3,55.68222,57.150795,63.0,68.89111,30.174603,63.0,0,,,2.0,11395.0,2
21361,105,60,45,19,1,2,1,1,3,3,31.52,71.0,92.0,52.17,55.0,92.0,11395.0,,11.0,2.0,5,3,33,0,3,105,29.0,53.517933,41.349655,29.0,75.58138,34.44276,,1,0,1,0,3,55.68222,57.150795,63.0,68.89111,30.174603,63.0,1,29.0,29.0,2.0,11395.0,2
21362,62,28,34,13,1,2,1,1,2,2,29.31,72.0,58.0,20.34,67.0,59.0,10611.0, ,11.0,13.0,5,1,31,0,2,62,28.0,61.89,39.3,27.0,70.44,37.0,1.0,0,0,0,0,2,67.422714,20.332203,59.0,72.428276,29.303448,58.0,0,,,13.0,10611.0,13
21362,62,28,34,13,1,2,1,1,2,2,29.31,72.0,58.0,20.34,67.0,59.0,10611.0, ,11.0,13.0,5,2,31,0,2,62,31.0,72.42,3.2,31.0,74.16,22.6,1.0,0,0,0,0,2,67.422714,20.332203,59.0,72.428276,29.303448,58.0,0,,,13.0,10611.0,13
21363,149,84,65,23,1,1,1,2,5,4,33.33,73.0,138.0,23.91,64.0,138.0,77008.0,,11.0,9.0,5,1,38,0,4,139,38.0,71.45,21.1,38.0,75.32,18.4,1.0,0,0,0,0,4,64.406525,23.935507,138.0,72.97971,33.31594,138.0,0,,,9.0,77008.0,9
21363,149,84,65,23,1,1,1,2,5,4,33.33,73.0,138.0,23.91,64.0,138.0,77008.0,,11.0,9.0,5,2,28,0,4,139,28.0,55.79,39.3,28.0,71.43,39.3,1.0,0,0,0,0,4,64.406525,23.935507,138.0,72.97971,33.31594,138.0,0,,,9.0,77008.0,9
21363,149,84,65,23,1,1,1,2,5,4,33.33,73.0,138.0,23.91,64.0,138.0,77008.0,,11.0,9.0,5,3,35,0,4,139,35.0,59.6,22.9,35.0,71.71,51.4,1.0,0,0,0,0,4,64.406525,23.935507,138.0,72.97971,33.31594,138.0,0,,,9.0,77008.0,9
21363,149,84,65,23,1,1,1,2,5,4,33.33,73.0,138.0,23.91,64.0,138.0,77008.0,,11.0,9.0,5,4,38,0,4,139,37.0,68.24,16.2,37.0,72.95,27.0,1.0,0,0,0,0,4,64.406525,23.935507,138.0,72.97971,33.31594,138.0,0,,,9.0,77008.0,9
21366,133,56,77,24,1,2,1,,4,4,9.45,81.0,127.0,12.5,74.0,128.0,9175.0,,11.0,1.0,5,1,32,0,4,133,29.0,74.45,3.4,29.0,86.66,3.4,1.0,0,0,0,0,4,73.84399,12.501562,128.0,81.39441,9.452756,127.0,0,,,1.0,9175.0,1
21366,133,56,77,24,1,2,1,,4,4,9.45,81.0,127.0,12.5,74.0,128.0,9175.0,,11.0,1.0,5,2,34,0,4,133,34.0,74.71,8.8,34.0,81.03,8.8,1.0,0,0,0,0,4,73.84399,12.501562,128.0,81.39441,9.452756,127.0,0,,,1.0,9175.0,1
21366,133,56,77,24,1,2,1,,4,4,9.45,81.0,127.0,12.5,74.0,128.0,9175.0,,11.0,1.0,5,3,33,0,4,133,32.0,72.09,21.9,31.0,76.0,19.4,1.0,0,0,0,0,4,73.84399,12.501562,128.0,81.39441,9.452756,127.0,0,,,1.0,9175.0,1
21366,133,56,77,24,1,2,1,,4,4,9.45,81.0,127.0,12.5,74.0,128.0,9175.0,,11.0,1.0,5,4,34,0,4,133,33.0,74.12,15.2,33.0,82.21,6.1,1.0,0,0,0,0,4,73.84399,12.501562,128.0,81.39441,9.452756,127.0,0,,,1.0,9175.0,1
21367,131,67,64,20,1,2,1,1,4,4,11.82,78.0,110.0,31.09,64.0,119.0,11395.0,,11.0,3.0,5,1,32,0,4,131,31.0,62.19,38.7,27.0,75.96,11.1,1.0,0,0,1,0,4,63.258644,33.315624,96.0,77.2209,13.503371,89.0,0,,,3.0,11395.0,3
21367,131,67,64,20,1,2,1,1,4,4,11.82,78.0,110.0,31.09,64.0,119.0,11395.0,,11.0,3.0,5,2,34,0,4,131,33.0,67.82,24.2,31.0,76.77,19.4,1.0,0,0,1,0,4,63.258644,33.315624,96.0,77.2209,13.503371,89.0,0,,,3.0,11395.0,3
21367,131,67,64,20,1,2,1,1,4,4,11.82,78.0,110.0,31.09,64.0,119.0,11395.0,,11.0,3.0,5,3,33,0,4,131,32.0,59.59,37.5,31.0,78.77,9.7,1.0,0,0,1,0,4,63.258644,33.315624,96.0,77.2209,13.503371,89.0,0,,,3.0,11395.0,3
21367,131,67,64,20,1,2,1,1,4,4,11.82,78.0,110.0,31.09,64.0,119.0,11395.0,,11.0,3.0,5,4,32,0,4,131,23.0,67.094345,21.800434,21.0,81.3019,4.6857142,,1,0,1,0,4,63.258644,33.315624,96.0,77.2209,13.503371,89.0,1,21.0,23.0,3.0,11395.0,3
21370,68,35,33,14,1,1,1,1,2,2,29.69,73.0,64.0,12.12,71.0,66.0,8748.0, ,11.0,9.0,5,1,34,0,2,68,34.0,66.94,11.8,32.0,73.22,21.9,1.0,0,0,0,0,2,70.634544,12.139394,66.0,73.03,29.7,64.0,0,,,9.0,8748.0,9
21370,68,35,33,14,1,1,1,1,2,2,29.69,73.0,64.0,12.12,71.0,66.0,8748.0, ,11.0,9.0,5,2,34,0,2,68,32.0,74.56,12.5,32.0,72.84,37.5,1.0,0,0,0,0,2,70.634544,12.139394,66.0,73.03,29.7,64.0,0,,,9.0,8748.0,9
21371,79,49,30,14,1,1,1,1,2,2,16.67,82.0,72.0,13.16,73.0,76.0,91009.0,,11.0,3.0,5,1,39,0,2,79,36.0,66.06,16.7,34.0,77.09,20.6,1.0,0,0,0,0,2,73.02842,13.173684,76.0,81.8875,16.694445,72.0,0,,,3.0,91009.0,3
21371,79,49,30,14,1,1,1,1,2,2,16.67,82.0,72.0,13.16,73.0,76.0,91009.0,,11.0,3.0,5,2,40,0,2,79,40.0,79.3,10.0,38.0,86.18,13.2,1.0,0,0,0,0,2,73.02842,13.173684,76.0,81.8875,16.694445,72.0,0,,,3.0,91009.0,3
21373,50,23,27,11,1,1,1,0,2,2,10.64,85.0,47.0,4.26,80.0,47.0,12633.0, ,11.0,1.0,5,1,25,0,2,50,25.0,81.6,0.0,25.0,84.2,12.0,1.0,0,0,0,0,2,80.29872,4.2595744,47.0,84.65872,10.642553,47.0,0,,,1.0,12633.0,1
21373,50,23,27,11,1,1,1,0,2,2,10.64,85.0,47.0,4.26,80.0,47.0,12633.0, ,11.0,1.0,5,2,25,0,2,50,22.0,78.82,9.1,22.0,85.18,9.1,1.0,0,0,0,0,2,80.29872,4.2595744,47.0,84.65872,10.642553,47.0,0,,,1.0,12633.0,1
21374,47,22,25,8,1,1,1,0,2,2,9.3,84.0,43.0,6.98,84.0,43.0,12443.0,,11.0,0.0,5,1,24,0,2,47,21.0,83.29,9.5,21.0,84.43,4.8,1.0,0,0,0,0,2,84.00116,6.9418607,43.0,84.163956,9.302325,43.0,0,,,0.0,12443.0,0
21374,47,22,25,8,1,1,1,0,2,2,9.3,84.0,43.0,6.98,84.0,43.0,12443.0,,11.0,0.0,5,2,23,0,2,47,22.0,84.68,4.5,22.0,83.91,13.6,1.0,0,0,0,0,2,84.00116,6.9418607,43.0,84.163956,9.302325,43.0,0,,,0.0,12443.0,0
21375,78,44,34,13,1,2,1,3,2,2,48.53,64.0,68.0,39.13,55.0,69.0,76000.0,,11.0,11.0,5,1,39,0,2,78,39.0,54.51,41.0,38.0,63.21,50.0,1.0,0,0,0,0,2,54.29779,42.825974,77.0,63.0825,50.0,72.0,0,,,11.0,76000.0,11
21375,78,44,34,13,1,2,1,3,2,2,48.53,64.0,68.0,39.13,55.0,69.0,76000.0,,11.0,11.0,5,2,39,0,2,78,38.0,54.08,44.7,34.0,62.94,50.0,1.0,0,0,0,0,2,54.29779,42.825974,77.0,63.0825,50.0,72.0,0,,,11.0,76000.0,11
21379,70,42,28,12,1,1,1,,2,2,31.75,74.0,63.0,25.0,69.0,64.0,10611.0, ,11.0,12.0,5,1,35,0,2,70,35.0,68.83,25.7,34.0,77.74,23.5,1.0,0,0,0,0,2,69.2514,24.975,64.0,74.080475,31.739683,63.0,0,,,12.0,10611.0,12
21379,70,42,28,12,1,1,1,,2,2,31.75,74.0,63.0,25.0,69.0,64.0,10611.0, ,11.0,12.0,5,2,35,0,2,70,29.0,69.76,24.1,29.0,69.79,41.4,1.0,0,0,0,0,2,69.2514,24.975,64.0,74.080475,31.739683,63.0,0,,,12.0,10611.0,12
31001,72,37,35,14,1,2,1,5,3,2,35.42,64.0,48.0,21.57,65.0,51.0,10207.0, ,11.0,31.0,5,1,30,0,2,58,25.0,63.04,36.0,23.0,60.39,43.5,1.0,0,0,0,0,2,63.056362,25.472727,55.0,61.42173,40.376923,52.0,0,,,31.0,10207.0,31
31001,72,37,35,14,1,2,1,5,3,2,35.42,64.0,48.0,21.57,65.0,51.0,10207.0, ,11.0,31.0,5,2,28,0,2,58,30.0,63.07,16.7,29.0,62.24,37.9,1.0,0,0,0,0,2,63.056362,25.472727,55.0,61.42173,40.376923,52.0,0,,,31.0,10207.0,31
31002,60,23,37,13,2,2,1,8,3,2,22.73,73.0,44.0,15.91,70.0,44.0,10207.0, ,12.0,41.0,5,1,23,0,2,52,23.0,73.26,17.4,23.0,79.65,8.7,1.0,0,0,0,0,2,70.42977,15.920455,44.0,72.634094,22.731817,44.0,0,,,41.0,10207.0,41
31002,60,23,37,13,2,2,1,8,3,2,22.73,73.0,44.0,15.91,70.0,44.0,10207.0, ,12.0,41.0,5,2,29,0,2,52,21.0,67.33,14.3,21.0,64.95,38.1,1.0,0,0,0,0,2,70.42977,15.920455,44.0,72.634094,22.731817,44.0,0,,,41.0,10207.0,41
31007,62,36,26,13,1,1,1,2,3,2,4.76,81.0,42.0,23.26,75.0,43.0,98004.0,,11.0,7.0,5,1,22,0,2,44,20.0,79.95,5.0,20.0,83.15,5.0,1.0,0,0,0,0,2,74.579765,23.239534,43.0,80.902855,4.7380953,42.0,0,,,7.0,98004.0,7
31007,62,36,26,13,1,1,1,2,3,2,4.76,81.0,42.0,23.26,75.0,43.0,98004.0,,11.0,7.0,5,2,22,0,2,44,23.0,69.91,39.1,22.0,78.86,4.5,1.0,0,0,0,0,2,74.579765,23.239534,43.0,80.902855,4.7380953,42.0,0,,,7.0,98004.0,7
31008,18,7,11,6,2,1,1,4,1,1,38.46,63.0,13.0,23.08,62.0,13.0,98004.0,,12.0,42.0,5,1,18,0,1,18,13.0,61.85,23.1,13.0,62.69,38.5,1.0,0,0,0,0,1,61.85,23.1,13.0,62.69,38.5,13.0,0,,,42.0,98004.0,42
31012,19,11,8,6,1,1,1,1,1,1,29.41,74.0,17.0,38.89,55.0,18.0,505.0, ,11.0,4.0,5,1,19,0,1,19,18.0,55.0,38.89,17.0,74.0,29.41,,1,0,1,0,1,,,,,,,1,,,4.0,505.0,4
31017,95,49,46,19,1,1,1,2,3,3,20.69,74.0,87.0,25.84,66.0,89.0,93005.0, ,11.0,12.0,5,1,33,0,3,95,31.0,65.97,22.6,29.0,71.0,27.6,1.0,0,0,0,0,3,65.76595,25.874157,89.0,73.71172,20.696552,87.0,0,,,12.0,93005.0,12
31017,95,49,46,19,1,1,1,2,3,3,20.69,74.0,87.0,25.84,66.0,89.0,93005.0, ,11.0,12.0,5,2,30,0,3,95,26.0,65.69,23.1,26.0,76.96,7.7,1.0,0,0,0,0,3,65.76595,25.874157,89.0,73.71172,20.696552,87.0,0,,,12.0,93005.0,12
31017,95,49,46,19,1,1,1,2,3,3,20.69,74.0,87.0,25.84,66.0,89.0,93005.0, ,11.0,12.0,5,3,32,0,3,95,32.0,65.63,31.3,32.0,73.53,25.0,1.0,0,0,0,0,3,65.76595,25.874157,89.0,73.71172,20.696552,87.0,0,,,12.0,93005.0,12
31019,20,7,13,7,2,1,1,6,1,1,25.0,70.0,20.0,20.0,69.0,20.0,93005.0, ,12.0,32.0,5,1,20,0,1,20,20.0,69.2,20.0,20.0,70.45,25.0,1.0,0,0,0,0,1,69.2,20.0,20.0,70.45,25.0,20.0,0,,,32.0,93005.0,32
31021,74,36,38,18,1,1,1,6,3,2,24.49,66.0,49.0,48.98,50.0,49.0,65003.0,,11.0,32.0,5,1,31,0,2,62,25.0,45.2,52.0,25.0,63.12,28.0,1.0,0,0,0,0,2,49.57388,48.963264,49.0,66.20571,24.473469,49.0,0,,,32.0,65003.0,32
31021,74,36,38,18,1,1,1,6,3,2,24.49,66.0,49.0,48.98,50.0,49.0,65003.0,,11.0,32.0,5,2,31,0,2,62,24.0,54.13,45.8,24.0,69.42,20.8,1.0,0,0,0,0,2,49.57388,48.963264,49.0,66.20571,24.473469,49.0,0,,,32.0,65003.0,32
31022,134,69,65,28,1,1,1,1,4,3,11.71,77.0,111.0,29.73,62.0,111.0,65003.0,,11.0,7.0,5,1,40,0,3,121,38.0,60.97,39.5,38.0,73.58,18.4,1.0,0,0,0,0,3,62.268738,29.740541,111.0,77.03874,11.725225,111.0,0,,,7.0,65003.0,7
31022,134,69,65,28,1,1,1,1,4,3,11.71,77.0,111.0,29.73,62.0,111.0,65003.0,,11.0,7.0,5,2,41,0,3,121,39.0,65.05,28.2,39.0,79.44,10.3,1.0,0,0,0,0,3,62.268738,29.740541,111.0,77.03874,11.725225,111.0,0,,,7.0,65003.0,7
31022,134,69,65,28,1,1,1,1,4,3,11.71,77.0,111.0,29.73,62.0,111.0,65003.0,,11.0,7.0,5,3,40,0,3,121,34.0,60.53,20.6,34.0,78.15,5.9,1.0,0,0,0,0,3,62.268738,29.740541,111.0,77.03874,11.725225,111.0,0,,,7.0,65003.0,7
31023,145,70,75,32,1,1,1,1,4,4,21.32,74.0,136.0,22.3,68.0,139.0,65003.0,,11.0,5.0,5,1,36,0,4,145,35.0,69.6,17.1,34.0,78.26,14.7,1.0,0,0,0,0,4,67.89331,22.28921,139.0,74.20654,21.329412,136.0,0,,,5.0,65003.0,5
31023,145,70,75,32,1,1,1,1,4,4,21.32,74.0,136.0,22.3,68.0,139.0,65003.0,,11.0,5.0,5,2,37,0,4,145,33.0,83.3,3.0,33.0,79.64,12.1,1.0,0,0,0,0,4,67.89331,22.28921,139.0,74.20654,21.329412,136.0,0,,,5.0,65003.0,5
31023,145,70,75,32,1,1,1,1,4,4,21.32,74.0,136.0,22.3,68.0,139.0,65003.0,,11.0,5.0,5,3,36,0,4,145,36.0,53.67,41.7,34.0,67.47,35.3,1.0,0,0,0,0,4,67.89331,22.28921,139.0,74.20654,21.329412,136.0,0,,,5.0,65003.0,5
31023,145,70,75,32,1,1,1,1,4,4,21.32,74.0,136.0,22.3,68.0,139.0,65003.0,,11.0,5.0,5,4,36,0,4,145,35.0,66.29,25.7,35.0,71.69,22.9,1.0,0,0,0,0,4,67.89331,22.28921,139.0,74.20654,21.329412,136.0,0,,,5.0,65003.0,5
31025,71,37,34,20,1,1,1,3,3,2,32.73,73.0,55.0,30.91,66.0,55.0,65003.0,,11.0,17.0,5,1,27,0,2,59,28.0,68.21,32.1,28.0,73.5,32.1,1.0,0,0,0,0,2,65.86836,30.872726,55.0,72.43473,32.68909,55.0,0,,,17.0,65003.0,17
31025,71,37,34,20,1,1,1,3,3,2,32.73,73.0,55.0,30.91,66.0,55.0,65003.0,,11.0,17.0,5,2,32,0,2,59,27.0,63.44,29.6,27.0,71.33,33.3,1.0,0,0,0,0,2,65.86836,30.872726,55.0,72.43473,32.68909,55.0,0,,,17.0,65003.0,17
31026,48,30,18,13,1,1,1,6,2,1,30.0,67.0,30.0,26.67,57.0,30.0,65003.0,,11.0,30.0,5,1,35,0,1,35,30.0,57.47,26.7,30.0,66.7,30.0,1.0,0,0,0,0,1,57.47,26.7,30.0,66.7,30.0,30.0,0,,,30.0,65003.0,30
31027,87,44,43,19,1,1,1,3,3,2,24.07,81.0,54.0,18.52,75.0,54.0,65003.0,,11.0,10.0,5,1,35,0,2,72,24.0,77.71,25.0,24.0,80.38,25.0,1.0,0,0,0,0,2,75.05444,18.5,54.0,80.596664,24.055555,54.0,0,,,10.0,65003.0,10
31027,87,44,43,19,1,1,1,3,3,2,24.07,81.0,54.0,18.52,75.0,54.0,65003.0,,11.0,10.0,5,2,37,0,2,72,30.0,72.93,13.3,30.0,80.77,23.3,1.0,0,0,0,0,2,75.05444,18.5,54.0,80.596664,24.055555,54.0,0,,,10.0,65003.0,10
31028,61,37,24,17,1,1,1,2,3,2,34.21,70.0,38.0,42.86,54.0,42.0,65003.0,,11.0,13.0,5,1,23,0,2,48,21.0,55.43,38.1,18.0,69.56,33.3,1.0,0,0,0,0,2,53.905,42.85,42.0,69.55473,34.194736,38.0,0,,,13.0,65003.0,13
31028,61,37,24,17,1,1,1,2,3,2,34.21,70.0,38.0,42.86,54.0,42.0,65003.0,,11.0,13.0,5,2,25,0,2,48,21.0,52.38,47.6,20.0,69.55,35.0,1.0,0,0,0,0,2,53.905,42.85,42.0,69.55473,34.194736,38.0,0,,,13.0,65003.0,13
31029,17,12,5,8,2,1,1,3,1,1,41.18,63.0,17.0,41.18,64.0,17.0,65003.0,,12.0,58.0,5,1,17,0,1,17,17.0,63.76,41.2,17.0,63.24,41.2,1.0,0,0,0,0,1,63.76,41.2,17.0,63.24,41.2,17.0,0,,,58.0,65003.0,58
31030,45,25,20,12,2,1,1,5,2,2,19.05,69.0,42.0,31.71,61.0,41.0,65003.0,,12.0,31.0,5,1,23,0,2,45,21.0,63.29,33.3,22.0,67.77,18.2,1.0,0,0,0,0,2,60.782684,31.690245,41.0,69.3081,19.057142,42.0,0,,,31.0,65003.0,31
31030,45,25,20,12,2,1,1,5,2,2,19.05,69.0,42.0,31.71,61.0,41.0,65003.0,,12.0,31.0,5,2,22,0,2,45,20.0,58.15,30.0,20.0,71.0,20.0,1.0,0,0,0,0,2,60.782684,31.690245,41.0,69.3081,19.057142,42.0,0,,,31.0,65003.0,31
31031,44,23,21,15,2,1,1,7,2,2,23.33,72.0,30.0,9.38,71.0,32.0,65003.0,,12.0,41.0,5,2,20,0,2,44,17.0,68.12,17.6,17.0,72.24,0.0,1.0,0,0,1,0,2,68.12,17.6,17.0,72.24,0.0,17.0,0,,,41.0,65003.0,41
31031,44,23,21,15,2,1,1,7,2,2,23.33,72.0,30.0,9.38,71.0,32.0,65003.0,,12.0,41.0,5,1,24,0,2,44,15.0,74.264,0.064,13.0,71.68616,53.838463,,1,0,1,0,2,68.12,17.6,17.0,72.24,0.0,17.0,1,13.0,15.0,41.0,65003.0,41
31033,26,15,11,8,2,1,1,5,1,1,60.87,60.0,23.0,60.87,47.0,23.0,65003.0,,12.0,41.0,5,1,26,0,1,26,23.0,46.7,60.9,23.0,60.0,60.9,1.0,0,0,0,0,1,46.7,60.9,23.0,60.0,60.9,23.0,0,,,41.0,65003.0,41
31034,14,8,6,9,2,1,1,6,1,1,15.38,75.0,13.0,15.38,79.0,13.0,65003.0,,12.0,36.0,5,1,14,0,1,14,13.0,78.38,15.4,13.0,74.69,15.4,1.0,0,0,0,0,1,78.38,15.4,13.0,74.69,15.4,13.0,0,,,36.0,65003.0,36
31035,59,26,33,16,2,1,1,2,2,2,17.86,75.0,56.0,25.86,66.0,58.0,65003.0,,12.0,26.0,5,1,35,0,2,69,28.0,68.43,17.9,28.0,78.36,14.3,1.0,0,0,0,0,2,65.77655,25.865517,58.0,74.625,17.85,56.0,0,,,26.0,65003.0,26
31035,59,26,33,16,2,1,1,2,2,2,17.86,75.0,56.0,25.86,66.0,58.0,65003.0,,12.0,26.0,5,2,34,0,2,69,30.0,63.3,33.3,28.0,70.89,21.4,1.0,0,0,0,0,2,65.77655,25.865517,58.0,74.625,17.85,56.0,0,,,26.0,65003.0,26
31037,158,76,82,22,1,1,1,1,4,4,8.5,84.0,153.0,5.26,81.0,152.0,40006.0,,11.0,1.0,5,1,40,0,4,158,39.0,79.69,10.3,39.0,82.92,10.3,1.0,0,0,1,0,4,79.58362,6.902586,116.0,83.82517,7.787931,116.0,0,,,1.0,40006.0,1
31037,158,76,82,22,1,1,1,1,4,4,8.5,84.0,153.0,5.26,81.0,152.0,40006.0,,11.0,1.0,5,3,40,0,4,158,38.0,79.55,10.5,38.0,86.34,5.3,1.0,0,0,1,0,4,79.58362,6.902586,116.0,83.82517,7.787931,116.0,0,,,1.0,40006.0,1
31037,158,76,82,22,1,1,1,1,4,4,8.5,84.0,153.0,5.26,81.0,152.0,40006.0,,11.0,1.0,5,4,40,0,4,158,39.0,79.51,0.0,39.0,82.28,7.7,1.0,0,0,1,0,4,79.58362,6.902586,116.0,83.82517,7.787931,116.0,0,,,1.0,40006.0,1
31037,158,76,82,22,1,1,1,1,4,4,8.5,84.0,153.0,5.26,81.0,152.0,40006.0,,11.0,1.0,5,2,38,0,4,158,36.0,85.56389,,37.0,84.54811,10.732432,,1,0,1,0,4,79.58362,6.902586,116.0,83.82517,7.787931,116.0,1,37.0,36.0,1.0,40006.0,1
31038,112,59,53,19,1,1,1,1,4,3,16.05,81.0,81.0,15.96,74.0,94.0,40006.0,,11.0,1.0,5,1,33,0,3,95,32.0,69.91,25.0,31.0,79.39,19.4,1.0,0,0,1,0,3,75.57077,15.404615,65.0,80.951355,16.979662,59.0,0,,,1.0,40006.0,1
31038,112,59,53,19,1,1,1,1,4,3,16.05,81.0,81.0,15.96,74.0,94.0,40006.0,,11.0,1.0,5,3,32,0,3,95,33.0,81.06,6.1,28.0,82.68,14.3,1.0,0,0,1,0,3,75.57077,15.404615,65.0,80.951355,16.979662,59.0,0,,,1.0,40006.0,1
31038,112,59,53,19,1,1,1,1,4,3,16.05,81.0,81.0,15.96,74.0,94.0,40006.0,,11.0,1.0,5,2,30,0,3,95,29.0,70.47931,17.204828,22.0,81.130455,13.556818,,1,0,1,0,3,75.57077,15.404615,65.0,80.951355,16.979662,59.0,1,22.0,29.0,1.0,40006.0,1
31039,153,79,74,21,1,1,1,1,4,4,9.15,82.0,142.0,7.14,78.0,154.0,40006.0,,11.0,3.0,5,1,39,0,4,153,39.0,77.05,5.1,36.0,81.17,2.8,1.0,0,0,1,0,4,77.29669,6.761017,118.0,81.60854,11.84,110.0,0,,,3.0,40006.0,3
31039,153,79,74,21,1,1,1,1,4,4,9.15,82.0,142.0,7.14,78.0,154.0,40006.0,,11.0,3.0,5,3,38,0,4,153,39.0,80.74,5.1,36.0,84.22,16.7,1.0,0,0,1,0,4,77.29669,6.761017,118.0,81.60854,11.84,110.0,0,,,3.0,40006.0,3
31039,153,79,74,21,1,1,1,1,4,4,9.15,82.0,142.0,7.14,78.0,154.0,40006.0,,11.0,3.0,5,4,38,0,4,153,40.0,74.18,10.0,38.0,79.55,15.8,1.0,0,0,1,0,4,77.29669,6.761017,118.0,81.60854,11.84,110.0,0,,,3.0,40006.0,3
31039,153,79,74,21,1,1,1,1,4,4,9.15,82.0,142.0,7.14,78.0,154.0,40006.0,,11.0,3.0,5,2,38,0,4,153,36.0,80.305275,8.382222,32.0,83.34563,,,1,0,1,0,4,77.29669,6.761017,118.0,81.60854,11.84,110.0,1,32.0,36.0,3.0,40006.0,3
31040,44,26,18,13,1,1,1,1,2,1,10.53,84.0,38.0,5.13,80.0,39.0,40006.0,,11.0,4.0,5,1,40,0,1,40,39.0,80.36,5.1,38.0,83.61,10.5,1.0,0,0,0,0,1,80.36,5.1,39.0,83.61,10.5,38.0,0,,,4.0,40006.0,4
31045,84,35,49,13,1,1,1,2,3,2,15.38,79.0,65.0,11.76,70.0,68.0,40006.0,,11.0,8.0,5,1,35,0,2,72,35.0,72.49,14.3,33.0,84.06,18.2,1.0,0,0,0,0,2,69.913086,11.77647,68.0,78.816925,15.3938465,65.0,0,,,8.0,40006.0,8
31045,84,35,49,13,1,1,1,2,3,2,15.38,79.0,65.0,11.76,70.0,68.0,40006.0,,11.0,8.0,5,2,37,0,2,72,33.0,67.18,9.1,32.0,73.41,12.5,1.0,0,0,0,0,2,69.913086,11.77647,68.0,78.816925,15.3938465,65.0,0,,,8.0,40006.0,8
31046,42,23,19,13,1,1,1,2,2,1,23.33,72.0,30.0,20.0,61.0,30.0,40006.0,,11.0,10.0,5,1,32,0,1,32,30.0,61.1,20.0,30.0,71.53,23.3,1.0,0,0,0,0,1,61.1,20.0,30.0,71.53,23.3,30.0,0,,,10.0,40006.0,10
31047,171,96,75,19,1,1,1,1,5,4,19.01,78.0,121.0,15.87,75.0,126.0,40006.0,,11.0,3.0,5,1,35,0,4,131,32.0,74.94,12.5,32.0,68.06,31.3,1.0,0,0,0,0,4,74.828094,15.89127,126.0,78.07653,19.02314,121.0,0,,,3.0,40006.0,3
31047,171,96,75,19,1,1,1,1,5,4,19.01,78.0,121.0,15.87,75.0,126.0,40006.0,,11.0,3.0,5,2,34,0,4,131,33.0,65.73,27.3,27.0,80.3,7.4,1.0,0,0,0,0,4,74.828094,15.89127,126.0,78.07653,19.02314,121.0,0,,,3.0,40006.0,3
31047,171,96,75,19,1,1,1,1,5,4,19.01,78.0,121.0,15.87,75.0,126.0,40006.0,,11.0,3.0,5,3,35,0,4,131,33.0,67.61,18.2,34.0,72.74,29.4,1.0,0,0,0,0,4,74.828094,15.89127,126.0,78.07653,19.02314,121.0,0,,,3.0,40006.0,3
31047,171,96,75,19,1,1,1,1,5,4,19.01,78.0,121.0,15.87,75.0,126.0,40006.0,,11.0,3.0,5,4,27,0,4,131,28.0,93.93,3.6,28.0,93.86,3.6,1.0,0,0,0,0,4,74.828094,15.89127,126.0,78.07653,19.02314,121.0,0,,,3.0,40006.0,3
31048,55,33,22,15,1,1,1,2,3,2,10.26,77.0,39.0,27.91,64.0,43.0,40006.0,,11.0,11.0,5,1,20,0,2,32,23.0,58.04,39.1,20.0,77.45,5.0,1.0,0,0,0,0,2,64.509766,27.890697,43.0,77.308716,10.2615385,39.0,0,,,11.0,40006.0,11
31048,55,33,22,15,1,1,1,2,3,2,10.26,77.0,39.0,27.91,64.0,43.0,40006.0,,11.0,11.0,5,2,12,0,2,32,20.0,71.95,15.0,19.0,77.16,15.8,1.0,0,0,0,0,2,64.509766,27.890697,43.0,77.308716,10.2615385,39.0,0,,,11.0,40006.0,11
31049,59,37,22,13,1,1,1,1,2,2,5.17,85.0,58.0,6.78,84.0,59.0,40006.0,,11.0,2.0,5,1,27,0,2,59,26.0,86.77,3.8,25.0,85.16,4.0,1.0,0,0,1,0,2,86.77,3.8,26.0,85.16,4.0,25.0,0,,,2.0,40006.0,2
31049,59,37,22,13,1,1,1,1,2,2,5.17,85.0,58.0,6.78,84.0,59.0,40006.0,,11.0,2.0,5,2,32,0,2,59,33.0,81.81757,9.127879,33.0,84.878784,6.0563636,,1,0,1,0,2,86.77,3.8,26.0,85.16,4.0,25.0,1,33.0,33.0,2.0,40006.0,2
31052,85,48,37,19,1,1,1,1,3,3,10.13,86.0,79.0,2.53,85.0,79.0,40006.0,,11.0,2.0,5,1,28,0,3,85,27.0,85.07,3.7,27.0,83.56,11.1,1.0,0,0,0,0,3,85.277596,2.529114,79.0,85.79899,10.117722,79.0,0,,,2.0,40006.0,2
31052,85,48,37,19,1,1,1,1,3,3,10.13,86.0,79.0,2.53,85.0,79.0,40006.0,,11.0,2.0,5,2,29,0,3,85,27.0,85.52,3.7,27.0,87.0,14.8,1.0,0,0,0,0,3,85.277596,2.529114,79.0,85.79899,10.117722,79.0,0,,,2.0,40006.0,2
31052,85,48,37,19,1,1,1,1,3,3,10.13,86.0,79.0,2.53,85.0,79.0,40006.0,,11.0,2.0,5,3,28,0,3,85,25.0,85.24,0.0,25.0,86.92,4.0,1.0,0,0,0,0,3,85.277596,2.529114,79.0,85.79899,10.117722,79.0,0,,,2.0,40006.0,2
31055,71,37,34,16,1,1,1,1,2,2,7.25,86.0,69.0,8.7,77.0,69.0,40006.0,,11.0,3.0,5,1,37,0,2,71,36.0,78.03,11.1,35.0,85.91,11.4,1.0,0,0,0,0,2,76.958694,8.708695,69.0,85.58971,7.211594,69.0,0,,,3.0,40006.0,3
31055,71,37,34,16,1,1,1,1,2,2,7.25,86.0,69.0,8.7,77.0,69.0,40006.0,,11.0,3.0,5,2,34,0,2,71,33.0,75.79,6.1,34.0,85.26,2.9,1.0,0,0,0,0,2,76.958694,8.708695,69.0,85.58971,7.211594,69.0,0,,,3.0,40006.0,3
31056,90,49,41,14,1,1,1,1,3,2,18.33,77.0,60.0,16.67,69.0,60.0,40006.0,,11.0,4.0,5,1,33,0,2,69,30.0,67.6,13.3,31.0,73.1,32.3,1.0,0,0,1,0,2,67.6,13.3,30.0,73.1,32.3,31.0,0,,,4.0,40006.0,4
31056,90,49,41,14,1,1,1,1,3,2,18.33,77.0,60.0,16.67,69.0,60.0,40006.0,,11.0,4.0,5,2,36,0,2,69,30.0,70.4,20.04,29.0,81.16897,3.3965516,,1,0,1,0,2,67.6,13.3,30.0,73.1,32.3,31.0,1,29.0,30.0,4.0,40006.0,4
31060,78,36,42,13,1,1,1,2,3,2,33.33,74.0,33.0,14.71,66.0,34.0,40006.0,,11.0,13.0,5,1,29,0,2,58,16.0,62.25,18.8,18.0,67.78,50.0,1.0,0,0,0,0,2,59.21093,27.904652,43.0,69.51341,39.00488,41.0,0,,,13.0,40006.0,13
31060,78,36,42,13,1,1,1,2,3,2,33.33,74.0,33.0,14.71,66.0,34.0,40006.0,,11.0,13.0,5,2,29,0,2,58,27.0,57.41,33.3,23.0,70.87,30.4,1.0,0,0,0,0,2,59.21093,27.904652,43.0,69.51341,39.00488,41.0,0,,,13.0,40006.0,13
31062,154,83,71,27,1,1,1,1,5,4,19.4,78.0,134.0,19.57,72.0,138.0,40006.0,,11.0,5.0,5,1,34,0,4,144,32.0,67.94,21.9,30.0,77.3,16.7,1.0,0,0,0,0,4,72.44978,19.561594,138.0,78.45724,19.393284,134.0,0,,,5.0,40006.0,5
31062,154,83,71,27,1,1,1,1,5,4,19.4,78.0,134.0,19.57,72.0,138.0,40006.0,,11.0,5.0,5,2,37,0,4,144,35.0,74.54,25.7,35.0,81.69,31.4,1.0,0,0,0,0,4,72.44978,19.561594,138.0,78.45724,19.393284,134.0,0,,,5.0,40006.0,5
31062,154,83,71,27,1,1,1,1,5,4,19.4,78.0,134.0,19.57,72.0,138.0,40006.0,,11.0,5.0,5,3,35,0,4,144,34.0,69.21,14.7,32.0,74.13,15.6,1.0,0,0,0,0,4,72.44978,19.561594,138.0,78.45724,19.393284,134.0,0,,,5.0,40006.0,5
31062,154,83,71,27,1,1,1,1,5,4,19.4,78.0,134.0,19.57,72.0,138.0,40006.0,,11.0,5.0,5,4,38,0,4,144,37.0,77.35,16.2,37.0,80.08,13.5,1.0,0,0,0,0,4,72.44978,19.561594,138.0,78.45724,19.393284,134.0,0,,,5.0,40006.0,5
31063,41,20,21,12,1,1,1,2,2,2,6.06,80.0,33.0,9.09,69.0,33.0,40006.0,,11.0,6.0,5,1,21,0,2,41,18.0,68.61,16.7,18.0,79.83,5.6,1.0,0,0,0,0,2,68.91,9.109091,33.0,79.66637,6.1,33.0,0,,,6.0,40006.0,6
31063,41,20,21,12,1,1,1,2,2,2,6.06,80.0,33.0,9.09,69.0,33.0,40006.0,,11.0,6.0,5,2,20,0,2,41,15.0,69.27,0.0,15.0,79.47,6.7,1.0,0,0,0,0,2,68.91,9.109091,33.0,79.66637,6.1,33.0,0,,,6.0,40006.0,6
31067,71,35,36,13,1,1,1,3,3,2,23.08,72.0,39.0,5.26,62.0,38.0,40006.0,,11.0,17.0,5,1,26,0,2,48,19.0,60.84,5.3,20.0,76.5,25.0,1.0,0,0,0,0,2,62.105,5.3,38.0,72.17872,23.1,39.0,0,,,17.0,40006.0,17
31067,71,35,36,13,1,1,1,3,3,2,23.08,72.0,39.0,5.26,62.0,38.0,40006.0,,11.0,17.0,5,2,22,0,2,48,19.0,63.37,5.3,19.0,67.63,21.1,1.0,0,0,0,0,2,62.105,5.3,38.0,72.17872,23.1,39.0,0,,,17.0,40006.0,17
31068,48,25,23,12,1,1,1,3,2,2,38.64,66.0,44.0,26.67,65.0,45.0,40006.0,,11.0,15.0,5,1,24,0,2,48,22.0,64.05,18.2,21.0,67.33,33.3,1.0,0,0,0,0,2,65.26644,26.684444,45.0,66.336815,38.631817,44.0,0,,,15.0,40006.0,15
31068,48,25,23,12,1,1,1,3,2,2,38.64,66.0,44.0,26.67,65.0,45.0,40006.0,,11.0,15.0,5,2,24,0,2,48,23.0,66.43,34.8,23.0,65.43,43.5,1.0,0,0,0,0,2,65.26644,26.684444,45.0,66.336815,38.631817,44.0,0,,,15.0,40006.0,15
31069,69,37,32,14,1,1,1,2,3,2,15.91,77.0,44.0,17.78,61.0,45.0,40006.0,,11.0,6.0,5,1,24,0,2,50,20.0,62.5,15.0,19.0,81.79,21.1,1.0,0,0,0,0,2,61.266666,17.777779,45.0,77.09113,15.929545,44.0,0,,,6.0,40006.0,6
31069,69,37,32,14,1,1,1,2,3,2,15.91,77.0,44.0,17.78,61.0,45.0,40006.0,,11.0,6.0,5,2,26,0,2,50,25.0,60.28,20.0,25.0,73.52,12.0,1.0,0,0,0,0,2,61.266666,17.777779,45.0,77.09113,15.929545,44.0,0,,,6.0,40006.0,6
31070,47,29,18,11,1,1,1,2,2,1,20.0,75.0,25.0,24.0,70.0,25.0,40006.0,,11.0,11.0,5,1,37,0,1,37,25.0,70.24,24.0,25.0,75.04,20.0,1.0,0,0,0,0,1,70.24,24.0,25.0,75.04,20.0,25.0,0,,,11.0,40006.0,11
31073,26,15,11,7,1,1,1,3,1,1,28.57,71.0,14.0,20.0,62.0,15.0,40006.0,,11.0,16.0,5,1,26,0,1,26,15.0,62.2,20.0,14.0,71.14,28.6,1.0,0,0,0,0,1,62.2,20.0,15.0,71.14,28.6,14.0,0,,,16.0,40006.0,16
31075,80,42,38,15,1,1,1,1,3,2,3.13,88.0,64.0,3.13,86.0,64.0,40006.0,,11.0,6.0,5,1,37,0,2,71,32.0,85.19,3.1,32.0,88.59,3.1,1.0,0,0,1,0,2,85.19,3.1,32.0,88.59,3.1,32.0,0,,,6.0,40006.0,6
31075,80,42,38,15,1,1,1,1,3,2,3.13,88.0,64.0,3.13,86.0,64.0,40006.0,,11.0,6.0,5,2,34,0,2,71,32.0,86.81,3.16,32.0,87.41,3.16,,1,0,1,0,2,85.19,3.1,32.0,88.59,3.1,32.0,1,32.0,32.0,6.0,40006.0,6
31077,77,39,38,23,1,1,1,3,4,2,23.4,70.0,47.0,16.33,73.0,49.0,40006.0,,11.0,13.0,5,1,26,0,2,52,22.0,74.36,13.6,22.0,68.09,22.7,1.0,0,0,0,0,2,72.6298,16.3,49.0,70.42511,23.391489,47.0,0,,,13.0,40006.0,13
31077,77,39,38,23,1,1,1,3,4,2,23.4,70.0,47.0,16.33,73.0,49.0,40006.0,,11.0,13.0,5,2,26,0,2,52,27.0,71.22,18.5,25.0,72.48,24.0,1.0,0,0,0,0,2,72.6298,16.3,49.0,70.42511,23.391489,47.0,0,,,13.0,40006.0,13
31078,90,44,46,14,1,1,1,1,3,2,15.87,78.0,63.0,4.69,79.0,64.0,40006.0,,11.0,4.0,5,2,39,0,2,76,33.0,82.12,0.0,33.0,77.85,12.1,1.0,0,0,1,0,2,82.12,0.0,33.0,77.85,12.1,33.0,0,,,4.0,40006.0,4
31078,90,44,46,14,1,1,1,1,3,2,15.87,78.0,63.0,4.69,79.0,64.0,40006.0,,11.0,4.0,5,1,37,0,2,76,31.0,75.67871,9.682581,30.0,78.165,20.017,,1,0,1,0,2,82.12,0.0,33.0,77.85,12.1,33.0,1,30.0,31.0,4.0,40006.0,4
31079,79,43,36,17,2,1,1,2,4,3,18.31,77.0,71.0,31.94,66.0,72.0,40006.0,,12.0,12.0,5,1,20,0,3,72,21.0,70.14,33.3,21.0,75.62,23.8,1.0,0,0,1,0,3,71.52225,24.9875,40.0,79.07325,22.5175,40.0,0,,,12.0,40006.0,12
31079,79,43,36,17,2,1,1,2,4,3,18.31,77.0,71.0,31.94,66.0,72.0,40006.0,,12.0,12.0,5,2,20,0,3,72,19.0,73.05,15.8,19.0,82.89,21.1,1.0,0,0,1,0,3,71.52225,24.9875,40.0,79.07325,22.5175,40.0,0,,,12.0,40006.0,12
31079,79,43,36,17,2,1,1,2,4,3,18.31,77.0,71.0,31.94,66.0,72.0,40006.0,,12.0,12.0,5,3,32,0,3,72,32.0,59.097187,40.630627,31.0,74.32484,12.880968,,1,0,1,0,3,71.52225,24.9875,40.0,79.07325,22.5175,40.0,1,31.0,32.0,12.0,40006.0,12
31083,22,13,9,6,2,1,1,3,1,1,0.0,76.0,7.0,0.0,70.0,18.0,40006.0,,12.0,38.0,5,1,22,0,1,22,18.0,69.94,0.0,7.0,75.86,0.0,1.0,0,0,0,0,1,69.94,0.0,18.0,75.86,0.0,7.0,0,,,38.0,40006.0,38
31084,64,30,34,12,2,1,1,1,2,2,15.87,83.0,63.0,17.46,76.0,63.0,40006.0,,12.0,8.0,5,1,33,0,2,64,31.0,80.1,9.7,31.0,83.84,12.9,1.0,0,0,0,0,2,76.33619,17.471428,63.0,82.85968,15.896826,63.0,0,,,8.0,40006.0,8
31084,64,30,34,12,2,1,1,1,2,2,15.87,83.0,63.0,17.46,76.0,63.0,40006.0,,12.0,8.0,5,2,31,0,2,64,32.0,72.69,25.0,32.0,81.91,18.8,1.0,0,0,0,0,2,76.33619,17.471428,63.0,82.85968,15.896826,63.0,0,,,8.0,40006.0,8
31085,23,18,5,8,2,1,1,3,1,1,27.27,70.0,22.0,27.27,60.0,22.0,40006.0,,12.0,28.0,5,1,23,0,1,23,27.0,52.11,40.7,22.0,69.5,27.3,1.0,0,0,0,0,1,52.11,40.7,27.0,69.5,27.3,22.0,0,,,28.0,40006.0,28
31086,9,1,8,5,2,1,1,7,1,1,77.78,46.0,9.0,81.82,47.0,11.0,40006.0,,12.0,51.0,5,1,9,0,1,9,11.0,47.18,81.8,9.0,46.33,77.8,1.0,0,0,0,0,1,47.18,81.8,11.0,46.33,77.8,9.0,0,,,51.0,40006.0,51
31087,66,29,37,13,2,1,1,2,2,2,6.35,85.0,63.0,10.45,76.0,67.0,40006.0,,12.0,5.0,5,1,33,0,2,66,35.0,76.46,14.3,32.0,84.63,6.3,1.0,0,0,1,0,2,76.46,14.3,35.0,84.63,6.3,32.0,0,,,5.0,40006.0,5
31087,66,29,37,13,2,1,1,2,2,2,6.35,85.0,63.0,10.45,76.0,67.0,40006.0,,12.0,5.0,5,2,33,0,2,66,32.0,75.49687,6.2390623,31.0,85.381935,6.4016128,,1,0,1,0,2,76.46,14.3,35.0,84.63,6.3,32.0,1,31.0,32.0,5.0,40006.0,5
31089,52,27,25,15,1,1,1,4,2,2,32.65,68.0,49.0,22.45,67.0,49.0,21006.0, ,11.0,15.0,5,1,26,0,2,52,23.0,63.91,39.1,23.0,64.7,34.8,1.0,0,0,0,0,2,67.16265,22.438776,49.0,67.89959,32.67755,49.0,0,,,15.0,21006.0,15
31089,52,27,25,15,1,1,1,4,2,2,32.65,68.0,49.0,22.45,67.0,49.0,21006.0, ,11.0,15.0,5,2,26,0,2,52,26.0,70.04,7.7,26.0,70.73,30.8,1.0,0,0,0,0,2,67.16265,22.438776,49.0,67.89959,32.67755,49.0,0,,,15.0,21006.0,15
31090,116,57,59,26,1,1,1,4,5,4,49.0,67.0,100.0,10.0,68.0,100.0,21006.0, ,11.0,17.0,5,1,29,0,4,105,25.0,67.04,12.0,25.0,65.72,48.0,1.0,0,0,0,0,4,67.9026,9.987,100.0,66.8215,49.01,100.0,0,,,17.0,21006.0,17
31090,116,57,59,26,1,1,1,4,5,4,49.0,67.0,100.0,10.0,68.0,100.0,21006.0, ,11.0,17.0,5,2,26,0,4,105,26.0,66.12,3.8,26.0,62.27,65.4,1.0,0,0,0,0,4,67.9026,9.987,100.0,66.8215,49.01,100.0,0,,,17.0,21006.0,17
31090,116,57,59,26,1,1,1,4,5,4,49.0,67.0,100.0,10.0,68.0,100.0,21006.0, ,11.0,17.0,5,3,28,0,4,105,28.0,68.11,14.3,28.0,68.68,53.6,1.0,0,0,0,0,4,67.9026,9.987,100.0,66.8215,49.01,100.0,0,,,17.0,21006.0,17
31090,116,57,59,26,1,1,1,4,5,4,49.0,67.0,100.0,10.0,68.0,100.0,21006.0, ,11.0,17.0,5,4,22,0,4,105,21.0,70.86,9.5,21.0,71.29,23.8,1.0,0,0,0,0,4,67.9026,9.987,100.0,66.8215,49.01,100.0,0,,,17.0,21006.0,17
31092,16,5,11,7,2,1,1,5,1,1,27.27,73.0,11.0,50.0,59.0,12.0,21006.0, ,12.0,23.0,5,1,16,0,1,16,12.0,58.58,50.0,11.0,73.27,27.3,1.0,0,0,0,0,1,58.58,50.0,12.0,73.27,27.3,11.0,0,,,23.0,21006.0,23
31095,22,12,10,6,1,1,1,1,1,1,10.0,85.0,20.0,10.53,84.0,19.0,968.0,,11.0,0.0,5,1,22,0,1,22,19.0,83.47,10.5,20.0,84.8,10.0,1.0,0,0,0,0,1,83.47,10.5,19.0,84.8,10.0,20.0,0,,,0.0,968.0,0
31097,118,63,55,19,1,1,1,2,3,3,20.56,74.0,107.0,32.76,59.0,116.0,68007.0, ,11.0,10.0,5,1,40,0,3,118,39.0,58.18,38.5,36.0,76.67,19.4,1.0,0,0,1,0,3,58.620506,35.462025,79.0,74.835,22.2,72.0,0,,,10.0,68007.0,10
31097,118,63,55,19,1,1,1,2,3,3,20.56,74.0,107.0,32.76,59.0,116.0,68007.0, ,11.0,10.0,5,2,40,0,3,118,40.0,59.05,32.5,36.0,73.0,25.0,1.0,0,0,1,0,3,58.620506,35.462025,79.0,74.835,22.2,72.0,0,,,10.0,68007.0,10
31097,118,63,55,19,1,1,1,2,3,3,20.56,74.0,107.0,32.76,59.0,116.0,68007.0, ,11.0,10.0,5,3,38,0,3,118,37.0,59.81027,26.99081,35.0,72.28229,17.186285,,1,0,1,0,3,58.620506,35.462025,79.0,74.835,22.2,72.0,1,35.0,37.0,10.0,68007.0,10
31098,57,31,26,14,1,1,1,5,3,2,56.52,62.0,46.0,14.89,65.0,47.0,68007.0, ,11.0,16.0,5,1,24,0,2,33,23.0,63.48,26.1,23.0,59.87,56.5,1.0,0,0,0,0,2,65.49191,14.917022,47.0,61.72,56.5,46.0,0,,,16.0,68007.0,16
31098,57,31,26,14,1,1,1,5,3,2,56.52,62.0,46.0,14.89,65.0,47.0,68007.0, ,11.0,16.0,5,2,9,0,2,33,24.0,67.42,4.2,23.0,63.57,56.5,1.0,0,0,0,0,2,65.49191,14.917022,47.0,61.72,56.5,46.0,0,,,16.0,68007.0,16
31099,27,9,18,7,1,1,1,5,1,1,19.05,72.0,21.0,19.23,65.0,26.0,68007.0, ,11.0,20.0,5,1,27,0,1,27,26.0,64.88,19.2,21.0,72.19,19.0,1.0,0,0,0,0,1,64.88,19.2,26.0,72.19,19.0,21.0,0,,,20.0,68007.0,20
31100,144,80,64,25,1,1,1,2,5,4,23.81,75.0,105.0,18.1,62.0,105.0,68007.0, ,11.0,10.0,5,1,34,0,4,134,27.0,69.15,11.1,26.0,76.35,30.8,1.0,0,0,1,0,4,62.761467,15.997334,75.0,75.40027,22.688,75.0,0,,,10.0,68007.0,10
31100,144,80,64,25,1,1,1,2,5,4,23.81,75.0,105.0,18.1,62.0,105.0,68007.0, ,11.0,10.0,5,2,30,0,4,134,23.0,64.22,8.7,24.0,80.33,4.2,1.0,0,0,1,0,4,62.761467,15.997334,75.0,75.40027,22.688,75.0,0,,,10.0,68007.0,10
31100,144,80,64,25,1,1,1,2,5,4,23.81,75.0,105.0,18.1,62.0,105.0,68007.0, ,11.0,10.0,5,3,35,0,4,134,25.0,54.52,28.0,25.0,69.68,32.0,1.0,0,0,1,0,4,62.761467,15.997334,75.0,75.40027,22.688,75.0,0,,,10.0,68007.0,10
31100,144,80,64,25,1,1,1,2,5,4,23.81,75.0,105.0,18.1,62.0,105.0,68007.0, ,11.0,10.0,5,4,35,0,4,134,30.0,60.096333,23.356667,30.0,73.99934,26.615,,1,0,1,0,4,62.761467,15.997334,75.0,75.40027,22.688,75.0,1,30.0,30.0,10.0,68007.0,10
31101,40,26,14,9,2,1,1,8,1,1,51.43,60.0,35.0,42.86,57.0,35.0,68007.0, ,12.0,50.0,5,1,40,0,1,40,34.0,57.18,41.2,34.0,60.18,50.0,1.0,0,0,0,0,1,57.18,41.2,34.0,60.18,50.0,34.0,0,,,50.0,68007.0,50
31102,102,30,72,22,2,1,1,3,5,4,20.45,77.0,88.0,15.91,75.0,88.0,68007.0, ,12.0,14.0,5,1,22,0,4,87,23.0,72.0,17.4,23.0,72.87,26.1,1.0,0,0,0,0,4,74.43046,15.896591,88.0,77.19557,20.451136,88.0,0,,,14.0,68007.0,14
31102,102,30,72,22,2,1,1,3,5,4,20.45,77.0,88.0,15.91,75.0,88.0,68007.0, ,12.0,14.0,5,2,22,0,4,87,21.0,73.9,19.0,21.0,84.1,9.5,1.0,0,0,0,0,4,74.43046,15.896591,88.0,77.19557,20.451136,88.0,0,,,14.0,68007.0,14
31102,102,30,72,22,2,1,1,3,5,4,20.45,77.0,88.0,15.91,75.0,88.0,68007.0, ,12.0,14.0,5,3,21,0,4,87,23.0,77.3,17.4,23.0,75.35,34.8,1.0,0,0,0,0,4,74.43046,15.896591,88.0,77.19557,20.451136,88.0,0,,,14.0,68007.0,14
31102,102,30,72,22,2,1,1,3,5,4,20.45,77.0,88.0,15.91,75.0,88.0,68007.0, ,12.0,14.0,5,4,22,0,4,87,21.0,74.48,9.5,21.0,77.05,9.5,1.0,0,0,0,0,4,74.43046,15.896591,88.0,77.19557,20.451136,88.0,0,,,14.0,68007.0,14
31103,19,9,10,6,1,1,1,1,1,1,18.18,79.0,22.0,4.55,72.0,22.0,2543.0, ,11.0,2.0,5,1,19,0,1,19,22.0,72.32,4.5,22.0,78.91,18.2,1.0,0,0,0,0,1,72.32,4.5,22.0,78.91,18.2,22.0,0,,,2.0,2543.0,2
31107,63,32,31,13,1,1,1,2,2,2,23.73,77.0,59.0,38.98,63.0,59.0,78006.0,- ,11.0,7.0,5,1,31,0,2,63,30.0,64.43,30.0,30.0,78.8,23.3,1.0,0,0,0,0,2,62.945595,38.994915,59.0,77.37457,23.69322,59.0,0,,,7.0,78006.0,7
31107,63,32,31,13,1,1,1,2,2,2,23.73,77.0,59.0,38.98,63.0,59.0,78006.0,- ,11.0,7.0,5,2,32,0,2,63,29.0,61.41,48.3,29.0,75.9,24.1,1.0,0,0,0,0,2,62.945595,38.994915,59.0,77.37457,23.69322,59.0,0,,,7.0,78006.0,7
31108,21,10,11,6,2,1,1,6,1,1,12.5,82.0,16.0,0.0,77.0,16.0,78006.0,- ,12.0,28.0,5,1,21,0,1,21,16.0,77.0,0.0,16.0,82.0,12.5,,1,0,1,0,1,,,,,,,1,,,28.0,78006.0,28
31109,89,52,37,17,1,2,1,1,3,2,19.12,76.0,68.0,17.39,67.0,69.0,5801.0,""" ",11.0,2.0,5,1,38,0,2,75,36.0,64.97,19.4,36.0,75.19,25.0,1.0,0,0,0,0,2,67.02652,17.391304,69.0,76.31941,19.117647,68.0,0,,,2.0,5801.0,2
31109,89,52,37,17,1,2,1,1,3,2,19.12,76.0,68.0,17.39,67.0,69.0,5801.0,""" ",11.0,2.0,5,2,37,0,2,75,33.0,69.27,15.2,32.0,77.59,12.5,1.0,0,0,0,0,2,67.02652,17.391304,69.0,76.31941,19.117647,68.0,0,,,2.0,5801.0,2
31114,20,11,9,6,1,1,1,0,1,1,16.67,79.0,18.0,22.22,67.0,18.0,6940.0, ,11.0,1.0,5,1,20,0,1,20,18.0,67.0,22.22,18.0,79.0,16.67,,1,0,1,0,1,,,,,,,1,,,1.0,6940.0,1
31115,17,10,7,6,1,1,1,0,1,1,,,,,,,,,,,5,1,17,0,1,17,17.0,62.53,47.1,16.0,73.06,50.0,1.0,0,1,0,1,1,62.53,47.1,17.0,73.06,50.0,16.0,0,,,0.0,2907.0,0
31116,33,18,15,9,1,1,1,0,1,1,6.06,86.0,33.0,15.15,75.0,33.0,3442.0,,11.0,0.0,5,1,33,0,1,33,33.0,74.67,15.2,33.0,86.48,6.1,1.0,0,0,0,0,1,74.67,15.2,33.0,86.48,6.1,33.0,0,,,0.0,3442.0,0
31120,16,7,9,7,2,2,1,2,1,1,17.65,74.0,17.0,23.53,66.0,17.0,7690.0, ,12.0,11.0,5,1,16,0,1,16,17.0,66.0,23.53,17.0,74.0,17.65,,1,0,1,0,1,,,,,,,1,,,11.0,7690.0,11
31121,56,24,32,13,1,1,1,2,3,2,35.14,76.0,37.0,16.22,72.0,37.0,25007.0,,11.0,13.0,5,1,24,0,2,44,25.0,76.36,12.0,25.0,77.04,20.0,1.0,0,0,0,0,2,68.58312,22.925,48.0,71.35555,42.22222,45.0,0,,,13.0,25007.0,13
31121,56,24,32,13,1,1,1,2,3,2,35.14,76.0,37.0,16.22,72.0,37.0,25007.0,,11.0,13.0,5,2,20,0,2,44,23.0,60.13,34.8,20.0,64.25,70.0,1.0,0,0,0,0,2,68.58312,22.925,48.0,71.35555,42.22222,45.0,0,,,13.0,25007.0,13
31122,52,31,21,13,1,1,1,2,2,2,19.61,79.0,51.0,7.69,77.0,52.0,25007.0,,11.0,9.0,5,2,33,0,2,66,27.0,80.67,7.4,26.0,80.35,19.2,1.0,0,0,1,0,2,80.67,7.4,27.0,80.35,19.2,26.0,0,,,9.0,25007.0,9
31122,52,31,21,13,1,1,1,2,2,2,19.61,79.0,51.0,7.69,77.0,52.0,25007.0,,11.0,9.0,5,1,33,0,2,66,25.0,73.0364,8.0032,25.0,77.596,20.0364,,1,0,1,0,2,80.67,7.4,27.0,80.35,19.2,26.0,1,25.0,25.0,9.0,25007.0,9
31125,35,20,15,11,1,1,1,5,1,1,21.43,73.0,28.0,6.9,76.0,29.0,25007.0,,11.0,17.0,5,1,35,0,1,35,29.0,75.97,6.9,28.0,73.0,21.4,1.0,0,0,0,0,1,75.97,6.9,29.0,73.0,21.4,28.0,0,,,17.0,25007.0,17
31129,43,21,22,9,1,1,1,1,2,2,20.69,79.0,29.0,3.45,60.0,29.0,4267.0, ,11.0,2.0,5,1,21,0,2,43,13.0,61.0,0.0,13.0,80.69,23.1,1.0,0,0,0,0,2,60.415173,3.475862,29.0,79.23897,20.727587,29.0,0,,,2.0,4267.0,2
31129,43,21,22,9,1,1,1,1,2,2,20.69,79.0,29.0,3.45,60.0,29.0,4267.0, ,11.0,2.0,5,2,22,0,2,43,16.0,59.94,6.3,16.0,78.06,18.8,1.0,0,0,0,0,2,60.415173,3.475862,29.0,79.23897,20.727587,29.0,0,,,2.0,4267.0,2
31130,20,8,12,5,1,1,1,0,1,1,27.78,79.0,18.0,22.22,68.0,18.0,1396.0, ,11.0,2.0,5,1,20,0,1,20,18.0,68.0,22.2,18.0,79.33,27.8,1.0,0,0,0,0,1,68.0,22.2,18.0,79.33,27.8,18.0,0,,,2.0,1396.0,2
31132,20,10,10,6,1,2,1,4,1,1,36.84,74.0,19.0,42.11,67.0,19.0,7732.0,,11.0,18.0,5,1,20,0,1,20,19.0,67.0,42.11,19.0,74.0,36.84,,1,0,1,0,1,,,,,,,1,,,18.0,7732.0,18
31133,40,18,22,11,1,1,1,5,1,1,39.39,73.0,33.0,27.27,66.0,33.0,539.0,,11.0,19.0,5,1,40,0,1,40,33.0,65.79,27.3,33.0,73.15,39.4,1.0,0,0,0,0,1,65.79,27.3,33.0,73.15,39.4,33.0,0,,,19.0,539.0,19
31134,14,9,5,7,2,1,1,8,1,1,25.0,69.0,12.0,58.33,47.0,12.0,539.0,,12.0,46.0,5,1,14,0,1,14,16.0,44.69,62.5,16.0,64.38,43.8,1.0,0,0,0,0,1,44.69,62.5,16.0,64.38,43.8,16.0,0,,,46.0,539.0,46
31135,100,54,46,19,1,1,1,2,4,3,35.9,72.0,78.0,34.62,61.0,78.0,78006.0,- ,11.0,6.0,5,1,29,0,3,90,28.0,66.96,17.9,28.0,75.5,35.7,1.0,0,0,0,0,3,60.98564,34.630768,78.0,72.14103,35.892307,78.0,0,,,6.0,78006.0,6
31135,100,54,46,19,1,1,1,2,4,3,35.9,72.0,78.0,34.62,61.0,78.0,78006.0,- ,11.0,6.0,5,2,29,0,3,90,25.0,58.16,40.0,25.0,73.08,28.0,1.0,0,0,0,0,3,60.98564,34.630768,78.0,72.14103,35.892307,78.0,0,,,6.0,78006.0,6
31135,100,54,46,19,1,1,1,2,4,3,35.9,72.0,78.0,34.62,61.0,78.0,78006.0,- ,11.0,6.0,5,3,32,0,3,90,25.0,57.12,48.0,25.0,67.44,44.0,1.0,0,0,0,0,3,60.98564,34.630768,78.0,72.14103,35.892307,78.0,0,,,6.0,78006.0,6
31136,56,30,26,11,1,1,1,4,3,2,31.11,74.0,45.0,27.27,68.0,44.0,78006.0,- ,11.0,21.0,5,2,23,0,2,46,21.0,67.33,28.6,21.0,70.52,47.6,1.0,0,0,1,0,2,67.33,28.6,21.0,70.52,47.6,21.0,0,,,21.0,78006.0,21
31136,56,30,26,11,1,1,1,4,3,2,31.11,74.0,45.0,27.27,68.0,44.0,78006.0,- ,11.0,21.0,5,1,23,0,2,46,23.0,68.61174,26.055653,24.0,77.045,16.68125,,1,0,1,0,2,67.33,28.6,21.0,70.52,47.6,21.0,1,24.0,23.0,21.0,78006.0,21
31139,63,25,38,15,2,1,1,4,2,2,21.67,74.0,60.0,28.33,63.0,60.0,78006.0,- ,12.0,22.0,5,1,30,0,2,63,31.0,64.81,22.6,31.0,73.65,25.8,1.0,0,0,0,0,2,62.804165,28.351667,60.0,73.55334,21.643333,60.0,0,,,22.0,78006.0,22
31139,63,25,38,15,2,1,1,4,2,2,21.67,74.0,60.0,28.33,63.0,60.0,78006.0,- ,12.0,22.0,5,2,33,0,2,63,29.0,60.66,34.5,29.0,73.45,17.2,1.0,0,0,0,0,2,62.804165,28.351667,60.0,73.55334,21.643333,60.0,0,,,22.0,78006.0,22
31141,20,12,8,9,2,1,1,8,1,1,85.71,53.0,7.0,42.86,44.0,7.0,78006.0,- ,12.0,60.0,5,1,20,0,1,20,7.0,44.0,42.86,7.0,53.0,85.71,,1,0,1,0,1,,,,,,,1,,,60.0,78006.0,60
31143,112,48,64,24,1,1,1,1,4,3,21.18,78.0,85.0,15.56,72.0,90.0,95000.0, ,11.0,4.0,5,1,36,0,3,102,32.0,73.88,9.4,31.0,78.55,16.1,1.0,0,0,0,0,3,72.232445,15.558888,90.0,77.54059,21.151764,85.0,0,,,4.0,95000.0,4
31143,112,48,64,24,1,1,1,1,4,3,21.18,78.0,85.0,15.56,72.0,90.0,95000.0, ,11.0,4.0,5,2,34,0,3,102,31.0,69.48,25.8,29.0,79.1,17.2,1.0,0,0,0,0,3,72.232445,15.558888,90.0,77.54059,21.151764,85.0,0,,,4.0,95000.0,4
31143,112,48,64,24,1,1,1,1,4,3,21.18,78.0,85.0,15.56,72.0,90.0,95000.0, ,11.0,4.0,5,3,32,0,3,102,27.0,73.44,11.1,25.0,74.48,32.0,1.0,0,0,0,0,3,72.232445,15.558888,90.0,77.54059,21.151764,85.0,0,,,4.0,95000.0,4
31145,127,62,65,21,1,1,1,1,5,3,20.88,81.0,91.0,14.29,75.0,91.0,95000.0, ,11.0,2.0,5,1,35,0,3,103,29.0,71.14,10.3,29.0,80.14,24.1,1.0,0,0,0,0,3,74.58407,14.285714,91.0,80.98824,20.863737,91.0,0,,,2.0,95000.0,2
31145,127,62,65,21,1,1,1,1,5,3,20.88,81.0,91.0,14.29,75.0,91.0,95000.0, ,11.0,2.0,5,2,36,0,3,103,31.0,78.13,12.9,31.0,82.29,22.6,1.0,0,0,0,0,3,74.58407,14.285714,91.0,80.98824,20.863737,91.0,0,,,2.0,95000.0,2
31145,127,62,65,21,1,1,1,1,5,3,20.88,81.0,91.0,14.29,75.0,91.0,95000.0, ,11.0,2.0,5,3,32,0,3,103,31.0,74.26,19.4,31.0,80.48,16.1,1.0,0,0,0,0,3,74.58407,14.285714,91.0,80.98824,20.863737,91.0,0,,,2.0,95000.0,2
31148,92,55,37,20,1,1,1,3,3,3,34.52,70.0,84.0,28.41,59.0,88.0,68007.0, ,11.0,14.0,5,1,34,0,3,92,34.0,60.32,20.6,32.0,74.0,28.1,1.0,0,0,0,0,3,58.715794,28.404545,88.0,69.87024,34.50238,84.0,0,,,14.0,68007.0,14
31148,92,55,37,20,1,1,1,3,3,3,34.52,70.0,84.0,28.41,59.0,88.0,68007.0, ,11.0,14.0,5,2,29,0,3,92,29.0,55.59,44.8,27.0,68.3,37.0,1.0,0,0,0,0,3,58.715794,28.404545,88.0,69.87024,34.50238,84.0,0,,,14.0,68007.0,14
31148,92,55,37,20,1,1,1,3,3,3,34.52,70.0,84.0,28.41,59.0,88.0,68007.0, ,11.0,14.0,5,3,29,0,3,92,25.0,60.16,20.0,25.0,66.28,40.0,1.0,0,0,0,0,3,58.715794,28.404545,88.0,69.87024,34.50238,84.0,0,,,14.0,68007.0,14
31151,29,13,16,11,1,1,1,3,1,1,12.9,80.0,31.0,9.68,70.0,31.0,23002.0, ,11.0,9.0,5,1,29,0,1,29,31.0,70.0,9.68,31.0,80.0,12.9,,1,0,1,0,1,,,,,,,1,,,9.0,23002.0,9
31152,51,30,21,12,1,1,1,1,2,2,10.0,82.0,50.0,16.0,74.0,50.0,23002.0, ,11.0,5.0,5,1,26,0,2,51,25.0,74.28,16.0,25.0,79.56,16.0,1.0,0,0,0,0,2,74.24,16.0,50.0,81.8,10.0,50.0,0,,,5.0,23002.0,5
31152,51,30,21,12,1,1,1,1,2,2,10.0,82.0,50.0,16.0,74.0,50.0,23002.0, ,11.0,5.0,5,2,25,0,2,51,25.0,74.2,16.0,25.0,84.04,4.0,1.0,0,0,0,0,2,74.24,16.0,50.0,81.8,10.0,50.0,0,,,5.0,23002.0,5
31153,99,47,52,20,1,1,1,1,4,3,13.79,82.0,87.0,8.14,79.0,86.0,23002.0, ,11.0,2.0,5,1,28,0,3,88,28.0,77.68,7.1,29.0,85.17,10.3,1.0,0,0,0,0,3,78.51209,8.139535,86.0,81.99966,13.771264,87.0,0,,,2.0,23002.0,2
31153,99,47,52,20,1,1,1,1,4,3,13.79,82.0,87.0,8.14,79.0,86.0,23002.0, ,11.0,2.0,5,2,32,0,3,88,31.0,81.26,6.5,31.0,81.42,12.9,1.0,0,0,0,0,3,78.51209,8.139535,86.0,81.99966,13.771264,87.0,0,,,2.0,23002.0,2
31153,99,47,52,20,1,1,1,1,4,3,13.79,82.0,87.0,8.14,79.0,86.0,23002.0, ,11.0,2.0,5,3,28,0,3,88,27.0,76.22,11.1,27.0,79.26,18.5,1.0,0,0,0,0,3,78.51209,8.139535,86.0,81.99966,13.771264,87.0,0,,,2.0,23002.0,2
31154,10,5,5,6,2,1,1,6,1,1,40.0,78.0,5.0,40.0,72.0,5.0,23002.0, ,12.0,40.0,5,1,10,0,1,10,5.0,72.2,40.0,5.0,77.4,40.0,1.0,0,0,0,0,1,72.2,40.0,5.0,77.4,40.0,5.0,0,,,40.0,23002.0,40
31156,117,61,56,21,1,1,1,2,4,3,20.43,77.0,93.0,22.58,65.0,93.0,96008.0, ,11.0,6.0,5,1,36,0,3,99,35.0,68.86,17.1,35.0,78.23,22.9,1.0,0,0,0,0,3,65.27054,22.554838,93.0,76.63441,20.448387,93.0,0,,,6.0,96008.0,6
31156,117,61,56,21,1,1,1,2,4,3,20.43,77.0,93.0,22.58,65.0,93.0,96008.0, ,11.0,6.0,5,2,33,0,3,99,31.0,63.84,25.8,31.0,73.87,22.6,1.0,0,0,0,0,3,65.27054,22.554838,93.0,76.63441,20.448387,93.0,0,,,6.0,96008.0,6
31156,117,61,56,21,1,1,1,2,4,3,20.43,77.0,93.0,22.58,65.0,93.0,96008.0, ,11.0,6.0,5,3,30,0,3,99,27.0,62.26,25.9,27.0,77.74,14.8,1.0,0,0,0,0,3,65.27054,22.554838,93.0,76.63441,20.448387,93.0,0,,,6.0,96008.0,6
31157,81,42,39,18,1,1,1,3,3,2,30.95,70.0,42.0,22.73,69.0,44.0,96008.0, ,11.0,17.0,5,2,29,0,2,59,22.0,70.59,0.0,20.0,70.8,25.0,1.0,0,0,1,0,2,70.59,0.0,22.0,70.8,25.0,20.0,0,,,17.0,96008.0,17
31157,81,42,39,18,1,1,1,3,3,2,30.95,70.0,42.0,22.73,69.0,44.0,96008.0, ,11.0,17.0,5,1,30,0,2,59,22.0,67.41,45.46,22.0,69.27273,36.359093,,1,0,1,0,2,70.59,0.0,22.0,70.8,25.0,20.0,1,22.0,22.0,17.0,96008.0,17
31159,49,21,28,11,2,1,1,5,3,2,28.57,72.0,28.0,10.71,73.0,28.0,96008.0, ,12.0,57.0,5,1,21,0,1,21,28.0,73.0,10.7,28.0,71.96,28.6,1.0,0,0,0,0,1,73.0,10.7,28.0,71.96,28.6,28.0,0,,,57.0,96008.0,57
31160,95,52,43,22,1,1,1,1,3,3,20.69,78.0,87.0,30.43,63.0,92.0,82008.0, ,11.0,5.0,5,2,30,0,3,95,28.0,54.18,28.6,25.0,73.68,20.0,1.0,0,0,1,0,3,63.420322,27.448387,62.0,78.61862,13.798276,58.0,0,,,5.0,82008.0,5
31160,95,52,43,22,1,1,1,1,3,3,20.69,78.0,87.0,30.43,63.0,92.0,82008.0, ,11.0,5.0,5,3,33,0,3,95,34.0,71.03,26.5,33.0,82.36,9.1,1.0,0,0,1,0,3,63.420322,27.448387,62.0,78.61862,13.798276,58.0,0,,,5.0,82008.0,5
31160,95,52,43,22,1,1,1,1,3,3,20.69,78.0,87.0,30.43,63.0,92.0,82008.0, ,11.0,5.0,5,1,32,0,3,95,30.0,62.131332,36.592,29.0,76.76276,34.47345,,1,0,1,0,3,63.420322,27.448387,62.0,78.61862,13.798276,58.0,1,29.0,30.0,5.0,82008.0,5
31161,92,42,50,26,1,1,1,1,3,3,15.48,81.0,84.0,15.29,76.0,85.0,82008.0, ,11.0,5.0,5,1,28,0,3,92,25.0,75.92,12.0,25.0,80.12,12.0,1.0,0,0,1,0,3,76.94491,9.411321,53.0,81.29255,11.745098,51.0,0,,,5.0,82008.0,5
31161,92,42,50,26,1,1,1,1,3,3,15.48,81.0,84.0,15.29,76.0,85.0,82008.0, ,11.0,5.0,5,3,30,0,3,92,28.0,77.86,7.1,26.0,82.42,11.5,1.0,0,0,1,0,3,76.94491,9.411321,53.0,81.29255,11.745098,51.0,0,,,5.0,82008.0,5
31161,92,42,50,26,1,1,1,1,3,3,15.48,81.0,84.0,15.29,76.0,85.0,82008.0, ,11.0,5.0,5,2,34,0,3,92,32.0,74.435,25.026562,33.0,80.54788,21.252121,,1,0,1,0,3,76.94491,9.411321,53.0,81.29255,11.745098,51.0,1,33.0,32.0,5.0,82008.0,5
31162,69,35,34,13,2,1,1,2,2,2,16.18,83.0,68.0,11.59,75.0,69.0,82008.0, ,12.0,13.0,5,1,34,0,2,69,37.0,72.32,16.2,36.0,82.42,13.9,1.0,0,0,0,0,2,75.390144,11.608696,69.0,82.83882,16.205883,68.0,0,,,13.0,82008.0,13
31162,69,35,34,13,2,1,1,2,2,2,16.18,83.0,68.0,11.59,75.0,69.0,82008.0, ,12.0,13.0,5,2,35,0,2,69,32.0,78.94,6.3,32.0,83.31,18.8,1.0,0,0,0,0,2,75.390144,11.608696,69.0,82.83882,16.205883,68.0,0,,,13.0,82008.0,13
31164,25,12,13,7,1,2,1,4,1,1,20.0,82.0,20.0,0.0,76.0,20.0,9225.0,,11.0,15.0,5,1,25,0,1,25,20.0,76.0,0.0,20.0,82.0,20.0,,1,0,1,0,1,,,,,,,1,,,15.0,9225.0,15
31165,20,10,10,7,2,2,1,6,1,1,30.0,76.0,20.0,10.0,70.0,20.0,9225.0,,12.0,43.0,5,1,20,0,1,20,20.0,69.7,10.0,20.0,75.7,30.0,1.0,0,0,0,0,1,69.7,10.0,20.0,75.7,30.0,20.0,0,,,43.0,9225.0,43
31167,14,8,6,6,1,1,1,1,1,1,,,,,,,,,,,5,1,14,0,1,14,11.0,81.27,9.1,10.0,86.1,10.0,1.0,0,1,0,1,1,81.27,9.1,11.0,86.1,10.0,10.0,0,,,4.0,3277.0,4
31168,11,7,4,6,1,1,1,0,1,1,,,,,,,,,,,5,1,11,0,1,11,11.0,81.82,0.0,11.0,87.45,0.0,1.0,0,1,0,1,1,81.82,0.0,11.0,87.45,0.0,11.0,0,,,0.0,2378.0,0
31188,127,71,56,17,1,1,1,4,4,3,29.21,67.0,89.0,37.11,59.0,97.0,95000.0, ,11.0,15.0,5,1,34,0,3,103,32.0,61.06,37.5,29.0,67.03,34.5,1.0,0,0,0,0,3,59.17412,37.127834,97.0,67.28023,29.198877,89.0,0,,,15.0,95000.0,15
31188,127,71,56,17,1,1,1,4,4,3,29.21,67.0,89.0,37.11,59.0,97.0,95000.0, ,11.0,15.0,5,2,34,0,3,103,31.0,53.81,48.4,29.0,67.83,37.9,1.0,0,0,0,0,3,59.17412,37.127834,97.0,67.28023,29.198877,89.0,0,,,15.0,95000.0,15
31188,127,71,56,17,1,1,1,4,4,3,29.21,67.0,89.0,37.11,59.0,97.0,95000.0, ,11.0,15.0,5,3,35,0,3,103,34.0,62.29,26.5,31.0,67.0,16.1,1.0,0,0,0,0,3,59.17412,37.127834,97.0,67.28023,29.198877,89.0,0,,,15.0,95000.0,15
31189,113,54,59,26,1,1,1,2,4,3,19.78,75.0,91.0,31.52,63.0,92.0,82008.0, ,11.0,7.0,5,1,35,0,3,93,36.0,64.36,27.8,36.0,73.75,25.0,1.0,0,0,0,0,3,61.989246,32.253765,93.0,74.52337,20.642391,92.0,0,,,7.0,82008.0,7
31189,113,54,59,26,1,1,1,2,4,3,19.78,75.0,91.0,31.52,63.0,92.0,82008.0, ,11.0,7.0,5,2,30,0,3,93,31.0,63.32,29.0,31.0,77.65,16.1,1.0,0,0,0,0,3,61.989246,32.253765,93.0,74.52337,20.642391,92.0,0,,,7.0,82008.0,7
31189,113,54,59,26,1,1,1,2,4,3,19.78,75.0,91.0,31.52,63.0,92.0,82008.0, ,11.0,7.0,5,3,28,0,3,93,26.0,57.12,42.3,25.0,71.76,20.0,1.0,0,0,0,0,3,61.989246,32.253765,93.0,74.52337,20.642391,92.0,0,,,7.0,82008.0,7
31207,44,25,19,10,1,1,1,3,2,1,19.05,75.0,21.0,40.74,52.0,27.0,40006.0,,11.0,9.0,5,1,31,0,1,31,27.0,52.0,40.7,21.0,75.19,19.0,1.0,0,0,0,0,1,52.0,40.7,27.0,75.19,19.0,21.0,0,,,9.0,40006.0,9
31208,92,49,43,16,1,1,1,1,3,3,23.53,77.0,85.0,17.65,75.0,85.0,40006.0,,11.0,2.0,5,1,29,0,3,92,27.0,80.0,11.1,27.0,84.0,11.1,1.0,0,0,0,0,3,74.588234,17.638824,85.0,76.71659,23.524706,85.0,0,,,2.0,40006.0,2
31208,92,49,43,16,1,1,1,1,3,3,23.53,77.0,85.0,17.65,75.0,85.0,40006.0,,11.0,2.0,5,2,30,0,3,92,25.0,68.2,20.0,25.0,74.72,28.0,1.0,0,0,0,0,3,74.588234,17.638824,85.0,76.71659,23.524706,85.0,0,,,2.0,40006.0,2
31208,92,49,43,16,1,1,1,1,3,3,23.53,77.0,85.0,17.65,75.0,85.0,40006.0,,11.0,2.0,5,3,33,0,3,92,33.0,75.0,21.2,33.0,72.27,30.3,1.0,0,0,0,0,3,74.588234,17.638824,85.0,76.71659,23.524706,85.0,0,,,2.0,40006.0,2
31209,92,48,44,15,1,1,1,2,3,2,8.33,82.0,60.0,14.75,75.0,61.0,40006.0,,11.0,8.0,5,2,38,0,2,76,27.0,77.48,14.8,27.0,85.11,0.0,1.0,0,0,1,0,2,77.48,14.8,27.0,85.11,0.0,27.0,0,,,8.0,40006.0,8
31209,92,48,44,15,1,1,1,2,3,2,8.33,82.0,60.0,14.75,75.0,61.0,40006.0,,11.0,8.0,5,1,38,0,2,76,34.0,73.03059,14.710294,33.0,79.45545,15.145454,,1,0,1,0,2,77.48,14.8,27.0,85.11,0.0,27.0,1,33.0,34.0,8.0,40006.0,8
31210,78,44,34,13,1,1,1,1,2,2,5.26,84.0,76.0,8.86,81.0,79.0,40006.0,,11.0,3.0,5,1,40,0,2,78,40.0,80.53,10.0,38.0,83.24,7.9,1.0,0,0,0,0,2,80.924934,8.864557,79.0,83.595,5.25,76.0,0,,,3.0,40006.0,3
31210,78,44,34,13,1,1,1,1,2,2,5.26,84.0,76.0,8.86,81.0,79.0,40006.0,,11.0,3.0,5,2,38,0,2,78,39.0,81.33,7.7,38.0,83.95,2.6,1.0,0,0,0,0,2,80.924934,8.864557,79.0,83.595,5.25,76.0,0,,,3.0,40006.0,3
31212,29,10,19,8,2,1,1,8,1,1,50.0,66.0,24.0,20.83,56.0,24.0,78006.0,- ,12.0,44.0,5,1,29,0,1,29,24.0,56.0,20.83,24.0,66.0,50.0,,1,0,1,0,1,,,,,,,1,,,44.0,78006.0,44
31213,70,49,21,14,1,1,1,4,3,2,23.91,75.0,46.0,8.7,79.0,46.0,40006.0,,11.0,20.0,5,1,27,0,2,56,24.0,79.58,4.2,24.0,73.0,33.3,1.0,0,0,0,0,2,79.36957,8.695652,46.0,75.042175,23.878262,46.0,0,,,20.0,40006.0,20
31213,70,49,21,14,1,1,1,4,3,2,23.91,75.0,46.0,8.7,79.0,46.0,40006.0,,11.0,20.0,5,2,29,0,2,56,22.0,79.14,13.6,22.0,77.27,13.6,1.0,0,0,0,0,2,79.36957,8.695652,46.0,75.042175,23.878262,46.0,0,,,20.0,40006.0,20
31214,35,19,16,13,1,1,1,1,2,1,5.0,84.0,20.0,5.0,81.0,20.0,40006.0,,11.0,4.0,5,1,25,0,1,25,20.0,81.0,5.0,20.0,84.0,5.0,,1,0,1,0,1,,,,,,,1,,,4.0,40006.0,4
31216,150,81,69,27,1,1,1,1,5,4,15.13,83.0,119.0,18.18,75.0,121.0,95000.0, ,11.0,6.0,5,1,38,0,4,135,37.0,77.92,13.5,37.0,84.49,16.2,1.0,0,0,1,0,4,74.479576,19.123404,94.0,81.923294,15.380219,91.0,0,,,6.0,95000.0,6
31216,150,81,69,27,1,1,1,1,5,4,15.13,83.0,119.0,18.18,75.0,121.0,95000.0, ,11.0,6.0,5,2,30,0,4,135,28.0,70.43,21.4,25.0,79.88,16.0,1.0,0,0,1,0,4,74.479576,19.123404,94.0,81.923294,15.380219,91.0,0,,,6.0,95000.0,6
31216,150,81,69,27,1,1,1,1,5,4,15.13,83.0,119.0,18.18,75.0,121.0,95000.0, ,11.0,6.0,5,4,33,0,4,135,29.0,74.0,24.1,29.0,80.41,13.8,1.0,0,0,1,0,4,74.479576,19.123404,94.0,81.923294,15.380219,91.0,0,,,6.0,95000.0,6
31216,150,81,69,27,1,1,1,1,5,4,15.13,83.0,119.0,18.18,75.0,121.0,95000.0, ,11.0,6.0,5,3,34,0,4,135,27.0,76.81185,14.8955555,28.0,86.49928,14.316786,,1,0,1,0,4,74.479576,19.123404,94.0,81.923294,15.380219,91.0,1,28.0,27.0,6.0,95000.0,6
31217,116,68,48,24,1,1,1,3,4,3,48.15,63.0,81.0,35.8,53.0,81.0,96008.0, ,11.0,26.0,5,1,34,0,3,103,33.0,47.73,51.5,32.0,52.25,59.4,1.0,0,0,1,0,3,51.68821,40.285076,67.0,60.87569,49.246155,65.0,0,,,26.0,96008.0,26
31217,116,68,48,24,1,1,1,3,4,3,48.15,63.0,81.0,35.8,53.0,81.0,96008.0, ,11.0,26.0,5,2,35,0,3,103,34.0,55.53,29.4,33.0,69.24,39.4,1.0,0,0,1,0,3,51.68821,40.285076,67.0,60.87569,49.246155,65.0,0,,,26.0,96008.0,26
31217,116,68,48,24,1,1,1,3,4,3,48.15,63.0,81.0,35.8,53.0,81.0,96008.0, ,11.0,26.0,5,3,34,0,3,103,14.0,59.27786,14.335714,16.0,71.63,43.696877,,1,0,1,0,3,51.68821,40.285076,67.0,60.87569,49.246155,65.0,1,16.0,14.0,26.0,96008.0,26
31219,47,27,20,9,1,1,1,5,3,2,66.67,50.0,39.0,69.23,38.0,39.0,78006.0,- ,11.0,40.0,5,1,19,0,2,38,22.0,31.45,77.3,22.0,46.77,81.8,1.0,0,0,0,0,2,38.228207,69.2359,39.0,49.92154,66.67436,39.0,0,,,40.0,78006.0,40
31219,47,27,20,9,1,1,1,5,3,2,66.67,50.0,39.0,69.23,38.0,39.0,78006.0,- ,11.0,40.0,5,2,19,0,2,38,17.0,47.0,58.8,17.0,54.0,47.1,1.0,0,0,0,0,2,38.228207,69.2359,39.0,49.92154,66.67436,39.0,0,,,40.0,78006.0,40
31220,121,58,63,21,1,1,1,1,4,3,33.96,71.0,106.0,20.91,68.0,110.0,96008.0, ,11.0,11.0,5,2,38,0,3,112,35.0,67.71,17.1,34.0,70.71,38.2,1.0,0,0,1,0,3,72.06324,13.516216,74.0,73.56,27.75,72.0,0,,,11.0,96008.0,11
31220,121,58,63,21,1,1,1,1,4,3,33.96,71.0,106.0,20.91,68.0,110.0,96008.0, ,11.0,11.0,5,3,38,0,3,112,39.0,75.97,10.3,38.0,76.11,18.4,1.0,0,0,1,0,3,72.06324,13.516216,74.0,73.56,27.75,72.0,0,,,11.0,96008.0,11
31220,121,58,63,21,1,1,1,1,4,3,33.96,71.0,106.0,20.91,68.0,110.0,96008.0, ,11.0,11.0,5,1,36,0,3,112,36.0,59.647778,36.108334,34.0,65.57883,47.110588,,1,0,1,0,3,72.06324,13.516216,74.0,73.56,27.75,72.0,1,34.0,36.0,11.0,96008.0,11
31222,42,18,24,14,2,2,1,7,2,2,34.29,70.0,35.0,20.0,63.0,35.0,10207.0, ,12.0,44.0,5,1,21,0,2,42,17.0,63.88,11.8,17.0,66.76,29.4,1.0,0,0,0,0,2,63.026287,20.028572,35.0,70.0,34.285713,35.0,0,,,44.0,10207.0,44
31222,42,18,24,14,2,2,1,7,2,2,34.29,70.0,35.0,20.0,63.0,35.0,10207.0, ,12.0,44.0,5,2,21,0,2,42,18.0,62.22,27.8,18.0,73.06,38.9,1.0,0,0,0,0,2,63.026287,20.028572,35.0,70.0,34.285713,35.0,0,,,44.0,10207.0,44
31224,22,10,12,7,2,1,1,7,1,1,68.42,52.0,19.0,42.86,48.0,21.0,68007.0, ,12.0,50.0,5,1,22,0,1,22,21.0,48.57,42.9,19.0,52.37,68.4,1.0,0,0,0,0,1,48.57,42.9,21.0,52.37,68.4,19.0,0,,,50.0,68007.0,50
31232,24,12,12,6,1,3,1,1,1,1,45.45,76.0,11.0,36.36,61.0,11.0,40006.0,,11.0,6.0,5,1,12,0,1,12,11.0,60.82,36.4,11.0,76.18,45.5,1.0,0,0,0,0,1,60.82,36.4,11.0,76.18,45.5,11.0,0,,,6.0,40006.0,6
31235,100,48,52,18,1,1,1,1,4,3,20.25,77.0,79.0,6.02,77.0,83.0,40006.0,,11.0,3.0,5,3,31,0,3,73,27.0,75.04,7.4,27.0,76.63,29.6,1.0,0,0,1,0,3,77.555,3.7,54.0,76.4534,22.633963,53.0,0,,,3.0,40006.0,3
31235,100,48,52,18,1,1,1,1,4,3,20.25,77.0,79.0,6.02,77.0,83.0,40006.0,,11.0,3.0,5,4,14,0,3,73,27.0,80.07,0.0,26.0,76.27,15.4,1.0,0,0,1,0,3,77.555,3.7,54.0,76.4534,22.633963,53.0,0,,,3.0,40006.0,3
31235,100,48,52,18,1,1,1,1,4,3,20.25,77.0,79.0,6.02,77.0,83.0,40006.0,,11.0,3.0,5,2,28,0,3,73,29.0,75.96655,10.34,26.0,78.11423,15.390385,,1,0,1,0,3,77.555,3.7,54.0,76.4534,22.633963,53.0,1,26.0,29.0,3.0,40006.0,3
31237,48,22,26,13,1,1,1,1,2,2,10.81,85.0,37.0,8.7,82.0,46.0,40006.0,,11.0,2.0,5,1,27,0,2,48,22.0,87.05,4.5,21.0,86.43,9.5,1.0,0,0,0,0,2,81.93696,8.673913,46.0,85.08081,10.7972975,37.0,0,,,2.0,40006.0,2
31237,48,22,26,13,1,1,1,1,2,2,10.81,85.0,37.0,8.7,82.0,46.0,40006.0,,11.0,2.0,5,2,21,0,2,48,24.0,77.25,12.5,16.0,83.31,12.5,1.0,0,0,0,0,2,81.93696,8.673913,46.0,85.08081,10.7972975,37.0,0,,,2.0,40006.0,2
31238,59,25,34,17,1,1,1,1,2,2,20.0,77.0,45.0,25.49,73.0,51.0,82008.0, ,11.0,6.0,5,1,29,0,2,59,29.0,71.9,37.9,28.0,69.04,35.7,1.0,0,0,0,0,2,70.225,31.0,58.0,70.984,32.705456,55.0,0,,,6.0,82008.0,6
31238,59,25,34,17,1,1,1,1,2,2,20.0,77.0,45.0,25.49,73.0,51.0,82008.0, ,11.0,6.0,5,2,30,0,2,59,29.0,68.55,24.1,27.0,73.0,29.6,1.0,0,0,0,0,2,70.225,31.0,58.0,70.984,32.705456,55.0,0,,,6.0,82008.0,6
31239,66,35,31,18,1,1,1,1,2,2,20.63,80.0,63.0,23.81,69.0,63.0,65003.0,,11.0,6.0,5,1,33,0,2,66,31.0,67.48,22.6,31.0,77.94,12.9,1.0,0,0,1,0,2,67.48,22.6,31.0,77.94,12.9,31.0,0,,,6.0,65003.0,6
31239,66,35,31,18,1,1,1,1,2,2,20.63,80.0,63.0,23.81,69.0,63.0,65003.0,,11.0,6.0,5,2,33,0,2,66,32.0,70.4725,24.982187,32.0,81.99563,28.118437,,1,0,1,0,2,67.48,22.6,31.0,77.94,12.9,31.0,1,32.0,32.0,6.0,65003.0,6
31242,89,49,40,17,1,1,1,2,3,2,24.66,75.0,73.0,24.66,66.0,73.0,40006.0,,11.0,10.0,5,1,38,0,2,77,34.0,69.21,11.8,34.0,79.71,14.7,1.0,0,0,0,0,2,65.753426,24.675343,73.0,75.01397,24.636986,73.0,0,,,10.0,40006.0,10
31242,89,49,40,17,1,1,1,2,3,2,24.66,75.0,73.0,24.66,66.0,73.0,40006.0,,11.0,10.0,5,2,39,0,2,77,39.0,62.74,35.9,39.0,70.92,33.3,1.0,0,0,0,0,2,65.753426,24.675343,73.0,75.01397,24.636986,73.0,0,,,10.0,40006.0,10
31243,113,56,57,21,1,1,1,1,3,3,4.63,85.0,108.0,8.26,76.0,109.0,40006.0,,11.0,0.0,5,1,39,0,3,113,39.0,81.0,5.1,37.0,84.49,8.1,1.0,0,0,0,0,3,76.29587,8.246789,109.0,84.66657,4.641667,108.0,0,,,0.0,40006.0,0
31243,113,56,57,21,1,1,1,1,3,3,4.63,85.0,108.0,8.26,76.0,109.0,40006.0,,11.0,0.0,5,2,36,0,3,113,35.0,77.26,8.6,36.0,85.36,5.6,1.0,0,0,0,0,3,76.29587,8.246789,109.0,84.66657,4.641667,108.0,0,,,0.0,40006.0,0
31243,113,56,57,21,1,1,1,1,3,3,4.63,85.0,108.0,8.26,76.0,109.0,40006.0,,11.0,0.0,5,3,38,0,3,113,35.0,70.09,11.4,35.0,84.14,0.0,1.0,0,0,0,0,3,76.29587,8.246789,109.0,84.66657,4.641667,108.0,0,,,0.0,40006.0,0
31250,117,72,45,19,1,1,1,2,3,3,23.89,76.0,113.0,22.41,62.0,116.0,68007.0, ,11.0,7.0,5,1,38,0,3,117,38.0,63.26,28.9,36.0,80.17,16.7,1.0,0,0,0,0,3,62.17069,22.405172,116.0,75.50575,23.893805,113.0,0,,,7.0,68007.0,7
31250,117,72,45,19,1,1,1,2,3,3,23.89,76.0,113.0,22.41,62.0,116.0,68007.0, ,11.0,7.0,5,2,40,0,3,117,40.0,67.15,7.5,40.0,76.78,22.5,1.0,0,0,0,0,3,62.17069,22.405172,116.0,75.50575,23.893805,113.0,0,,,7.0,68007.0,7
31250,117,72,45,19,1,1,1,2,3,3,23.89,76.0,113.0,22.41,62.0,116.0,68007.0, ,11.0,7.0,5,3,39,0,3,117,38.0,55.84,31.6,37.0,69.59,32.4,1.0,0,0,0,0,3,62.17069,22.405172,116.0,75.50575,23.893805,113.0,0,,,7.0,68007.0,7
31252,150,84,66,23,1,1,1,1,5,3,19.05,80.0,105.0,18.35,76.0,109.0,95000.0, ,11.0,4.0,5,2,37,0,3,111,35.0,74.89,5.7,35.0,76.14,25.7,1.0,0,0,1,0,3,73.8607,18.325352,71.0,78.33838,20.604412,68.0,0,,,4.0,95000.0,4
31252,150,84,66,23,1,1,1,1,5,3,19.05,80.0,105.0,18.35,76.0,109.0,95000.0, ,11.0,4.0,5,3,37,0,3,111,36.0,72.86,30.6,33.0,80.67,15.2,1.0,0,0,1,0,3,73.8607,18.325352,71.0,78.33838,20.604412,68.0,0,,,4.0,95000.0,4
31252,150,84,66,23,1,1,1,1,5,3,19.05,80.0,105.0,18.35,76.0,109.0,95000.0, ,11.0,4.0,5,1,37,0,3,111,38.0,79.99711,18.396053,37.0,83.05379,16.193243,,1,0,1,0,3,73.8607,18.325352,71.0,78.33838,20.604412,68.0,1,37.0,38.0,4.0,95000.0,4
31253,59,27,32,18,2,1,1,5,3,2,27.91,68.0,43.0,48.84,57.0,43.0,21006.0, ,12.0,23.0,5,1,26,0,2,50,20.0,61.45,35.0,20.0,72.4,20.0,1.0,0,0,1,0,2,61.45,35.0,20.0,72.4,20.0,20.0,0,,,23.0,21006.0,23
31253,59,27,32,18,2,1,1,5,3,2,27.91,68.0,43.0,48.84,57.0,43.0,21006.0, ,12.0,23.0,5,2,24,0,2,50,23.0,53.130436,60.874783,23.0,64.17391,34.78826,,1,0,1,0,2,61.45,35.0,20.0,72.4,20.0,20.0,1,23.0,23.0,23.0,21006.0,23
31255,21,6,15,7,2,1,1,7,1,1,50.0,61.0,14.0,35.71,59.0,14.0,96008.0, ,12.0,46.0,5,1,21,0,1,21,14.0,58.79,35.7,14.0,60.93,50.0,1.0,0,0,0,0,1,58.79,35.7,14.0,60.93,50.0,14.0,0,,,46.0,96008.0,46
31256,60,34,26,18,1,1,1,1,2,2,12.0,80.0,50.0,8.0,79.0,50.0,82008.0, ,11.0,5.0,5,1,30,0,2,60,25.0,78.0,8.0,25.0,80.84,20.0,1.0,0,0,0,0,2,78.7,8.0,50.0,80.02,12.0,50.0,0,,,5.0,82008.0,5
31256,60,34,26,18,1,1,1,1,2,2,12.0,80.0,50.0,8.0,79.0,50.0,82008.0, ,11.0,5.0,5,2,30,0,2,60,25.0,79.4,8.0,25.0,79.2,4.0,1.0,0,0,0,0,2,78.7,8.0,50.0,80.02,12.0,50.0,0,,,5.0,82008.0,5
31257,121,54,67,18,1,1,1,1,4,3,15.15,77.0,99.0,14.0,79.0,100.0,96008.0, ,11.0,7.0,5,1,37,0,3,108,35.0,66.77,25.7,35.0,68.71,34.3,1.0,0,0,0,0,3,78.8793,14.014,100.0,77.26151,15.1595955,99.0,0,,,7.0,96008.0,7
31257,121,54,67,18,1,1,1,1,4,3,15.15,77.0,99.0,14.0,79.0,100.0,96008.0, ,11.0,7.0,5,2,36,0,3,108,32.0,86.41,6.3,31.0,83.65,0.0,1.0,0,0,0,0,3,78.8793,14.014,100.0,77.26151,15.1595955,99.0,0,,,7.0,96008.0,7
31257,121,54,67,18,1,1,1,1,4,3,15.15,77.0,99.0,14.0,79.0,100.0,96008.0, ,11.0,7.0,5,3,35,0,3,108,33.0,84.42,9.1,33.0,80.33,9.1,1.0,0,0,0,0,3,78.8793,14.014,100.0,77.26151,15.1595955,99.0,0,,,7.0,96008.0,7
31259,43,18,25,8,2,1,1,3,2,1,23.53,77.0,17.0,47.06,56.0,17.0,96008.0, ,12.0,31.0,5,1,24,0,1,24,17.0,56.0,47.06,17.0,77.0,23.53,,1,0,1,0,1,,,,,,,1,,,31.0,96008.0,31
31260,34,25,9,8,2,1,1,3,2,1,69.23,54.0,13.0,76.92,44.0,13.0,40006.0,,12.0,30.0,5,1,15,0,1,15,13.0,44.0,76.9,13.0,54.0,69.2,1.0,0,0,0,0,1,44.0,76.9,13.0,54.0,69.2,13.0,0,,,30.0,40006.0,30
31261,130,68,62,29,1,1,1,1,4,3,19.39,77.0,98.0,16.33,68.0,98.0,82008.0, ,11.0,6.0,5,2,38,0,3,113,38.0,64.63,34.2,38.0,71.5,26.3,1.0,0,0,1,0,3,67.48567,21.6,74.0,74.015,23.7,76.0,0,,,6.0,82008.0,6
31261,130,68,62,29,1,1,1,1,4,3,19.39,77.0,98.0,16.33,68.0,98.0,82008.0, ,11.0,6.0,5,3,38,0,3,113,36.0,70.5,8.3,38.0,76.53,21.1,1.0,0,0,1,0,3,67.48567,21.6,74.0,74.015,23.7,76.0,0,,,6.0,82008.0,6
31261,130,68,62,29,1,1,1,1,4,3,19.39,77.0,98.0,16.33,68.0,98.0,82008.0, ,11.0,6.0,5,1,37,0,3,113,24.0,69.58583,0.08083333,22.0,87.31182,4.5009093,,1,0,1,0,3,67.48567,21.6,74.0,74.015,23.7,76.0,1,22.0,24.0,6.0,82008.0,6
31262,45,24,21,10,2,1,1,1,2,2,2.5,83.0,40.0,17.07,72.0,41.0,68007.0, ,12.0,10.0,5,1,24,0,2,45,22.0,77.59,9.1,21.0,83.0,4.8,1.0,0,0,0,0,2,71.9039,17.070732,41.0,82.601,2.52,40.0,0,,,10.0,68007.0,10
31262,45,24,21,10,2,1,1,1,2,2,2.5,83.0,40.0,17.07,72.0,41.0,68007.0, ,12.0,10.0,5,2,21,0,2,45,19.0,65.32,26.3,19.0,82.16,0.0,1.0,0,0,0,0,2,71.9039,17.070732,41.0,82.601,2.52,40.0,0,,,10.0,68007.0,10
31265,41,14,27,7,1,1,1,,2,1,9.52,88.0,21.0,19.05,80.0,21.0,12849.0, ,11.0,5.0,5,1,27,0,1,27,26.0,75.54,26.9,26.0,82.92,19.2,1.0,0,0,0,0,1,75.54,26.9,26.0,82.92,19.2,26.0,0,,,5.0,12849.0,5
41001,36,16,20,12,1,1,1,2,2,1,25.0,83.0,28.0,3.57,81.0,28.0,1750.0,,11.0,8.0,5,1,23,0,1,23,28.0,80.89,3.6,28.0,83.32,25.0,1.0,0,0,0,0,1,80.89,3.6,28.0,83.32,25.0,28.0,0,,,8.0,1750.0,8
41002,130,73,57,20,1,1,1,1,4,3,23.08,79.0,104.0,21.36,69.0,103.0,1826.0, ,11.0,3.0,5,1,35,0,3,110,34.0,67.15,29.4,34.0,78.21,26.5,1.0,0,0,1,0,3,70.68,23.5,68.0,79.665,22.05,68.0,0,,,3.0,1826.0,3
41002,130,73,57,20,1,1,1,1,4,3,23.08,79.0,104.0,21.36,69.0,103.0,1826.0, ,11.0,3.0,5,3,37,0,3,110,34.0,74.21,17.6,34.0,81.12,17.6,1.0,0,0,1,0,3,70.68,23.5,68.0,79.665,22.05,68.0,0,,,3.0,1826.0,3
41002,130,73,57,20,1,1,1,1,4,3,23.08,79.0,104.0,21.36,69.0,103.0,1826.0, ,11.0,3.0,5,2,38,0,3,110,35.0,65.736,17.202286,36.0,77.74389,25.025555,,1,0,1,0,3,70.68,23.5,68.0,79.665,22.05,68.0,1,36.0,35.0,3.0,1826.0,3
41003,41,28,13,11,2,1,1,5,2,2,26.67,71.0,30.0,46.67,67.0,30.0,1826.0, ,12.0,31.0,5,1,21,0,2,41,17.0,68.88,35.3,17.0,73.29,29.4,1.0,0,0,0,0,2,67.099,46.65333,30.0,71.366,26.67,30.0,0,,,31.0,1826.0,31
41003,41,28,13,11,2,1,1,5,2,2,26.67,71.0,30.0,46.67,67.0,30.0,1826.0, ,12.0,31.0,5,2,20,0,2,41,13.0,64.77,61.5,13.0,68.85,23.1,1.0,0,0,0,0,2,67.099,46.65333,30.0,71.366,26.67,30.0,0,,,31.0,1826.0,31
41006,15,7,8,8,2,2,1,6,1,1,40.0,72.0,15.0,13.33,68.0,15.0,414.0,,12.0,19.0,5,1,15,0,1,15,15.0,68.13,13.3,15.0,72.13,40.0,1.0,0,0,0,0,1,68.13,13.3,15.0,72.13,40.0,15.0,0,,,19.0,414.0,19
41009,58,33,25,20,2,1,1,2,3,3,19.3,81.0,57.0,14.04,78.0,57.0,4499.0,,12.0,10.0,5,1,24,0,2,48,28.0,81.07,3.6,28.0,81.79,21.4,1.0,0,0,0,0,2,77.91053,14.029824,57.0,81.530525,19.263159,57.0,0,,,10.0,4499.0,10
41009,58,33,25,20,2,1,1,2,3,3,19.3,81.0,57.0,14.04,78.0,57.0,4499.0,,12.0,10.0,5,2,24,0,2,48,29.0,74.86,24.1,29.0,81.28,17.2,1.0,0,0,0,0,2,77.91053,14.029824,57.0,81.530525,19.263159,57.0,0,,,10.0,4499.0,10
41010,45,20,25,17,1,1,1,3,2,2,30.95,69.0,42.0,32.56,63.0,43.0,25304.0, ,11.0,10.0,5,1,23,0,2,45,21.0,71.62,14.3,21.0,76.62,23.8,1.0,0,0,1,0,2,71.62,14.3,21.0,76.62,23.8,21.0,0,,,10.0,25304.0,10
41010,45,20,25,17,1,1,1,3,2,2,30.95,69.0,42.0,32.56,63.0,43.0,25304.0, ,11.0,10.0,5,2,22,0,2,45,22.0,54.77182,49.99,21.0,61.38,38.1,,1,0,1,0,2,71.62,14.3,21.0,76.62,23.8,21.0,1,21.0,22.0,10.0,25304.0,10
41012,29,13,16,9,2,1,1,5,1,1,52.0,64.0,25.0,40.0,58.0,25.0,25304.0, ,12.0,33.0,5,1,29,0,1,29,25.0,58.16,40.0,25.0,63.84,52.0,1.0,0,0,0,0,1,58.16,40.0,25.0,63.84,52.0,25.0,0,,,33.0,25304.0,33
41016,11,5,6,6,1,1,1,5,1,1,,,,,,,,,,,5,1,11,0,1,11,11.0,52.82,72.7,9.0,59.78,33.3,1.0,0,1,0,1,1,52.82,72.7,11.0,59.78,33.3,9.0,0,,,28.0,4663.0,28
41017,29,15,14,8,2,1,1,6,1,1,44.44,65.0,27.0,29.63,65.0,27.0,4663.0, ,12.0,30.0,5,1,29,0,1,29,27.0,65.07,29.6,27.0,64.93,44.4,1.0,0,0,0,0,1,65.07,29.6,27.0,64.93,44.4,27.0,0,,,30.0,4663.0,30
41018,30,13,17,10,1,1,1,1,1,1,9.38,84.0,32.0,25.0,73.0,32.0,1594.0, ,11.0,1.0,5,1,30,0,1,30,32.0,72.81,25.0,32.0,84.06,9.4,1.0,0,0,0,0,1,72.81,25.0,32.0,84.06,9.4,32.0,0,,,1.0,1560.0,1
41019,27,16,11,7,1,1,1,1,1,1,8.7,81.0,23.0,8.7,79.0,23.0,2881.0, ,11.0,5.0,5,1,27,0,1,27,23.0,78.7,8.7,23.0,81.0,8.7,1.0,0,0,0,0,1,78.7,8.7,23.0,81.0,8.7,23.0,0,,,5.0,2881.0,5
41020,134,67,67,22,1,1,1,1,4,4,20.49,77.0,122.0,22.76,71.0,123.0,3269.0, - ,11.0,2.0,5,2,35,0,4,134,31.0,71.23,16.1,31.0,73.77,35.5,1.0,0,0,1,0,4,71.53655,18.873333,90.0,75.63696,21.367416,89.0,0,,,2.0,3269.0,2
41020,134,67,67,22,1,1,1,1,4,4,20.49,77.0,122.0,22.76,71.0,123.0,3269.0, - ,11.0,2.0,5,3,33,0,4,134,31.0,79.68,9.7,30.0,79.43,10.0,1.0,0,0,1,0,4,71.53655,18.873333,90.0,75.63696,21.367416,89.0,0,,,2.0,3269.0,2
41020,134,67,67,22,1,1,1,1,4,4,20.49,77.0,122.0,22.76,71.0,123.0,3269.0, - ,11.0,2.0,5,4,31,0,4,134,28.0,62.86,32.1,28.0,73.64,17.9,1.0,0,0,1,0,4,71.53655,18.873333,90.0,75.63696,21.367416,89.0,0,,,2.0,3269.0,2
41020,134,67,67,22,1,1,1,1,4,4,20.49,77.0,122.0,22.76,71.0,123.0,3269.0, - ,11.0,2.0,5,1,35,0,4,134,33.0,69.53667,33.36,33.0,80.67606,18.123636,,1,0,1,0,4,71.53655,18.873333,90.0,75.63696,21.367416,89.0,1,33.0,33.0,2.0,3269.0,2
41023,51,27,24,16,1,1,1,2,2,2,18.37,76.0,49.0,18.37,75.0,49.0,4481.0, ,11.0,11.0,5,1,24,0,2,51,23.0,78.65,13.0,23.0,76.26,21.7,1.0,0,0,1,0,2,78.65,13.0,23.0,76.26,21.7,23.0,0,,,11.0,4481.0,11
41023,51,27,24,16,1,1,1,2,2,2,18.37,76.0,49.0,18.37,75.0,49.0,4481.0, ,11.0,11.0,5,2,27,0,2,51,26.0,71.77116,23.120384,26.0,75.77,15.424231,,1,0,1,0,2,78.65,13.0,23.0,76.26,21.7,23.0,1,26.0,26.0,11.0,4481.0,11
41024,43,20,23,7,1,1,1,2,2,2,5.41,87.0,37.0,54.05,61.0,37.0,4184.0, ,11.0,11.0,5,1,20,0,2,43,16.0,62.69,56.3,16.0,85.81,0.0,1.0,0,0,0,0,2,61.458378,54.086487,37.0,87.26865,5.391892,37.0,0,,,11.0,4184.0,11
41024,43,20,23,7,1,1,1,2,2,2,5.41,87.0,37.0,54.05,61.0,37.0,4184.0, ,11.0,11.0,5,2,23,0,2,43,21.0,60.52,52.4,21.0,88.38,9.5,1.0,0,0,0,0,2,61.458378,54.086487,37.0,87.26865,5.391892,37.0,0,,,11.0,4184.0,11
41025,52,31,21,12,1,1,1,2,2,2,30.0,77.0,50.0,25.49,70.0,51.0,10843.0,( )  ,11.0,11.0,5,1,25,0,2,52,24.0,70.17,25.0,22.0,76.05,31.8,1.0,0,0,1,0,2,70.17,25.0,24.0,76.05,31.8,22.0,0,,,11.0,10843.0,11
41025,52,31,21,12,1,1,1,2,2,2,30.0,77.0,50.0,25.49,70.0,51.0,10843.0,( )  ,11.0,11.0,5,2,27,0,2,52,27.0,69.84889,25.925556,28.0,77.74643,28.585714,,1,0,1,0,2,70.17,25.0,24.0,76.05,31.8,22.0,1,28.0,27.0,11.0,10843.0,11
41029,89,41,48,14,1,1,1,1,3,3,21.95,79.0,82.0,29.27,66.0,82.0,20180.0,()  ,11.0,0.0,5,1,30,0,3,89,29.0,62.83,37.9,29.0,77.86,20.7,1.0,0,0,0,0,3,65.54976,29.242683,82.0,79.23097,21.931707,82.0,0,,,0.0,20180.0,0
41029,89,41,48,14,1,1,1,1,3,3,21.95,79.0,82.0,29.27,66.0,82.0,20180.0,()  ,11.0,0.0,5,2,29,0,3,89,27.0,66.15,22.2,27.0,77.96,33.3,1.0,0,0,0,0,3,65.54976,29.242683,82.0,79.23097,21.931707,82.0,0,,,0.0,20180.0,0
41029,89,41,48,14,1,1,1,1,3,3,21.95,79.0,82.0,29.27,66.0,82.0,20180.0,()  ,11.0,0.0,5,3,30,0,3,89,26.0,67.96,26.9,26.0,82.08,11.5,1.0,0,0,0,0,3,65.54976,29.242683,82.0,79.23097,21.931707,82.0,0,,,0.0,20180.0,0
41030,19,12,7,6,1,1,1,,1,1,38.89,77.0,18.0,50.0,58.0,18.0,1735.0,()  ,11.0,0.0,5,1,19,0,1,19,18.0,57.94,50.0,18.0,76.72,38.9,1.0,0,0,0,0,1,57.94,50.0,18.0,76.72,38.9,18.0,0,,,0.0,1735.0,0
41032,107,58,49,28,1,1,1,3,4,3,18.52,76.0,81.0,11.25,78.0,80.0,6817.0, ,11.0,12.0,5,1,34,0,3,99,28.0,80.04,14.3,28.0,80.93,7.1,1.0,0,0,1,0,3,77.15539,13.469231,52.0,76.69887,16.95849,53.0,0,,,12.0,6817.0,12
41032,107,58,49,28,1,1,1,3,4,3,18.52,76.0,81.0,11.25,78.0,80.0,6817.0, ,11.0,12.0,5,2,34,0,3,99,24.0,73.79,12.5,25.0,71.96,28.0,1.0,0,0,1,0,3,77.15539,13.469231,52.0,76.69887,16.95849,53.0,0,,,12.0,6817.0,12
41032,107,58,49,28,1,1,1,3,4,3,18.52,76.0,81.0,11.25,78.0,80.0,6817.0, ,11.0,12.0,5,3,31,0,3,99,28.0,79.56857,7.1285715,28.0,74.67714,21.475714,,1,0,1,0,3,77.15539,13.469231,52.0,76.69887,16.95849,53.0,1,28.0,28.0,12.0,6817.0,12
41034,73,45,28,13,1,1,1,2,3,2,18.52,80.0,54.0,14.81,74.0,54.0,25502.0,,11.0,12.0,5,1,33,0,2,62,29.0,71.59,13.8,29.0,79.79,17.2,1.0,0,0,0,0,2,73.61315,14.818519,54.0,79.90574,18.496296,54.0,0,,,12.0,25502.0,12
41034,73,45,28,13,1,1,1,2,3,2,18.52,80.0,54.0,14.81,74.0,54.0,25502.0,,11.0,12.0,5,2,29,0,2,62,25.0,75.96,16.0,25.0,80.04,20.0,1.0,0,0,0,0,2,73.61315,14.818519,54.0,79.90574,18.496296,54.0,0,,,12.0,25502.0,12
41035,41,17,24,12,2,1,1,5,2,2,26.19,68.0,42.0,38.1,62.0,42.0,25502.0,,12.0,21.0,5,2,21,0,2,41,20.0,62.7,35.0,20.0,69.05,20.0,1.0,0,0,1,0,2,62.7,35.0,20.0,69.05,20.0,20.0,0,,,21.0,25502.0,21
41035,41,17,24,12,2,1,1,5,2,2,26.19,68.0,42.0,38.1,62.0,42.0,25502.0,,12.0,21.0,5,1,20,0,2,41,22.0,61.363636,40.918182,22.0,67.045456,31.817272,,1,0,1,0,2,62.7,35.0,20.0,69.05,20.0,20.0,1,22.0,22.0,21.0,25502.0,21
41037,58,33,25,14,1,1,1,5,3,2,30.0,70.0,40.0,25.0,63.0,40.0,1669.0, ,11.0,18.0,5,1,20,0,2,42,19.0,66.32,26.3,19.0,69.47,26.3,1.0,0,0,0,0,2,63.22775,24.9875,40.0,70.22075,29.975,40.0,0,,,18.0,1669.0,18
41037,58,33,25,14,1,1,1,5,3,2,30.0,70.0,40.0,25.0,63.0,40.0,1669.0, ,11.0,18.0,5,2,22,0,2,42,21.0,60.43,23.8,21.0,70.9,33.3,1.0,0,0,0,0,2,63.22775,24.9875,40.0,70.22075,29.975,40.0,0,,,18.0,1669.0,18
41039,32,18,14,6,2,1,1,5,1,1,40.63,66.0,32.0,50.0,58.0,30.0,1669.0, ,12.0,24.0,5,1,32,0,1,32,30.0,58.0,50.0,32.0,66.0,40.63,,1,0,1,0,1,,,,,,,1,,,24.0,1669.0,24
41040,73,32,41,15,1,1,1,2,3,2,19.35,79.0,62.0,15.15,72.0,66.0,2295.0, ,11.0,6.0,5,1,32,0,2,63,34.0,67.94,20.6,30.0,78.1,23.3,1.0,0,0,0,0,2,72.318184,15.169697,66.0,78.69355,19.325806,62.0,0,,,6.0,2295.0,6
41040,73,32,41,15,1,1,1,2,3,2,19.35,79.0,62.0,15.15,72.0,66.0,2295.0, ,11.0,6.0,5,2,31,0,2,63,32.0,76.97,9.4,32.0,79.25,15.6,1.0,0,0,0,0,2,72.318184,15.169697,66.0,78.69355,19.325806,62.0,0,,,6.0,2295.0,6
41041,21,13,8,6,2,1,1,4,1,1,19.05,78.0,21.0,23.81,73.0,21.0,2295.0, ,12.0,9.0,5,1,21,0,1,21,21.0,73.14,23.8,21.0,78.1,19.0,1.0,0,0,0,0,1,73.14,23.8,21.0,78.1,19.0,21.0,0,,,9.0,2295.0,9
41045,96,45,51,21,1,1,1,2,3,3,20.22,72.0,89.0,30.11,68.0,93.0,97006.0, ,11.0,10.0,5,1,31,0,3,96,31.0,61.61,45.2,31.0,67.81,29.0,1.0,0,0,0,0,3,68.32441,30.11828,93.0,71.90236,20.214607,89.0,0,,,10.0,97006.0,10
41045,96,45,51,21,1,1,1,2,3,3,20.22,72.0,89.0,30.11,68.0,93.0,97006.0, ,11.0,10.0,5,2,34,0,3,96,32.0,74.88,21.9,31.0,78.81,9.7,1.0,0,0,0,0,3,68.32441,30.11828,93.0,71.90236,20.214607,89.0,0,,,10.0,97006.0,10
41045,96,45,51,21,1,1,1,2,3,3,20.22,72.0,89.0,30.11,68.0,93.0,97006.0, ,11.0,10.0,5,3,31,0,3,96,30.0,68.27,23.3,27.0,68.67,22.2,1.0,0,0,0,0,3,68.32441,30.11828,93.0,71.90236,20.214607,89.0,0,,,10.0,97006.0,10
41046,19,15,4,6,1,1,1,3,1,1,6.25,77.0,16.0,18.75,78.0,16.0,97006.0, ,11.0,6.0,5,1,19,0,1,19,16.0,78.0,18.8,16.0,76.88,6.3,1.0,0,0,0,0,1,78.0,18.8,16.0,76.88,6.3,16.0,0,,,6.0,97006.0,6
41058,42,22,20,8,2,1,1,2,2,2,21.95,80.0,41.0,36.59,68.0,41.0,3632.0, ,12.0,16.0,5,1,22,0,2,42,23.0,69.57,34.8,23.0,78.3,21.7,1.0,0,0,0,0,2,67.61195,36.6,41.0,79.92439,21.919512,41.0,0,,,16.0,3632.0,16
41058,42,22,20,8,2,1,1,2,2,2,21.95,80.0,41.0,36.59,68.0,41.0,3632.0, ,12.0,16.0,5,2,20,0,2,42,18.0,65.11,38.9,18.0,82.0,22.2,1.0,0,0,0,0,2,67.61195,36.6,41.0,79.92439,21.919512,41.0,0,,,16.0,3632.0,16
41059,16,9,7,8,2,2,1,5,1,1,,,,,,,,,,,5,1,16,0,1,16,16.0,72.06,12.5,16.0,78.63,6.3,1.0,0,1,0,1,1,72.06,12.5,16.0,78.63,6.3,16.0,0,,,40.0,646.0,40
41060,92,44,48,24,1,2,1,2,3,3,14.77,74.0,88.0,32.95,66.0,88.0,94003.0,,11.0,10.0,5,1,29,0,3,92,27.0,69.56,18.5,27.0,74.63,11.1,1.0,0,0,1,0,3,68.12271,25.442373,59.0,75.35678,11.859322,59.0,0,,,10.0,94003.0,10
41060,92,44,48,24,1,2,1,2,3,3,14.77,74.0,88.0,32.95,66.0,88.0,94003.0,,11.0,10.0,5,2,32,0,3,92,32.0,66.91,31.3,32.0,75.97,12.5,1.0,0,0,1,0,3,68.12271,25.442373,59.0,75.35678,11.859322,59.0,0,,,10.0,94003.0,10
41060,92,44,48,24,1,2,1,2,3,3,14.77,74.0,88.0,32.95,66.0,88.0,94003.0,,11.0,10.0,5,3,31,0,3,92,29.0,61.681377,48.224136,29.0,71.239655,20.691725,,1,0,1,0,3,68.12271,25.442373,59.0,75.35678,11.859322,59.0,1,29.0,29.0,10.0,94003.0,10
41061,87,45,42,18,1,2,1,2,3,2,25.71,73.0,70.0,32.86,59.0,70.0,94003.0,,11.0,12.0,5,1,35,0,2,73,33.0,63.09,24.2,33.0,76.36,24.2,1.0,0,0,0,0,2,58.544285,32.815716,70.0,72.924286,25.68,70.0,0,,,12.0,94003.0,12
41061,87,45,42,18,1,2,1,2,3,2,25.71,73.0,70.0,32.86,59.0,70.0,94003.0,,11.0,12.0,5,2,38,0,2,73,37.0,54.49,40.5,37.0,69.86,27.0,1.0,0,0,0,0,2,58.544285,32.815716,70.0,72.924286,25.68,70.0,0,,,12.0,94003.0,12
41062,139,65,74,16,1,2,1,2,5,4,,,,,,,,,,,5,1,34,0,4,123,31.0,74.9,9.7,30.0,71.57,20.0,1.0,0,1,1,4,4,70.81735,18.071085,83.0,76.74049,17.291359,81.0,0,,,13.0,94003.0,13
41062,139,65,74,16,1,2,1,2,5,4,,,,,,,,,,,5,2,28,0,4,123,22.0,74.32,13.6,22.0,86.27,18.2,1.0,0,1,1,4,4,70.81735,18.071085,83.0,76.74049,17.291359,81.0,0,,,13.0,94003.0,13
41062,139,65,74,16,1,2,1,2,5,4,,,,,,,,,,,5,4,31,0,4,123,30.0,64.03,30.0,29.0,74.86,13.8,1.0,0,1,1,4,4,70.81735,18.071085,83.0,76.74049,17.291359,81.0,0,,,13.0,94003.0,13
41062,139,65,74,16,1,2,1,2,5,4,,,,,,,,,,,5,3,30,0,4,123,,,,,,,,1,1,1,4,4,70.81735,18.071085,83.0,76.74049,17.291359,81.0,1,,,13.0,94003.0,13
41063,67,42,25,19,2,2,1,4,2,2,23.88,73.0,67.0,25.76,68.0,66.0,94003.0,,12.0,20.0,5,1,32,0,2,67,32.0,73.56,31.3,32.0,79.19,12.5,1.0,0,0,0,0,2,67.71303,25.787878,66.0,73.24,23.88806,67.0,0,,,20.0,94003.0,20
41063,67,42,25,19,2,2,1,4,2,2,23.88,73.0,67.0,25.76,68.0,66.0,94003.0,,12.0,20.0,5,2,35,0,2,67,34.0,62.21,20.6,35.0,67.8,34.3,1.0,0,0,0,0,2,67.71303,25.787878,66.0,73.24,23.88806,67.0,0,,,20.0,94003.0,20
41066,22,22,0,8,2,1,1,1,1,1,41.18,71.0,17.0,52.94,59.0,17.0,4408.0,,12.0,22.0,5,1,22,0,1,22,17.0,59.0,52.94,17.0,71.0,41.18,,1,0,1,0,1,,,,,,,1,,,22.0,4408.0,22
41068,23,12,11,3,1,1,1,1,1,1,,,,,,,,,,,5,1,23,0,1,23,22.0,73.27,31.8,22.0,78.32,13.6,1.0,0,1,0,1,1,73.27,31.8,22.0,78.32,13.6,22.0,0,,,0.0,4176.0,0
41071,73,34,39,13,1,1,1,1,2,2,22.86,76.0,70.0,26.47,66.0,68.0,79004.0, ,11.0,3.0,5,1,36,0,2,73,34.0,63.09,35.3,34.0,73.94,26.5,1.0,0,0,0,0,2,66.25,26.45,68.0,75.554855,22.848572,70.0,0,,,3.0,79004.0,3
41071,73,34,39,13,1,1,1,1,2,2,22.86,76.0,70.0,26.47,66.0,68.0,79004.0, ,11.0,3.0,5,2,37,0,2,73,34.0,69.41,17.6,36.0,77.08,19.4,1.0,0,0,0,0,2,66.25,26.45,68.0,75.554855,22.848572,70.0,0,,,3.0,79004.0,3
41072,41,23,18,15,2,1,1,2,2,2,28.57,81.0,35.0,14.29,71.0,35.0,2170.0,""" ",12.0,9.0,5,1,21,0,2,41,17.0,72.59,17.6,17.0,79.18,41.2,1.0,0,0,0,0,2,70.94428,14.257143,35.0,81.45828,28.6,35.0,0,,,9.0,2170.0,9
41072,41,23,18,15,2,1,1,2,2,2,28.57,81.0,35.0,14.29,71.0,35.0,2170.0,""" ",12.0,9.0,5,2,20,0,2,41,18.0,69.39,11.1,18.0,83.61,16.7,1.0,0,0,0,0,2,70.94428,14.257143,35.0,81.45828,28.6,35.0,0,,,9.0,2170.0,9
41073,119,66,53,18,1,1,1,1,4,3,10.38,79.0,106.0,14.02,75.0,107.0,1909.0, ,11.0,4.0,5,1,34,0,3,109,31.0,73.13,12.9,31.0,80.0,16.1,1.0,0,0,1,0,3,75.7129,11.57826,69.0,80.96928,8.665217,69.0,0,,,4.0,1909.0,4
41073,119,66,53,18,1,1,1,1,4,3,10.38,79.0,106.0,14.02,75.0,107.0,1909.0, ,11.0,4.0,5,3,37,0,3,109,38.0,77.82,10.5,38.0,81.76,2.6,1.0,0,0,1,0,3,75.7129,11.57826,69.0,80.96928,8.665217,69.0,0,,,4.0,1909.0,4
41073,119,66,53,18,1,1,1,1,4,3,10.38,79.0,106.0,14.02,75.0,107.0,1909.0, ,11.0,4.0,5,2,38,0,3,109,38.0,73.70553,18.453684,37.0,75.32757,13.577838,,1,0,1,0,3,75.7129,11.57826,69.0,80.96928,8.665217,69.0,1,37.0,38.0,4.0,1909.0,4
41074,20,20,0,8,2,1,1,1,1,1,35.0,66.0,20.0,25.0,72.0,20.0,6965.0,""" ",12.0,11.0,5,1,20,0,1,20,20.0,71.55,25.0,20.0,65.6,35.0,1.0,0,0,0,0,1,71.55,25.0,20.0,65.6,35.0,20.0,0,,,11.0,6965.0,11
41077,66,27,39,13,1,2,1,3,2,2,26.23,74.0,61.0,18.03,68.0,61.0,26609.0,,11.0,25.0,5,1,32,0,2,66,32.0,68.22,18.8,32.0,72.31,28.1,1.0,0,0,1,0,2,68.22,18.8,32.0,72.31,28.1,32.0,0,,,25.0,26609.0,25
41077,66,27,39,13,1,2,1,3,2,2,26.23,74.0,61.0,18.03,68.0,61.0,26609.0,,11.0,25.0,5,2,34,0,2,66,29.0,67.75724,17.180346,29.0,75.86483,24.166552,,1,0,1,0,2,68.22,18.8,32.0,72.31,28.1,32.0,1,29.0,29.0,25.0,26609.0,25
41078,226,112,114,20,1,2,1,3,7,6,,,,,,,,,,,5,2,38,0,6,217,35.0,77.51,14.3,35.0,81.6,17.1,1.0,0,1,1,6,6,73.81389,15.985714,175.0,78.27006,19.432571,175.0,0,,,9.0,26609.0,9
41078,226,112,114,20,1,2,1,3,7,6,,,,,,,,,,,5,3,36,0,6,217,36.0,72.22,19.4,36.0,74.06,27.8,1.0,0,1,1,6,6,73.81389,15.985714,175.0,78.27006,19.432571,175.0,0,,,9.0,26609.0,9
41078,226,112,114,20,1,2,1,3,7,6,,,,,,,,,,,5,4,35,0,6,217,34.0,75.79,23.5,34.0,82.06,11.8,1.0,0,1,1,6,6,73.81389,15.985714,175.0,78.27006,19.432571,175.0,0,,,9.0,26609.0,9
41078,226,112,114,20,1,2,1,3,7,6,,,,,,,,,,,5,5,36,0,6,217,36.0,69.47,13.9,36.0,78.78,16.7,1.0,0,1,1,6,6,73.81389,15.985714,175.0,78.27006,19.432571,175.0,0,,,9.0,26609.0,9
41078,226,112,114,20,1,2,1,3,7,6,,,,,,,,,,,5,6,37,0,6,217,34.0,74.32,8.8,34.0,74.97,23.5,1.0,0,1,1,6,6,73.81389,15.985714,175.0,78.27006,19.432571,175.0,0,,,9.0,26609.0,9
41078,226,112,114,20,1,2,1,3,7,6,,,,,,,,,,,5,1,35,0,6,217,,,,,,,,1,1,1,6,6,73.81389,15.985714,175.0,78.27006,19.432571,175.0,1,,,9.0,26609.0,9
41079,25,13,12,8,2,2,1,6,1,1,52.17,59.0,23.0,52.17,57.0,23.0,26609.0,,12.0,34.0,5,1,25,0,1,25,23.0,57.0,52.17,23.0,59.0,52.17,,1,0,1,0,1,,,,,,,1,,,34.0,26609.0,34
41080,43,22,21,11,2,2,1,6,2,1,38.24,64.0,34.0,61.76,50.0,34.0,26609.0,,12.0,35.0,5,1,34,0,1,34,34.0,50.21,61.8,34.0,64.26,38.2,1.0,0,0,0,0,1,50.21,61.8,34.0,64.26,38.2,34.0,0,,,35.0,26609.0,35
41081,84,43,41,22,1,1,1,4,3,3,26.74,69.0,86.0,22.73,67.0,88.0,1685.0, ,11.0,16.0,5,1,27,0,3,84,29.0,64.66,17.2,29.0,71.62,24.1,1.0,0,0,1,0,3,65.478645,20.301695,59.0,70.2986,35.054386,57.0,0,,,16.0,1685.0,16
41081,84,43,41,22,1,1,1,4,3,3,26.74,69.0,86.0,22.73,67.0,88.0,1685.0, ,11.0,16.0,5,3,29,0,3,84,30.0,66.27,23.3,28.0,68.93,46.4,1.0,0,0,1,0,3,65.478645,20.301695,59.0,70.2986,35.054386,57.0,0,,,16.0,1685.0,16
41081,84,43,41,22,1,1,1,4,3,3,26.74,69.0,86.0,22.73,67.0,88.0,1685.0, ,11.0,16.0,5,2,28,0,3,84,29.0,70.09517,27.670345,29.0,66.447586,10.397931,,1,0,1,0,3,65.478645,20.301695,59.0,70.2986,35.054386,57.0,1,29.0,29.0,16.0,1685.0,16
41082,17,8,9,10,2,1,1,7,1,1,43.75,70.0,16.0,31.25,73.0,16.0,1685.0, ,12.0,41.0,5,1,17,0,1,17,16.0,72.63,31.3,16.0,70.44,43.8,1.0,0,0,0,0,1,72.63,31.3,16.0,70.44,43.8,16.0,0,,,41.0,1685.0,41
41083,14,6,8,9,2,2,1,8,1,1,0.0,73.0,10.0,0.0,80.0,10.0,1701.0, ,12.0,54.0,5,1,14,0,1,14,10.0,79.8,0.0,10.0,73.5,0.0,1.0,0,0,0,0,1,79.8,0.0,10.0,73.5,0.0,10.0,0,,,54.0,1701.0,54
41084,68,44,24,15,1,1,1,2,3,2,25.93,77.0,54.0,14.81,74.0,54.0,984.0,""" ",11.0,6.0,5,1,31,0,2,56,30.0,73.6,10.0,30.0,77.5,26.7,1.0,0,0,0,0,2,73.76,14.8,54.0,77.48222,25.944445,54.0,0,,,6.0,984.0,6
41084,68,44,24,15,1,1,1,2,3,2,25.93,77.0,54.0,14.81,74.0,54.0,984.0,""" ",11.0,6.0,5,2,25,0,2,56,24.0,73.96,20.8,24.0,77.46,25.0,1.0,0,0,0,0,2,73.76,14.8,54.0,77.48222,25.944445,54.0,0,,,6.0,984.0,6
41085,158,81,77,28,1,1,1,1,5,4,11.51,81.0,139.0,12.06,79.0,141.0,69005.0, ,11.0,4.0,5,2,37,0,4,123,33.0,81.21,6.1,32.0,83.19,9.4,1.0,0,0,1,0,4,79.83355,10.313084,107.0,79.64029,13.357142,105.0,0,,,4.0,69005.0,4
41085,158,81,77,28,1,1,1,1,5,4,11.51,81.0,139.0,12.06,79.0,141.0,69005.0, ,11.0,4.0,5,3,39,0,4,123,39.0,81.49,10.3,38.0,79.0,7.9,1.0,0,0,1,0,4,79.83355,10.313084,107.0,79.64029,13.357142,105.0,0,,,4.0,69005.0,4
41085,158,81,77,28,1,1,1,1,5,4,11.51,81.0,139.0,12.06,79.0,141.0,69005.0, ,11.0,4.0,5,5,11,0,4,123,35.0,76.69,14.3,35.0,77.09,22.9,1.0,0,0,1,0,4,79.83355,10.313084,107.0,79.64029,13.357142,105.0,0,,,4.0,69005.0,4
41085,158,81,77,28,1,1,1,1,5,4,11.51,81.0,139.0,12.06,79.0,141.0,69005.0, ,11.0,4.0,5,1,36,0,4,123,34.0,76.37676,17.557648,34.0,85.19912,5.8055882,,1,0,1,0,4,79.83355,10.313084,107.0,79.64029,13.357142,105.0,1,34.0,34.0,4.0,69005.0,4
41086,188,93,95,30,1,1,1,1,5,5,18.18,77.0,187.0,10.47,77.0,191.0,69005.0, ,11.0,5.0,5,1,39,0,5,189,38.0,73.87,13.2,36.0,74.94,27.8,1.0,0,0,0,0,5,77.12052,10.476439,191.0,76.561714,18.189304,187.0,0,,,5.0,69005.0,5
41086,188,93,95,30,1,1,1,1,5,5,18.18,77.0,187.0,10.47,77.0,191.0,69005.0, ,11.0,5.0,5,2,35,0,5,189,36.0,77.39,11.1,36.0,76.14,13.9,1.0,0,0,0,0,5,77.12052,10.476439,191.0,76.561714,18.189304,187.0,0,,,5.0,69005.0,5
41086,188,93,95,30,1,1,1,1,5,5,18.18,77.0,187.0,10.47,77.0,191.0,69005.0, ,11.0,5.0,5,3,38,0,5,189,39.0,79.46,7.7,39.0,77.36,15.4,1.0,0,0,0,0,5,77.12052,10.476439,191.0,76.561714,18.189304,187.0,0,,,5.0,69005.0,5
41086,188,93,95,30,1,1,1,1,5,5,18.18,77.0,187.0,10.47,77.0,191.0,69005.0, ,11.0,5.0,5,4,40,0,5,189,39.0,74.85,17.9,38.0,74.08,15.8,1.0,0,0,0,0,5,77.12052,10.476439,191.0,76.561714,18.189304,187.0,0,,,5.0,69005.0,5
41086,188,93,95,30,1,1,1,1,5,5,18.18,77.0,187.0,10.47,77.0,191.0,69005.0, ,11.0,5.0,5,5,37,0,5,189,39.0,79.97,2.6,38.0,80.16,18.4,1.0,0,0,0,0,5,77.12052,10.476439,191.0,76.561714,18.189304,187.0,0,,,5.0,69005.0,5
41087,97,52,45,20,1,1,1,2,3,3,41.86,71.0,86.0,18.39,69.0,87.0,69005.0, ,11.0,9.0,5,1,34,0,3,97,29.0,66.0,20.7,29.0,70.14,44.8,1.0,0,0,0,0,3,69.193794,18.41954,87.0,70.83872,41.84884,86.0,0,,,9.0,69005.0,9
41087,97,52,45,20,1,1,1,2,3,3,41.86,71.0,86.0,18.39,69.0,87.0,69005.0, ,11.0,9.0,5,2,32,0,3,97,28.0,67.32,17.9,27.0,70.11,44.4,1.0,0,0,0,0,3,69.193794,18.41954,87.0,70.83872,41.84884,86.0,0,,,9.0,69005.0,9
41087,97,52,45,20,1,1,1,2,3,3,41.86,71.0,86.0,18.39,69.0,87.0,69005.0, ,11.0,9.0,5,3,31,0,3,97,30.0,74.03,16.7,30.0,72.17,36.7,1.0,0,0,0,0,3,69.193794,18.41954,87.0,70.83872,41.84884,86.0,0,,,9.0,69005.0,9
41089,97,45,52,21,1,1,1,5,3,2,35.06,65.0,77.0,35.9,62.0,78.0,69005.0, ,11.0,18.0,5,1,42,0,2,85,40.0,65.5,30.0,40.0,69.75,27.5,1.0,0,0,0,0,2,61.75846,35.89487,78.0,65.07935,35.044155,77.0,0,,,18.0,69005.0,18
41089,97,45,52,21,1,1,1,5,3,2,35.06,65.0,77.0,35.9,62.0,78.0,69005.0, ,11.0,18.0,5,2,43,0,2,85,38.0,57.82,42.1,37.0,60.03,43.2,1.0,0,0,0,0,2,61.75846,35.89487,78.0,65.07935,35.044155,77.0,0,,,18.0,69005.0,18
41091,78,44,34,17,2,1,1,2,2,2,18.92,77.0,74.0,16.0,77.0,75.0,69005.0, ,12.0,11.0,5,1,39,0,2,78,37.0,71.46,18.9,37.0,72.78,27.0,1.0,0,0,1,0,2,71.46,18.9,37.0,72.78,27.0,37.0,0,,,11.0,69005.0,11
41091,78,44,34,17,2,1,1,2,2,2,18.92,77.0,74.0,16.0,77.0,75.0,69005.0, ,12.0,11.0,5,2,39,0,2,78,38.0,82.39421,13.176316,37.0,81.22,10.84,,1,0,1,0,2,71.46,18.9,37.0,72.78,27.0,37.0,1,37.0,38.0,11.0,69005.0,11
41092,28,11,17,6,2,1,1,3,1,1,37.04,68.0,27.0,29.63,57.0,27.0,69005.0, ,12.0,16.0,5,1,28,0,1,28,27.0,57.07,29.6,27.0,68.22,37.0,1.0,0,0,0,0,1,57.07,29.6,27.0,68.22,37.0,27.0,0,,,16.0,69005.0,16
41093,27,20,7,7,2,1,1,7,2,1,40.0,70.0,15.0,33.33,61.0,15.0,69005.0, ,12.0,51.0,5,1,25,0,1,25,15.0,61.33,33.3,15.0,69.53,40.0,1.0,0,0,0,0,1,61.33,33.3,15.0,69.53,40.0,15.0,0,,,51.0,69005.0,51
41094,23,7,16,6,1,1,1,1,1,1,13.64,84.0,22.0,13.64,84.0,22.0,2493.0, ,11.0,3.0,5,1,23,0,1,23,22.0,83.77,13.6,22.0,83.73,13.6,1.0,0,0,0,0,1,83.77,13.6,22.0,83.73,13.6,22.0,0,,,3.0,2493.0,3
41095,51,24,27,13,1,2,1,5,3,2,21.95,80.0,41.0,2.44,84.0,41.0,4697.0, ,11.0,26.0,5,1,23,0,2,46,20.0,84.2,0.0,20.0,81.15,30.0,1.0,0,0,0,0,2,83.7339,2.4585366,41.0,80.36634,21.958536,41.0,0,,,26.0,4697.0,26
41095,51,24,27,13,1,2,1,5,3,2,21.95,80.0,41.0,2.44,84.0,41.0,4697.0, ,11.0,26.0,5,2,23,0,2,46,21.0,83.29,4.8,21.0,79.62,14.3,1.0,0,0,0,0,2,83.7339,2.4585366,41.0,80.36634,21.958536,41.0,0,,,26.0,4697.0,26
41096,41,22,19,8,2,2,1,5,2,2,25.0,65.0,40.0,40.0,62.0,40.0,4697.0, ,12.0,36.0,5,1,20,0,2,41,23.0,57.65,56.5,23.0,62.22,39.1,1.0,0,0,0,0,2,61.70025,39.9675,40.0,65.27575,24.99,40.0,0,,,36.0,4697.0,36
41096,41,22,19,8,2,2,1,5,2,2,25.0,65.0,40.0,40.0,62.0,40.0,4697.0, ,12.0,36.0,5,2,21,0,2,41,17.0,67.18,17.6,17.0,69.41,5.9,1.0,0,0,0,0,2,61.70025,39.9675,40.0,65.27575,24.99,40.0,0,,,36.0,4697.0,36
41097,43,19,24,13,2,1,1,2,2,2,9.76,80.0,41.0,36.59,67.0,41.0,3343.0, ,12.0,8.0,5,1,22,0,2,43,21.0,72.81,28.6,21.0,80.43,14.3,1.0,0,0,0,0,2,66.97585,36.6,41.0,80.17146,9.763414,41.0,0,,,8.0,3343.0,8
41097,43,19,24,13,2,1,1,2,2,2,9.76,80.0,41.0,36.59,67.0,41.0,3343.0, ,12.0,8.0,5,2,21,0,2,43,20.0,60.85,45.0,20.0,79.9,5.0,1.0,0,0,0,0,2,66.97585,36.6,41.0,80.17146,9.763414,41.0,0,,,8.0,3343.0,8
41098,38,17,21,15,1,1,1,5,1,1,66.67,57.0,27.0,54.55,38.0,33.0,70003.0,,11.0,36.0,5,1,38,0,1,38,33.0,38.18,54.5,27.0,56.56,66.7,1.0,0,0,0,0,1,38.18,54.5,33.0,56.56,66.7,27.0,0,,,36.0,70003.0,36
41099,55,36,19,18,1,1,1,4,2,2,52.83,61.0,53.0,40.74,53.0,54.0,70003.0,,11.0,27.0,5,1,25,0,2,55,28.0,56.11,35.7,28.0,63.57,53.6,1.0,0,0,0,0,2,52.518147,40.755554,54.0,61.20679,52.845284,53.0,0,,,27.0,70003.0,27
41099,55,36,19,18,1,1,1,4,2,2,52.83,61.0,53.0,40.74,53.0,54.0,70003.0,,11.0,27.0,5,2,30,0,2,55,26.0,48.65,46.2,25.0,58.56,52.0,1.0,0,0,0,0,2,52.518147,40.755554,54.0,61.20679,52.845284,53.0,0,,,27.0,70003.0,27
41100,62,31,31,17,1,1,1,4,2,2,38.1,69.0,63.0,19.05,67.0,63.0,70003.0,,11.0,23.0,5,1,31,0,2,62,32.0,63.06,31.3,32.0,72.66,40.6,1.0,0,0,0,0,2,67.03095,19.096825,63.0,69.33365,38.090477,63.0,0,,,23.0,70003.0,23
41100,62,31,31,17,1,1,1,4,2,2,38.1,69.0,63.0,19.05,67.0,63.0,70003.0,,11.0,23.0,5,2,31,0,2,62,31.0,71.13,6.5,31.0,65.9,35.5,1.0,0,0,0,0,2,67.03095,19.096825,63.0,69.33365,38.090477,63.0,0,,,23.0,70003.0,23
41101,44,25,19,13,1,1,1,7,2,2,43.9,60.0,41.0,41.3,49.0,46.0,70003.0,,11.0,43.0,5,1,23,0,2,44,24.0,51.38,41.7,20.0,60.95,45.0,1.0,0,0,0,0,2,48.72087,41.31739,46.0,60.120243,43.92439,41.0,0,,,43.0,70003.0,43
41101,44,25,19,13,1,1,1,7,2,2,43.9,60.0,41.0,41.3,49.0,46.0,70003.0,,11.0,43.0,5,2,21,0,2,44,22.0,45.82,40.9,21.0,59.33,42.9,1.0,0,0,0,0,2,48.72087,41.31739,46.0,60.120243,43.92439,41.0,0,,,43.0,70003.0,43
41105,33,0,33,8,2,1,1,7,1,1,14.81,76.0,27.0,22.22,62.0,27.0,70003.0,,12.0,40.0,5,1,33,0,1,33,27.0,62.22,22.2,27.0,76.37,14.8,1.0,0,0,0,0,1,62.22,22.2,27.0,76.37,14.8,27.0,0,,,40.0,70003.0,40
41106,103,54,49,24,1,1,1,2,4,3,21.43,77.0,84.0,16.47,76.0,85.0,97006.0, ,11.0,4.0,5,2,35,0,3,74,27.0,73.89,14.8,26.0,74.69,23.1,1.0,0,0,0,0,3,75.763176,16.454117,85.0,76.52143,21.425,84.0,0,,,4.0,97006.0,4
41106,103,54,49,24,1,1,1,2,4,3,21.43,77.0,84.0,16.47,76.0,85.0,97006.0, ,11.0,4.0,5,3,28,0,3,74,31.0,85.48,0.0,31.0,80.48,12.9,1.0,0,0,0,0,3,75.763176,16.454117,85.0,76.52143,21.425,84.0,0,,,4.0,97006.0,4
41106,103,54,49,24,1,1,1,2,4,3,21.43,77.0,84.0,16.47,76.0,85.0,97006.0, ,11.0,4.0,5,4,11,0,3,74,27.0,66.48,37.0,27.0,73.74,29.6,1.0,0,0,0,0,3,75.763176,16.454117,85.0,76.52143,21.425,84.0,0,,,4.0,97006.0,4
41108,54,34,20,14,2,1,1,4,2,2,25.49,75.0,51.0,5.66,74.0,53.0,97006.0, ,12.0,20.0,5,1,27,0,2,54,25.0,77.52,4.0,24.0,74.63,20.8,1.0,0,0,0,0,2,74.30264,5.637736,53.0,74.92647,25.458824,51.0,0,,,20.0,97006.0,20
41108,54,34,20,14,2,1,1,4,2,2,25.49,75.0,51.0,5.66,74.0,53.0,97006.0, ,12.0,20.0,5,2,27,0,2,54,28.0,71.43,7.1,27.0,75.19,29.6,1.0,0,0,0,0,2,74.30264,5.637736,53.0,74.92647,25.458824,51.0,0,,,20.0,97006.0,20
41111,82,34,48,16,1,1,1,3,3,2,11.54,81.0,52.0,13.46,73.0,52.0,281.0, ,11.0,11.0,5,1,34,0,2,62,29.0,68.38,24.1,29.0,79.48,13.8,1.0,0,0,1,0,2,68.38,24.1,29.0,79.48,13.8,29.0,0,,,11.0,281.0,11
41111,82,34,48,16,1,1,1,3,3,2,11.54,81.0,52.0,13.46,73.0,52.0,281.0, ,11.0,11.0,5,2,28,0,2,62,23.0,78.82522,0.044347826,23.0,82.91652,8.690434,,1,0,1,0,2,68.38,24.1,29.0,79.48,13.8,29.0,1,23.0,23.0,11.0,281.0,11
41114,23,13,10,5,1,1,1,0,1,1,,,,,,,,,,,5,1,23,0,1,23,18.0,72.5,22.2,18.0,84.89,11.1,1.0,0,1,0,1,1,72.5,22.2,18.0,84.89,11.1,18.0,0,,,2.0,1974.0,2
41116,140,71,69,21,1,2,1,3,4,4,21.64,77.0,134.0,20.3,70.0,133.0,10504.0, ,11.0,9.0,5,1,32,0,4,140,29.0,58.83,27.6,29.0,70.97,37.9,1.0,0,0,1,0,4,68.58041,19.37449,98.0,76.20521,26.527552,98.0,0,,,9.0,10504.0,9
41116,140,71,69,21,1,2,1,3,4,4,21.64,77.0,134.0,20.3,70.0,133.0,10504.0, ,11.0,9.0,5,2,38,0,4,140,35.0,76.31,17.1,35.0,79.8,11.4,1.0,0,0,1,0,4,68.58041,19.37449,98.0,76.20521,26.527552,98.0,0,,,9.0,10504.0,9
41116,140,71,69,21,1,2,1,3,4,4,21.64,77.0,134.0,20.3,70.0,133.0,10504.0, ,11.0,9.0,5,4,34,0,4,140,34.0,68.94,14.7,34.0,76.97,32.4,1.0,0,0,1,0,4,68.58041,19.37449,98.0,76.20521,26.527552,98.0,0,,,9.0,10504.0,9
41116,140,71,69,21,1,2,1,3,4,4,21.64,77.0,134.0,20.3,70.0,133.0,10504.0, ,11.0,9.0,5,3,36,0,4,140,35.0,73.97485,22.891428,36.0,79.16361,8.335,,1,0,1,0,4,68.58041,19.37449,98.0,76.20521,26.527552,98.0,1,36.0,35.0,9.0,10504.0,9
41118,54,26,28,16,1,1,1,1,2,2,16.0,78.0,50.0,17.65,74.0,51.0,10629.0,  ,11.0,4.0,5,1,25,0,2,54,23.0,66.09,30.4,22.0,74.5,22.7,1.0,0,0,0,0,2,74.352745,17.607843,51.0,78.2576,15.98,50.0,0,,,4.0,10629.0,4
41118,54,26,28,16,1,1,1,1,2,2,16.0,78.0,50.0,17.65,74.0,51.0,10629.0,  ,11.0,4.0,5,2,29,0,2,54,28.0,81.14,7.1,28.0,81.21,10.7,1.0,0,0,0,0,2,74.352745,17.607843,51.0,78.2576,15.98,50.0,0,,,4.0,10629.0,4
41122,19,8,11,6,1,1,1,4,1,1,13.33,76.0,15.0,43.75,63.0,16.0,83006.0, ,11.0,11.0,5,1,19,0,1,19,16.0,63.0,43.75,15.0,76.0,13.33,,1,0,1,0,1,,,,,,,1,,,11.0,83006.0,11
41125,70,36,34,15,1,1,1,2,3,2,22.92,77.0,48.0,13.46,80.0,52.0,72009.0, ,11.0,10.0,5,1,30,0,2,58,24.0,78.25,16.7,20.0,78.95,30.0,1.0,0,0,0,0,2,79.61769,13.469231,52.0,77.33417,22.941668,48.0,0,,,10.0,72009.0,10
41125,70,36,34,15,1,1,1,2,3,2,22.92,77.0,48.0,13.46,80.0,52.0,72009.0, ,11.0,10.0,5,2,28,0,2,58,28.0,80.79,10.7,28.0,76.18,17.9,1.0,0,0,0,0,2,79.61769,13.469231,52.0,77.33417,22.941668,48.0,0,,,10.0,72009.0,10
41126,82,45,37,17,1,1,1,2,2,2,12.99,84.0,77.0,11.54,80.0,78.0,72009.0, ,11.0,5.0,5,1,41,0,2,82,38.0,74.97,18.4,37.0,81.7,16.2,1.0,0,0,0,0,2,80.13923,11.528205,78.0,83.53377,12.97922,77.0,0,,,5.0,72009.0,5
41126,82,45,37,17,1,1,1,2,2,2,12.99,84.0,77.0,11.54,80.0,78.0,72009.0, ,11.0,5.0,5,2,41,0,2,82,40.0,85.05,5.0,40.0,85.23,10.0,1.0,0,0,0,0,2,80.13923,11.528205,78.0,83.53377,12.97922,77.0,0,,,5.0,72009.0,5
41127,56,33,23,14,1,1,1,3,2,2,17.31,74.0,52.0,5.77,77.0,52.0,72009.0, ,11.0,17.0,5,1,28,0,2,56,26.0,74.54,3.8,26.0,75.85,15.4,1.0,0,0,0,0,2,76.5,5.75,52.0,74.5,17.3,52.0,0,,,17.0,72009.0,17
41127,56,33,23,14,1,1,1,3,2,2,17.31,74.0,52.0,5.77,77.0,52.0,72009.0, ,11.0,17.0,5,2,28,0,2,56,26.0,78.46,7.7,26.0,73.15,19.2,1.0,0,0,0,0,2,76.5,5.75,52.0,74.5,17.3,52.0,0,,,17.0,72009.0,17
41129,24,0,24,8,2,1,1,9,1,1,52.94,59.0,17.0,66.67,49.0,21.0,72009.0, ,12.0,33.0,5,1,24,0,1,24,21.0,48.67,66.7,17.0,58.65,52.9,1.0,0,0,0,0,1,48.67,66.7,21.0,58.65,52.9,17.0,0,,,33.0,72009.0,33
41131,47,20,27,16,1,1,1,1,2,2,20.0,80.0,45.0,4.44,78.0,45.0,1586.0,,11.0,0.0,5,1,23,0,2,47,23.0,78.61,4.3,23.0,80.52,26.1,1.0,0,0,0,0,2,78.13578,4.3977776,45.0,80.02133,19.98889,45.0,0,,,0.0,1586.0,0
41131,47,20,27,16,1,1,1,1,2,2,20.0,80.0,45.0,4.44,78.0,45.0,1586.0,,11.0,0.0,5,2,24,0,2,47,22.0,77.64,4.5,22.0,79.5,13.6,1.0,0,0,0,0,2,78.13578,4.3977776,45.0,80.02133,19.98889,45.0,0,,,0.0,1586.0,0
41132,58,31,27,17,1,1,1,1,2,2,17.86,81.0,56.0,7.14,80.0,56.0,4358.0, ,11.0,0.0,5,1,28,0,2,58,28.0,75.0,10.7,28.0,78.57,25.0,1.0,0,0,0,0,2,79.59,7.15,56.0,81.32,17.85,56.0,0,,,0.0,4358.0,0
41132,58,31,27,17,1,1,1,1,2,2,17.86,81.0,56.0,7.14,80.0,56.0,4358.0, ,11.0,0.0,5,2,30,0,2,58,28.0,84.18,3.6,28.0,84.07,10.7,1.0,0,0,0,0,2,79.59,7.15,56.0,81.32,17.85,56.0,0,,,0.0,4358.0,0
41134,51,28,23,19,1,1,1,7,2,2,38.1,66.0,42.0,27.91,61.0,43.0,74005.0,,11.0,31.0,5,1,24,0,2,51,20.0,47.7,45.0,19.0,47.79,68.4,1.0,0,0,0,0,2,60.836742,27.88372,43.0,66.02571,38.061905,42.0,0,,,31.0,74005.0,31
41134,51,28,23,19,1,1,1,7,2,2,38.1,66.0,42.0,27.91,61.0,43.0,74005.0,,11.0,31.0,5,2,27,0,2,51,23.0,72.26,13.0,23.0,81.09,13.0,1.0,0,0,0,0,2,60.836742,27.88372,43.0,66.02571,38.061905,42.0,0,,,31.0,74005.0,31
41135,157,65,92,32,1,1,1,2,4,4,15.44,82.0,136.0,13.97,78.0,136.0,74005.0,,11.0,8.0,5,1,39,0,4,157,34.0,80.24,14.7,34.0,82.35,14.7,1.0,0,0,1,0,4,79.05942,12.621359,103.0,82.8833,14.585437,103.0,0,,,8.0,74005.0,8
41135,157,65,92,32,1,1,1,2,4,4,15.44,82.0,136.0,13.97,78.0,136.0,74005.0,,11.0,8.0,5,2,39,0,4,157,34.0,74.44,11.8,34.0,77.47,26.5,1.0,0,0,1,0,4,79.05942,12.621359,103.0,82.8833,14.585437,103.0,0,,,8.0,74005.0,8
41135,157,65,92,32,1,1,1,2,4,4,15.44,82.0,136.0,13.97,78.0,136.0,74005.0,,11.0,8.0,5,3,40,0,4,157,35.0,82.4,11.4,35.0,88.66,2.9,1.0,0,0,1,0,4,79.05942,12.621359,103.0,82.8833,14.585437,103.0,0,,,8.0,74005.0,8
41135,157,65,92,32,1,1,1,2,4,4,15.44,82.0,136.0,13.97,78.0,136.0,74005.0,,11.0,8.0,5,4,39,0,4,157,33.0,74.69334,18.179394,33.0,79.24303,18.107273,,1,0,1,0,4,79.05942,12.621359,103.0,82.8833,14.585437,103.0,1,33.0,33.0,8.0,74005.0,8
41136,63,23,40,18,1,1,1,6,2,2,6.9,80.0,58.0,6.9,77.0,58.0,74005.0,,11.0,24.0,5,1,31,0,2,63,31.0,74.06,6.5,31.0,78.03,6.5,1.0,0,0,0,0,2,77.2581,6.9189653,58.0,79.91069,6.9189653,58.0,0,,,24.0,74005.0,24
41136,63,23,40,18,1,1,1,6,2,2,6.9,80.0,58.0,6.9,77.0,58.0,74005.0,,11.0,24.0,5,2,32,0,2,63,27.0,80.93,7.4,27.0,82.07,7.4,1.0,0,0,0,0,2,77.2581,6.9189653,58.0,79.91069,6.9189653,58.0,0,,,24.0,74005.0,24
41137,134,75,59,28,1,1,1,3,4,3,10.0,83.0,110.0,19.82,82.0,111.0,74005.0,,11.0,15.0,5,1,40,0,3,120,37.0,83.62,21.6,36.0,81.89,11.1,1.0,0,0,0,0,3,82.45063,19.81081,111.0,83.26546,10.0254545,110.0,0,,,15.0,74005.0,15
41137,134,75,59,28,1,1,1,3,4,3,10.0,83.0,110.0,19.82,82.0,111.0,74005.0,,11.0,15.0,5,2,40,0,3,120,36.0,83.92,27.8,36.0,88.89,5.6,1.0,0,0,0,0,3,82.45063,19.81081,111.0,83.26546,10.0254545,110.0,0,,,15.0,74005.0,15
41137,134,75,59,28,1,1,1,3,4,3,10.0,83.0,110.0,19.82,82.0,111.0,74005.0,,11.0,15.0,5,3,40,0,3,120,38.0,79.92,10.5,38.0,79.24,13.2,1.0,0,0,0,0,3,82.45063,19.81081,111.0,83.26546,10.0254545,110.0,0,,,15.0,74005.0,15
41138,173,87,86,37,1,1,1,2,5,4,25.0,77.0,140.0,14.49,75.0,138.0,74005.0,,11.0,13.0,5,1,40,0,4,158,33.0,72.27,21.2,33.0,75.94,27.3,1.0,0,0,0,0,4,75.05507,14.494203,138.0,77.28386,25.00357,140.0,0,,,13.0,74005.0,13
41138,173,87,86,37,1,1,1,2,5,4,25.0,77.0,140.0,14.49,75.0,138.0,74005.0,,11.0,13.0,5,2,38,0,4,158,34.0,80.29,0.0,34.0,80.41,8.8,1.0,0,0,0,0,4,75.05507,14.494203,138.0,77.28386,25.00357,140.0,0,,,13.0,74005.0,13
41138,173,87,86,37,1,1,1,2,5,4,25.0,77.0,140.0,14.49,75.0,138.0,74005.0,,11.0,13.0,5,3,40,0,4,158,37.0,74.81,10.8,37.0,78.62,32.4,1.0,0,0,0,0,4,75.05507,14.494203,138.0,77.28386,25.00357,140.0,0,,,13.0,74005.0,13
41138,173,87,86,37,1,1,1,2,5,4,25.0,77.0,140.0,14.49,75.0,138.0,74005.0,,11.0,13.0,5,4,40,0,4,158,34.0,72.79,26.5,36.0,74.19,30.6,1.0,0,0,0,0,4,75.05507,14.494203,138.0,77.28386,25.00357,140.0,0,,,13.0,74005.0,13
41139,129,67,62,30,1,1,1,2,4,4,34.75,73.0,118.0,18.64,71.0,118.0,74005.0,,11.0,12.0,5,1,31,0,4,129,27.0,73.59,11.1,27.0,69.48,33.3,1.0,0,0,0,0,4,71.40661,18.634747,118.0,73.09381,34.75,118.0,0,,,12.0,74005.0,12
41139,129,67,62,30,1,1,1,2,4,4,34.75,73.0,118.0,18.64,71.0,118.0,74005.0,,11.0,12.0,5,2,28,0,4,129,25.0,71.64,20.0,25.0,76.36,28.0,1.0,0,0,0,0,4,71.40661,18.634747,118.0,73.09381,34.75,118.0,0,,,12.0,74005.0,12
41139,129,67,62,30,1,1,1,2,4,4,34.75,73.0,118.0,18.64,71.0,118.0,74005.0,,11.0,12.0,5,3,34,0,4,129,33.0,72.0,21.2,33.0,71.85,36.4,1.0,0,0,0,0,4,71.40661,18.634747,118.0,73.09381,34.75,118.0,0,,,12.0,74005.0,12
41139,129,67,62,30,1,1,1,2,4,4,34.75,73.0,118.0,18.64,71.0,118.0,74005.0,,11.0,12.0,5,4,36,0,4,129,33.0,68.85,21.2,33.0,74.82,39.4,1.0,0,0,0,0,4,71.40661,18.634747,118.0,73.09381,34.75,118.0,0,,,12.0,74005.0,12
41140,64,27,37,18,1,1,1,6,3,2,35.9,61.0,39.0,42.11,56.0,38.0,74005.0,,11.0,40.0,5,2,26,0,2,38,18.0,59.11,38.9,18.0,60.11,38.9,1.0,0,0,0,0,2,56.47316,42.110527,38.0,60.896152,35.884617,39.0,0,,,40.0,74005.0,40
41140,64,27,37,18,1,1,1,6,3,2,35.9,61.0,39.0,42.11,56.0,38.0,74005.0,,11.0,40.0,5,3,12,0,2,38,20.0,54.1,45.0,21.0,61.57,33.3,1.0,0,0,0,0,2,56.47316,42.110527,38.0,60.896152,35.884617,39.0,0,,,40.0,74005.0,40
41142,139,78,61,35,1,1,1,2,4,4,16.92,80.0,130.0,10.77,80.0,130.0,74005.0,,11.0,11.0,5,2,32,0,4,139,31.0,75.77,12.9,31.0,76.39,25.8,1.0,0,0,1,0,4,81.483734,11.10303,99.0,81.49505,16.160606,99.0,0,,,11.0,74005.0,11
41142,139,78,61,35,1,1,1,2,4,4,16.92,80.0,130.0,10.77,80.0,130.0,74005.0,,11.0,11.0,5,3,37,0,4,139,35.0,85.03,11.4,35.0,86.54,5.7,1.0,0,0,1,0,4,81.483734,11.10303,99.0,81.49505,16.160606,99.0,0,,,11.0,74005.0,11
41142,139,78,61,35,1,1,1,2,4,4,16.92,80.0,130.0,10.77,80.0,130.0,74005.0,,11.0,11.0,5,4,34,0,4,139,33.0,83.09,9.1,33.0,80.94,18.2,1.0,0,0,1,0,4,81.483734,11.10303,99.0,81.49505,16.160606,99.0,0,,,11.0,74005.0,11
41142,139,78,61,35,1,1,1,2,4,4,16.92,80.0,130.0,10.77,80.0,130.0,74005.0,,11.0,11.0,5,1,36,0,4,139,31.0,75.26161,9.706451,31.0,75.22549,19.345161,,1,0,1,0,4,81.483734,11.10303,99.0,81.49505,16.160606,99.0,1,31.0,31.0,11.0,74005.0,11
41143,46,26,20,15,2,1,1,7,2,2,45.24,66.0,42.0,37.78,62.0,45.0,74005.0,,12.0,40.0,5,1,22,0,2,46,21.0,70.33,38.1,18.0,68.67,44.4,1.0,0,0,1,0,2,70.33,38.1,21.0,68.67,44.4,18.0,0,,,40.0,74005.0,40
41143,46,26,20,15,2,1,1,7,2,2,45.24,66.0,42.0,37.78,62.0,45.0,74005.0,,12.0,40.0,5,2,24,0,2,46,24.0,54.71125,37.5,24.0,63.9975,45.87,,1,0,1,0,2,70.33,38.1,21.0,68.67,44.4,18.0,1,24.0,24.0,40.0,74005.0,40
41144,88,49,39,29,2,1,1,6,3,3,32.14,71.0,84.0,26.83,73.0,82.0,74005.0,,12.0,35.0,5,1,27,0,3,88,26.0,78.08,15.4,26.0,73.46,26.9,1.0,0,0,0,0,3,73.06464,26.829268,82.0,70.940956,32.12262,84.0,0,,,35.0,74005.0,35
41144,88,49,39,29,2,1,1,6,3,3,32.14,71.0,84.0,26.83,73.0,82.0,74005.0,,12.0,35.0,5,2,31,0,3,88,30.0,68.67,30.0,31.0,69.16,38.7,1.0,0,0,0,0,3,73.06464,26.829268,82.0,70.940956,32.12262,84.0,0,,,35.0,74005.0,35
41144,88,49,39,29,2,1,1,6,3,3,32.14,71.0,84.0,26.83,73.0,82.0,74005.0,,12.0,35.0,5,3,30,0,3,88,26.0,73.12,34.6,27.0,70.56,29.6,1.0,0,0,0,0,3,73.06464,26.829268,82.0,70.940956,32.12262,84.0,0,,,35.0,74005.0,35
41145,28,16,12,12,2,1,1,4,1,1,42.86,72.0,21.0,13.04,66.0,23.0,74005.0,,12.0,19.0,5,1,28,0,1,28,23.0,66.09,13.0,21.0,71.57,42.9,1.0,0,0,0,0,1,66.09,13.0,23.0,71.57,42.9,21.0,0,,,19.0,74005.0,19
41146,46,22,24,18,2,1,1,7,2,2,38.64,65.0,44.0,15.91,66.0,44.0,74005.0,,12.0,41.0,5,1,22,0,2,46,20.0,69.45,10.0,20.0,68.1,40.0,1.0,0,0,0,0,2,66.29727,15.890909,44.0,64.77273,38.636364,44.0,0,,,41.0,74005.0,41
41146,46,22,24,18,2,1,1,7,2,2,38.64,65.0,44.0,15.91,66.0,44.0,74005.0,,12.0,41.0,5,2,24,0,2,46,24.0,63.67,20.8,24.0,62.0,37.5,1.0,0,0,0,0,2,66.29727,15.890909,44.0,64.77273,38.636364,44.0,0,,,41.0,74005.0,41
41148,59,26,33,18,2,1,1,6,2,2,42.11,62.0,57.0,58.62,54.0,58.0,74005.0,,12.0,46.0,5,1,29,0,2,59,28.0,54.21,50.0,28.0,59.32,42.9,1.0,0,0,0,0,2,53.775517,58.63793,58.0,62.19456,42.13684,57.0,0,,,46.0,74005.0,46
41148,59,26,33,18,2,1,1,6,2,2,42.11,62.0,57.0,58.62,54.0,58.0,74005.0,,12.0,46.0,5,2,30,0,2,59,30.0,53.37,66.7,29.0,64.97,41.4,1.0,0,0,0,0,2,53.775517,58.63793,58.0,62.19456,42.13684,57.0,0,,,46.0,74005.0,46
41149,127,73,54,32,2,1,1,2,4,4,29.51,72.0,122.0,28.8,68.0,125.0,74005.0,,12.0,19.0,5,2,33,0,4,127,32.0,71.69,25.0,32.0,75.0,18.8,1.0,0,0,1,0,4,66.62978,29.795744,94.0,73.36275,25.296703,91.0,0,,,19.0,74005.0,19
41149,127,73,54,32,2,1,1,2,4,4,29.51,72.0,122.0,28.8,68.0,125.0,74005.0,,12.0,19.0,5,3,30,0,4,127,32.0,62.16,34.4,29.0,69.79,27.6,1.0,0,0,1,0,4,66.62978,29.795744,94.0,73.36275,25.296703,91.0,0,,,19.0,74005.0,19
41149,127,73,54,32,2,1,1,2,4,4,29.51,72.0,122.0,28.8,68.0,125.0,74005.0,,12.0,19.0,5,4,32,0,4,127,30.0,66.0,30.0,30.0,75.07,30.0,1.0,0,0,1,0,4,66.62978,29.795744,94.0,73.36275,25.296703,91.0,0,,,19.0,74005.0,19
41149,127,73,54,32,2,1,1,2,4,4,29.51,72.0,122.0,28.8,68.0,125.0,74005.0,,12.0,19.0,5,1,32,0,4,127,31.0,72.15484,25.780645,31.0,67.99968,41.878063,,1,0,1,0,4,66.62978,29.795744,94.0,73.36275,25.296703,91.0,1,31.0,31.0,19.0,74005.0,19
41150,38,22,16,13,1,1,1,1,1,1,10.81,84.0,37.0,5.26,76.0,38.0,5876.0,,11.0,1.0,5,1,38,0,1,38,38.0,76.47,5.3,37.0,83.65,10.8,1.0,0,0,0,0,1,76.47,5.3,38.0,83.65,10.8,37.0,0,,,1.0,5876.0,1
41153,10,6,4,5,1,1,1,1,1,1,45.45,75.0,11.0,54.55,62.0,11.0,1677.0, ,11.0,0.0,5,1,10,0,1,10,11.0,62.0,54.55,11.0,75.0,45.45,,1,0,1,0,1,,,,,,,1,,,0.0,1677.0,0
41154,17,8,9,6,1,1,1,1,1,1,5.88,82.0,17.0,23.53,77.0,17.0,8714.0,,11.0,0.0,5,1,17,0,1,17,17.0,77.24,23.5,17.0,81.53,5.9,1.0,0,0,0,0,1,77.24,23.5,17.0,81.53,5.9,17.0,0,,,0.0,8714.0,0
41155,76,42,34,17,1,1,1,1,3,2,16.39,81.0,61.0,13.11,75.0,61.0,5918.0,,11.0,1.0,5,1,33,0,2,64,32.0,72.09,15.6,32.0,79.56,21.9,1.0,0,0,0,0,2,75.01377,13.080328,61.0,81.03377,16.385246,61.0,0,,,1.0,5918.0,1
41155,76,42,34,17,1,1,1,1,3,2,16.39,81.0,61.0,13.11,75.0,61.0,5918.0,,11.0,1.0,5,2,31,0,2,64,29.0,78.24,10.3,29.0,82.66,10.3,1.0,0,0,0,0,2,75.01377,13.080328,61.0,81.03377,16.385246,61.0,0,,,1.0,5918.0,1
41160,126,68,58,21,1,1,1,2,4,3,15.53,78.0,103.0,13.59,74.0,103.0,79004.0, ,11.0,11.0,5,1,39,0,3,116,34.0,69.15,14.7,34.0,75.0,23.5,1.0,0,0,0,0,3,73.64369,13.604855,103.0,78.39767,15.546602,103.0,0,,,11.0,79004.0,11
41160,126,68,58,21,1,1,1,2,4,3,15.53,78.0,103.0,13.59,74.0,103.0,79004.0, ,11.0,11.0,5,2,39,0,3,116,38.0,78.32,13.2,38.0,80.0,13.2,1.0,0,0,0,0,3,73.64369,13.604855,103.0,78.39767,15.546602,103.0,0,,,11.0,79004.0,11
41160,126,68,58,21,1,1,1,2,4,3,15.53,78.0,103.0,13.59,74.0,103.0,79004.0, ,11.0,11.0,5,3,38,0,3,116,31.0,72.84,12.9,31.0,80.16,9.7,1.0,0,0,0,0,3,73.64369,13.604855,103.0,78.39767,15.546602,103.0,0,,,11.0,79004.0,11
41161,166,88,78,29,1,1,1,1,5,5,16.67,81.0,144.0,14.94,73.0,154.0,79004.0, ,11.0,3.0,5,1,32,0,5,166,29.0,72.52,17.2,27.0,83.48,7.4,1.0,0,0,1,0,5,72.50221,17.195082,122.0,81.398346,15.658261,115.0,0,,,3.0,79004.0,3
41161,166,88,78,29,1,1,1,1,5,5,16.67,81.0,144.0,14.94,73.0,154.0,79004.0, ,11.0,3.0,5,2,33,0,5,166,30.0,62.47,26.7,29.0,76.72,24.1,1.0,0,0,1,0,5,72.50221,17.195082,122.0,81.398346,15.658261,115.0,0,,,3.0,79004.0,3
41161,166,88,78,29,1,1,1,1,5,5,16.67,81.0,144.0,14.94,73.0,154.0,79004.0, ,11.0,3.0,5,3,34,0,5,166,34.0,80.65,8.8,33.0,82.97,15.2,1.0,0,0,1,0,5,72.50221,17.195082,122.0,81.398346,15.658261,115.0,0,,,3.0,79004.0,3
41161,166,88,78,29,1,1,1,1,5,5,16.67,81.0,144.0,14.94,73.0,154.0,79004.0, ,11.0,3.0,5,4,34,0,5,166,29.0,73.31,17.2,26.0,82.46,15.4,1.0,0,0,1,0,5,72.50221,17.195082,122.0,81.398346,15.658261,115.0,0,,,3.0,79004.0,3
41161,166,88,78,29,1,1,1,1,5,5,16.67,81.0,144.0,14.94,73.0,154.0,79004.0, ,11.0,3.0,5,5,33,0,5,166,32.0,74.89781,6.3425,29.0,79.42034,20.68207,,1,0,1,0,5,72.50221,17.195082,122.0,81.398346,15.658261,115.0,1,29.0,32.0,3.0,79004.0,3
41162,84,46,38,17,1,1,1,2,3,3,23.46,76.0,81.0,27.71,69.0,83.0,79004.0, ,11.0,9.0,5,1,28,0,3,84,29.0,50.17,51.7,27.0,66.41,40.7,1.0,0,0,0,0,3,68.86687,27.712048,83.0,76.06235,23.453087,81.0,0,,,9.0,79004.0,9
41162,84,46,38,17,1,1,1,2,3,3,23.46,76.0,81.0,27.71,69.0,83.0,79004.0, ,11.0,9.0,5,2,30,0,3,84,28.0,66.11,28.6,28.0,68.89,28.6,1.0,0,0,0,0,3,68.86687,27.712048,83.0,76.06235,23.453087,81.0,0,,,9.0,79004.0,9
41162,84,46,38,17,1,1,1,2,3,3,23.46,76.0,81.0,27.71,69.0,83.0,79004.0, ,11.0,9.0,5,3,26,0,3,84,26.0,92.69,0.0,26.0,93.81,0.0,1.0,0,0,0,0,3,68.86687,27.712048,83.0,76.06235,23.453087,81.0,0,,,9.0,79004.0,9
41163,64,25,39,14,1,1,1,1,2,2,8.62,82.0,58.0,37.29,57.0,59.0,79004.0, ,11.0,8.0,5,1,31,0,2,64,29.0,57.28,27.6,29.0,80.34,3.4,1.0,0,0,0,0,2,57.35627,37.311863,59.0,81.565,8.6,58.0,0,,,8.0,79004.0,8
41163,64,25,39,14,1,1,1,1,2,2,8.62,82.0,58.0,37.29,57.0,59.0,79004.0, ,11.0,8.0,5,2,33,0,2,64,30.0,57.43,46.7,29.0,82.79,13.8,1.0,0,0,0,0,2,57.35627,37.311863,59.0,81.565,8.6,58.0,0,,,8.0,79004.0,8
41164,15,9,6,6,1,1,1,6,1,1,27.27,68.0,11.0,27.27,55.0,11.0,79004.0, ,11.0,16.0,5,1,15,0,1,15,11.0,55.36,27.3,11.0,68.0,27.3,1.0,0,0,0,0,1,55.36,27.3,11.0,68.0,27.3,11.0,0,,,16.0,79004.0,16
41165,97,46,51,20,1,1,1,2,3,3,20.73,74.0,82.0,26.51,67.0,83.0,79004.0, ,11.0,10.0,5,1,33,0,3,97,29.0,65.17,27.6,27.0,70.22,22.2,1.0,0,0,0,0,3,67.36144,26.514458,83.0,73.71878,20.712194,82.0,0,,,10.0,79004.0,10
41165,97,46,51,20,1,1,1,2,3,3,20.73,74.0,82.0,26.51,67.0,83.0,79004.0, ,11.0,10.0,5,2,33,0,3,97,29.0,68.83,20.7,30.0,74.8,23.3,1.0,0,0,0,0,3,67.36144,26.514458,83.0,73.71878,20.712194,82.0,0,,,10.0,79004.0,10
41165,97,46,51,20,1,1,1,2,3,3,20.73,74.0,82.0,26.51,67.0,83.0,79004.0, ,11.0,10.0,5,3,31,0,3,97,25.0,68.2,32.0,25.0,76.2,16.0,1.0,0,0,0,0,3,67.36144,26.514458,83.0,73.71878,20.712194,82.0,0,,,10.0,79004.0,10
41166,100,50,50,18,1,1,1,2,3,3,20.73,77.0,82.0,10.98,79.0,82.0,79004.0, ,11.0,12.0,5,1,34,0,3,100,32.0,79.34,9.4,32.0,75.88,21.9,1.0,0,0,0,0,3,79.40122,10.9975605,82.0,77.42902,20.746342,82.0,0,,,12.0,79004.0,12
41166,100,50,50,18,1,1,1,2,3,3,20.73,77.0,82.0,10.98,79.0,82.0,79004.0, ,11.0,12.0,5,2,33,0,3,100,24.0,74.88,16.7,24.0,78.67,25.0,1.0,0,0,0,0,3,79.40122,10.9975605,82.0,77.42902,20.746342,82.0,0,,,12.0,79004.0,12
41166,100,50,50,18,1,1,1,2,3,3,20.73,77.0,82.0,10.98,79.0,82.0,79004.0, ,11.0,12.0,5,3,33,0,3,100,26.0,83.65,7.7,26.0,78.19,15.4,1.0,0,0,0,0,3,79.40122,10.9975605,82.0,77.42902,20.746342,82.0,0,,,12.0,79004.0,12
41167,28,15,13,6,1,1,1,2,1,1,25.0,74.0,28.0,28.57,62.0,28.0,79004.0, ,11.0,8.0,5,1,28,0,1,28,28.0,62.32,28.6,28.0,73.61,25.0,1.0,0,0,0,0,1,62.32,28.6,28.0,73.61,25.0,28.0,0,,,8.0,79004.0,8
41168,108,58,50,19,1,1,1,1,3,3,33.98,73.0,103.0,17.48,68.0,103.0,79004.0, ,11.0,4.0,5,1,35,0,3,108,35.0,62.54,22.9,35.0,68.11,40.0,1.0,0,0,0,0,3,68.03825,17.51068,103.0,72.98029,33.994175,103.0,0,,,4.0,79004.0,4
41168,108,58,50,19,1,1,1,1,3,3,33.98,73.0,103.0,17.48,68.0,103.0,79004.0, ,11.0,4.0,5,2,37,0,3,108,35.0,75.43,14.3,35.0,74.4,34.3,1.0,0,0,0,0,3,68.03825,17.51068,103.0,72.98029,33.994175,103.0,0,,,4.0,79004.0,4
41168,108,58,50,19,1,1,1,1,3,3,33.98,73.0,103.0,17.48,68.0,103.0,79004.0, ,11.0,4.0,5,3,36,0,3,108,33.0,66.03,15.2,33.0,76.64,27.3,1.0,0,0,0,0,3,68.03825,17.51068,103.0,72.98029,33.994175,103.0,0,,,4.0,79004.0,4
41169,73,33,40,19,1,1,1,2,2,2,17.39,71.0,69.0,21.43,70.0,70.0,79004.0, ,11.0,10.0,5,1,38,0,2,77,33.0,73.64,15.2,33.0,75.58,9.1,1.0,0,0,0,0,2,69.802574,21.437143,70.0,71.32261,17.395653,69.0,0,,,10.0,79004.0,10
41169,73,33,40,19,1,1,1,2,2,2,17.39,71.0,69.0,21.43,70.0,70.0,79004.0, ,11.0,10.0,5,2,39,0,2,77,37.0,66.38,27.0,36.0,67.42,25.0,1.0,0,0,0,0,2,69.802574,21.437143,70.0,71.32261,17.395653,69.0,0,,,10.0,79004.0,10
41170,84,35,49,17,1,1,1,2,3,3,33.78,70.0,74.0,21.62,68.0,74.0,79004.0, ,11.0,11.0,5,1,27,0,3,84,25.0,56.12,36.0,25.0,62.68,44.0,1.0,0,0,1,0,3,63.82936,25.514894,47.0,65.87234,38.28936,47.0,0,,,11.0,79004.0,11
41170,84,35,49,17,1,1,1,2,3,3,33.78,70.0,74.0,21.62,68.0,74.0,79004.0, ,11.0,11.0,5,3,28,0,3,84,22.0,72.59,13.6,22.0,69.5,31.8,1.0,0,0,1,0,3,63.82936,25.514894,47.0,65.87234,38.28936,47.0,0,,,11.0,79004.0,11
41170,84,35,49,17,1,1,1,2,3,3,33.78,70.0,74.0,21.62,68.0,74.0,79004.0, ,11.0,11.0,5,2,29,0,3,84,27.0,75.26,14.84,27.0,77.18519,25.93037,,1,0,1,0,3,63.82936,25.514894,47.0,65.87234,38.28936,47.0,1,27.0,27.0,11.0,79004.0,11
41172,84,84,0,19,2,1,1,2,3,3,21.52,80.0,79.0,14.81,77.0,81.0,79004.0, ,12.0,10.0,5,1,28,0,3,84,28.0,74.89,14.3,27.0,81.19,18.5,1.0,0,0,1,0,3,77.59,12.5,56.0,81.855,12.95,54.0,0,,,10.0,79004.0,10
41172,84,84,0,19,2,1,1,2,3,3,21.52,80.0,79.0,14.81,77.0,81.0,79004.0, ,12.0,10.0,5,2,30,0,3,84,28.0,80.29,10.7,27.0,82.52,7.4,1.0,0,0,1,0,3,77.59,12.5,56.0,81.855,12.95,54.0,0,,,10.0,79004.0,10
41172,84,84,0,19,2,1,1,2,3,3,21.52,80.0,79.0,14.81,77.0,81.0,79004.0, ,12.0,10.0,5,3,26,0,3,84,25.0,75.6784,19.9844,25.0,75.9932,40.0312,,1,0,1,0,3,77.59,12.5,56.0,81.855,12.95,54.0,1,25.0,25.0,10.0,79004.0,10
41173,83,0,83,20,2,1,1,2,3,3,12.99,82.0,77.0,9.09,83.0,77.0,79004.0, ,12.0,10.0,5,1,27,0,3,83,25.0,85.44,16.0,25.0,78.88,20.0,1.0,0,0,0,0,3,82.70156,9.077922,77.0,81.61169,12.976624,77.0,0,,,10.0,79004.0,10
41173,83,0,83,20,2,1,1,2,3,3,12.99,82.0,77.0,9.09,83.0,77.0,79004.0, ,12.0,10.0,5,2,28,0,3,83,26.0,79.96,3.8,26.0,81.58,15.4,1.0,0,0,0,0,3,82.70156,9.077922,77.0,81.61169,12.976624,77.0,0,,,10.0,79004.0,10
41173,83,0,83,20,2,1,1,2,3,3,12.99,82.0,77.0,9.09,83.0,77.0,79004.0, ,12.0,10.0,5,3,28,0,3,83,26.0,82.81,7.7,26.0,84.27,3.8,1.0,0,0,0,0,3,82.70156,9.077922,77.0,81.61169,12.976624,77.0,0,,,10.0,79004.0,10
41174,123,54,69,26,2,1,1,2,4,4,29.91,69.0,117.0,33.05,61.0,118.0,79004.0, ,12.0,12.0,5,1,34,0,4,123,33.0,61.03,30.3,33.0,71.33,21.2,1.0,0,0,1,0,4,58.53272,36.955433,92.0,67.85451,28.554945,91.0,0,,,12.0,79004.0,12
41174,123,54,69,26,2,1,1,2,4,4,29.91,69.0,117.0,33.05,61.0,118.0,79004.0, ,12.0,12.0,5,2,27,0,4,123,26.0,60.38,42.3,25.0,61.24,32.0,1.0,0,0,1,0,4,58.53272,36.955433,92.0,67.85451,28.554945,91.0,0,,,12.0,79004.0,12
41174,123,54,69,26,2,1,1,2,4,4,29.91,69.0,117.0,33.05,61.0,118.0,79004.0, ,12.0,12.0,5,3,35,0,4,123,33.0,54.58,39.4,33.0,69.39,33.3,1.0,0,0,1,0,4,58.53272,36.955433,92.0,67.85451,28.554945,91.0,0,,,12.0,79004.0,12
41174,123,54,69,26,2,1,1,2,4,4,29.91,69.0,117.0,33.05,61.0,118.0,79004.0, ,12.0,12.0,5,4,27,0,4,123,26.0,69.730385,19.23077,26.0,73.00923,34.65269,,1,0,1,0,4,58.53272,36.955433,92.0,67.85451,28.554945,91.0,1,26.0,26.0,12.0,79004.0,12
41176,24,8,16,10,2,1,1,8,1,1,19.05,69.0,21.0,0.0,68.0,21.0,79004.0, ,12.0,43.0,5,1,24,0,1,24,21.0,67.52,0.0,21.0,68.9,19.0,1.0,0,0,0,0,1,67.52,0.0,21.0,68.9,19.0,21.0,0,,,43.0,79004.0,43
41178,49,27,22,11,1,1,1,1,2,2,13.04,84.0,46.0,4.35,85.0,46.0,1982.0,,11.0,5.0,5,1,24,0,2,49,23.0,87.83,4.3,23.0,87.87,4.3,1.0,0,0,0,0,2,84.63,4.3,46.0,83.585,13.0,46.0,0,,,5.0,1982.0,5
41178,49,27,22,11,1,1,1,1,2,2,13.04,84.0,46.0,4.35,85.0,46.0,1982.0,,11.0,5.0,5,2,25,0,2,49,23.0,81.43,4.3,23.0,79.3,21.7,1.0,0,0,0,0,2,84.63,4.3,46.0,83.585,13.0,46.0,0,,,5.0,1982.0,5
41179,61,36,25,13,1,1,1,2,2,2,19.23,77.0,52.0,5.56,73.0,54.0,2766.0, ,11.0,5.0,5,1,32,0,2,61,27.0,71.93,7.4,26.0,78.08,15.4,1.0,0,0,0,0,2,72.965,5.55,54.0,77.08,19.25,52.0,0,,,5.0,2766.0,5
41179,61,36,25,13,1,1,1,2,2,2,19.23,77.0,52.0,5.56,73.0,54.0,2766.0, ,11.0,5.0,5,2,29,0,2,61,27.0,74.0,3.7,26.0,76.08,23.1,1.0,0,0,0,0,2,72.965,5.55,54.0,77.08,19.25,52.0,0,,,5.0,2766.0,5
41181,53,28,25,15,1,1,1,5,3,2,25.0,74.0,36.0,38.89,67.0,36.0,1958.0,,11.0,20.0,5,1,22,0,2,43,18.0,61.78,50.0,18.0,69.56,27.8,1.0,0,0,1,0,2,61.78,50.0,18.0,69.56,27.8,18.0,0,,,20.0,1958.0,20
41181,53,28,25,15,1,1,1,5,3,2,25.0,74.0,36.0,38.89,67.0,36.0,1958.0,,11.0,20.0,5,2,21,0,2,43,18.0,72.22,27.78,18.0,78.44,22.2,,1,0,1,0,2,61.78,50.0,18.0,69.56,27.8,18.0,1,18.0,18.0,20.0,1958.0,20
41182,37,17,20,9,2,1,1,7,2,1,35.71,73.0,28.0,50.0,62.0,28.0,1958.0,,12.0,45.0,5,1,25,0,1,25,28.0,61.54,50.0,28.0,73.18,35.7,1.0,0,0,0,0,1,61.54,50.0,28.0,73.18,35.7,28.0,0,,,45.0,1958.0,45
41183,69,43,26,19,1,1,1,1,3,2,20.34,82.0,59.0,6.78,78.0,59.0,6155.0,,11.0,2.0,5,1,29,0,2,61,28.0,76.79,0.0,28.0,80.79,17.9,1.0,0,0,0,0,2,78.2717,6.777966,59.0,81.814575,20.369492,59.0,0,,,2.0,6155.0,2
41183,69,43,26,19,1,1,1,1,3,2,20.34,82.0,59.0,6.78,78.0,59.0,6155.0,,11.0,2.0,5,2,32,0,2,61,31.0,79.61,12.9,31.0,82.74,22.6,1.0,0,0,0,0,2,78.2717,6.777966,59.0,81.814575,20.369492,59.0,0,,,2.0,6155.0,2
41184,49,49,0,14,2,2,1,5,2,2,19.57,78.0,46.0,13.04,76.0,46.0,26401.0, ,12.0,26.0,5,1,24,0,2,49,23.0,74.65,21.7,23.0,77.26,13.0,1.0,0,0,0,0,2,76.325,13.0,46.0,78.37,19.55,46.0,0,,,26.0,26401.0,26
41184,49,49,0,14,2,2,1,5,2,2,19.57,78.0,46.0,13.04,76.0,46.0,26401.0, ,12.0,26.0,5,2,25,0,2,49,23.0,78.0,4.3,23.0,79.48,26.1,1.0,0,0,0,0,2,76.325,13.0,46.0,78.37,19.55,46.0,0,,,26.0,26401.0,26
41185,63,0,63,13,2,2,1,5,3,2,23.64,71.0,55.0,23.64,61.0,55.0,26401.0, ,12.0,20.0,5,1,28,0,2,55,28.0,57.71,25.0,28.0,70.46,25.0,1.0,0,0,0,0,2,61.16109,23.625454,55.0,71.142365,23.625454,55.0,0,,,20.0,26401.0,20
41185,63,0,63,13,2,2,1,5,3,2,23.64,71.0,55.0,23.64,61.0,55.0,26401.0, ,12.0,20.0,5,2,27,0,2,55,27.0,64.74,22.2,27.0,71.85,22.2,1.0,0,0,0,0,2,61.16109,23.625454,55.0,71.142365,23.625454,55.0,0,,,20.0,26401.0,20
41186,47,25,22,13,2,2,1,4,2,2,30.0,71.0,40.0,22.5,66.0,40.0,26401.0, ,12.0,24.0,5,1,25,0,2,47,21.0,65.24,19.0,22.0,70.5,22.7,1.0,0,0,0,0,2,65.70075,22.4675,40.0,70.9995,29.99,40.0,0,,,24.0,26401.0,24
41186,47,25,22,13,2,2,1,4,2,2,30.0,71.0,40.0,22.5,66.0,40.0,26401.0, ,12.0,24.0,5,2,22,0,2,47,19.0,66.21,26.3,18.0,71.61,38.9,1.0,0,0,0,0,2,65.70075,22.4675,40.0,70.9995,29.99,40.0,0,,,24.0,26401.0,24
41187,98,52,46,17,1,1,1,1,3,3,30.85,76.0,94.0,17.02,78.0,94.0,83006.0, ,11.0,3.0,5,2,34,0,3,98,32.0,80.88,15.6,32.0,80.16,25.0,1.0,0,0,1,0,3,77.957146,22.193651,63.0,75.382065,34.939682,63.0,0,,,3.0,83006.0,3
41187,98,52,46,17,1,1,1,1,3,3,30.85,76.0,94.0,17.02,78.0,94.0,83006.0, ,11.0,3.0,5,3,33,0,3,98,31.0,74.94,29.0,31.0,70.45,45.2,1.0,0,0,1,0,3,77.957146,22.193651,63.0,75.382065,34.939682,63.0,0,,,3.0,83006.0,3
41187,98,52,46,17,1,1,1,1,3,3,30.85,76.0,94.0,17.02,78.0,94.0,83006.0, ,11.0,3.0,5,1,31,0,3,98,31.0,78.0871,6.5058064,31.0,77.255806,22.53871,,1,0,1,0,3,77.957146,22.193651,63.0,75.382065,34.939682,63.0,1,31.0,31.0,3.0,83006.0,3
41189,54,32,22,12,1,1,1,3,2,2,38.78,64.0,49.0,12.24,75.0,49.0,83006.0, ,11.0,14.0,5,1,27,0,2,54,26.0,79.19,11.5,26.0,64.35,50.0,1.0,0,0,0,0,2,74.52898,12.204082,49.0,63.960407,38.78163,49.0,0,,,14.0,83006.0,14
41189,54,32,22,12,1,1,1,3,2,2,38.78,64.0,49.0,12.24,75.0,49.0,83006.0, ,11.0,14.0,5,2,27,0,2,54,23.0,69.26,13.0,23.0,63.52,26.1,1.0,0,0,0,0,2,74.52898,12.204082,49.0,63.960407,38.78163,49.0,0,,,14.0,83006.0,14
41190,199,100,99,33,1,1,1,1,6,5,18.39,77.0,174.0,8.05,77.0,174.0,83006.0, ,11.0,7.0,5,1,37,0,5,188,34.0,76.35,11.8,34.0,72.59,23.5,1.0,0,0,1,0,5,78.62737,8.043066,137.0,77.89671,18.234306,137.0,0,,,7.0,83006.0,7
41190,199,100,99,33,1,1,1,1,6,5,18.39,77.0,174.0,8.05,77.0,174.0,83006.0, ,11.0,7.0,5,2,40,0,5,188,40.0,79.93,10.0,40.0,78.72,20.0,1.0,0,0,1,0,5,78.62737,8.043066,137.0,77.89671,18.234306,137.0,0,,,7.0,83006.0,7
41190,199,100,99,33,1,1,1,1,6,5,18.39,77.0,174.0,8.05,77.0,174.0,83006.0, ,11.0,7.0,5,4,36,0,5,188,31.0,72.35,9.7,31.0,78.77,12.9,1.0,0,0,1,0,5,78.62737,8.043066,137.0,77.89671,18.234306,137.0,0,,,7.0,83006.0,7
41190,199,100,99,33,1,1,1,1,6,5,18.39,77.0,174.0,8.05,77.0,174.0,83006.0, ,11.0,7.0,5,5,37,0,5,188,32.0,85.5,0.0,32.0,81.66,15.6,1.0,0,0,1,0,5,78.62737,8.043066,137.0,77.89671,18.234306,137.0,0,,,7.0,83006.0,7
41190,199,100,99,33,1,1,1,1,6,5,18.39,77.0,174.0,8.05,77.0,174.0,83006.0, ,11.0,7.0,5,3,38,0,5,188,37.0,70.97433,8.075676,37.0,73.67973,18.966486,,1,0,1,0,5,78.62737,8.043066,137.0,77.89671,18.234306,137.0,1,37.0,37.0,7.0,83006.0,7
41191,122,51,71,19,1,1,1,4,4,3,29.52,74.0,105.0,25.0,67.0,104.0,83006.0, ,11.0,16.0,5,1,36,0,3,108,35.0,70.2,17.1,35.0,73.06,25.7,1.0,0,0,1,0,3,67.28783,26.068115,69.0,73.13391,26.094202,69.0,0,,,16.0,83006.0,16
41191,122,51,71,19,1,1,1,4,4,3,29.52,74.0,105.0,25.0,67.0,104.0,83006.0, ,11.0,16.0,5,3,35,0,3,108,34.0,64.29,35.3,34.0,73.21,26.5,1.0,0,0,1,0,3,67.28783,26.068115,69.0,73.13391,26.094202,69.0,0,,,16.0,83006.0,16
41191,122,51,71,19,1,1,1,4,4,3,29.52,74.0,105.0,25.0,67.0,104.0,83006.0, ,11.0,16.0,5,2,37,0,3,108,35.0,66.43257,22.894285,36.0,75.66,36.086113,,1,0,1,0,3,67.28783,26.068115,69.0,73.13391,26.094202,69.0,1,36.0,35.0,16.0,83006.0,16
41193,44,27,17,9,2,1,1,5,2,2,17.95,70.0,39.0,46.15,57.0,39.0,83006.0, ,12.0,21.0,5,1,20,0,2,44,22.0,55.68,54.5,22.0,69.45,22.7,1.0,0,0,0,0,2,57.12718,46.130768,39.0,69.53718,17.948717,39.0,0,,,21.0,83006.0,21
41193,44,27,17,9,2,1,1,5,2,2,17.95,70.0,39.0,46.15,57.0,39.0,83006.0, ,12.0,21.0,5,2,24,0,2,44,17.0,59.0,35.3,17.0,69.65,11.8,1.0,0,0,0,0,2,57.12718,46.130768,39.0,69.53718,17.948717,39.0,0,,,21.0,83006.0,21
41194,80,33,47,19,2,1,1,2,3,3,11.25,81.0,80.0,15.0,77.0,80.0,83006.0, ,12.0,17.0,5,1,22,0,3,80,29.0,82.17,6.9,29.0,84.21,3.4,1.0,0,0,0,0,3,76.61275,15.01,80.0,81.439125,11.24,80.0,0,,,17.0,83006.0,17
41194,80,33,47,19,2,1,1,2,3,3,11.25,81.0,80.0,15.0,77.0,80.0,83006.0, ,12.0,17.0,5,2,30,0,3,80,22.0,73.14,18.2,22.0,77.68,18.2,1.0,0,0,0,0,3,76.61275,15.01,80.0,81.439125,11.24,80.0,0,,,17.0,83006.0,17
41194,80,33,47,19,2,1,1,2,3,3,11.25,81.0,80.0,15.0,77.0,80.0,83006.0, ,12.0,17.0,5,3,28,0,3,80,29.0,73.69,20.7,29.0,81.52,13.8,1.0,0,0,0,0,3,76.61275,15.01,80.0,81.439125,11.24,80.0,0,,,17.0,83006.0,17
41195,111,55,56,26,1,1,1,1,5,3,22.62,75.0,84.0,7.14,75.0,84.0,84004.0,,11.0,7.0,5,2,31,0,3,90,30.0,78.6,3.3,30.0,78.4,20.0,1.0,0,0,1,0,3,74.07158,8.747369,57.0,74.278946,28.052631,57.0,0,,,7.0,84004.0,7
41195,111,55,56,26,1,1,1,1,5,3,22.62,75.0,84.0,7.14,75.0,84.0,84004.0,,11.0,7.0,5,3,28,0,3,90,27.0,69.04,14.8,27.0,69.7,37.0,1.0,0,0,1,0,3,74.07158,8.747369,57.0,74.278946,28.052631,57.0,0,,,7.0,84004.0,7
41195,111,55,56,26,1,1,1,1,5,3,22.62,75.0,84.0,7.14,75.0,84.0,84004.0,,11.0,7.0,5,1,31,0,3,90,27.0,76.96,3.7466667,27.0,76.522224,11.151111,,1,0,1,0,3,74.07158,8.747369,57.0,74.278946,28.052631,57.0,1,27.0,27.0,7.0,84004.0,7
41197,98,38,60,17,1,1,1,1,3,3,13.41,81.0,82.0,4.88,83.0,82.0,84004.0,,11.0,12.0,5,1,31,0,3,98,26.0,76.35,3.8,26.0,82.08,7.7,1.0,0,0,1,0,3,81.54891,3.5890908,55.0,80.746,10.916364,55.0,0,,,12.0,84004.0,12
41197,98,38,60,17,1,1,1,1,3,3,13.41,81.0,82.0,4.88,83.0,82.0,84004.0,,11.0,12.0,5,3,34,0,3,98,29.0,86.21,3.4,29.0,79.55,13.8,1.0,0,0,1,0,3,81.54891,3.5890908,55.0,80.746,10.916364,55.0,0,,,12.0,84004.0,12
41197,98,38,60,17,1,1,1,1,3,3,13.41,81.0,82.0,4.88,83.0,82.0,84004.0,,11.0,12.0,5,2,33,0,3,98,27.0,85.955925,7.5096297,27.0,81.51741,18.48963,,1,0,1,0,3,81.54891,3.5890908,55.0,80.746,10.916364,55.0,1,27.0,27.0,12.0,84004.0,12
41198,51,23,28,12,1,1,1,1,2,2,17.78,79.0,45.0,0.0,81.0,45.0,84004.0,,11.0,6.0,5,1,25,0,2,51,21.0,80.67,0.0,21.0,81.43,9.5,1.0,0,0,0,0,2,80.71267,0.0,45.0,79.334,17.766666,45.0,0,,,6.0,84004.0,6
41198,51,23,28,12,1,1,1,1,2,2,17.78,79.0,45.0,0.0,81.0,45.0,84004.0,,11.0,6.0,5,2,26,0,2,51,24.0,80.75,0.0,24.0,77.5,25.0,1.0,0,0,0,0,2,80.71267,0.0,45.0,79.334,17.766666,45.0,0,,,6.0,84004.0,6
41199,109,56,53,18,1,1,1,1,3,3,14.56,83.0,103.0,7.69,83.0,104.0,84004.0,,11.0,5.0,5,1,37,0,3,109,33.0,84.76,6.1,33.0,84.58,18.2,1.0,0,0,0,0,3,82.46029,7.706731,104.0,82.74796,14.584466,103.0,0,,,5.0,84004.0,5
41199,109,56,53,18,1,1,1,1,3,3,14.56,83.0,103.0,7.69,83.0,104.0,84004.0,,11.0,5.0,5,2,37,0,3,109,37.0,76.89,10.8,36.0,79.14,13.9,1.0,0,0,0,0,3,82.46029,7.706731,104.0,82.74796,14.584466,103.0,0,,,5.0,84004.0,5
41199,109,56,53,18,1,1,1,1,3,3,14.56,83.0,103.0,7.69,83.0,104.0,84004.0,,11.0,5.0,5,3,35,0,3,109,34.0,86.29,5.9,34.0,84.79,11.8,1.0,0,0,0,0,3,82.46029,7.706731,104.0,82.74796,14.584466,103.0,0,,,5.0,84004.0,5
41202,112,70,42,22,1,1,1,1,3,3,11.34,81.0,97.0,8.33,81.0,96.0,84004.0,,11.0,4.0,5,1,38,0,3,112,33.0,81.48,15.2,33.0,81.45,6.1,1.0,0,0,0,0,3,80.58323,8.341666,96.0,81.18258,11.368041,97.0,0,,,4.0,84004.0,4
41202,112,70,42,22,1,1,1,1,3,3,11.34,81.0,97.0,8.33,81.0,96.0,84004.0,,11.0,4.0,5,2,37,0,3,112,29.0,84.69,3.4,30.0,83.6,6.7,1.0,0,0,0,0,3,80.58323,8.341666,96.0,81.18258,11.368041,97.0,0,,,4.0,84004.0,4
41202,112,70,42,22,1,1,1,1,3,3,11.34,81.0,97.0,8.33,81.0,96.0,84004.0,,11.0,4.0,5,3,37,0,3,112,34.0,76.21,5.9,34.0,78.79,20.6,1.0,0,0,0,0,3,80.58323,8.341666,96.0,81.18258,11.368041,97.0,0,,,4.0,84004.0,4
41203,119,59,60,17,1,1,1,1,3,3,18.27,79.0,104.0,9.62,75.0,104.0,84004.0,,11.0,7.0,5,2,39,0,3,119,33.0,68.7,24.2,32.0,79.09,12.5,1.0,0,0,1,0,3,74.10441,13.236765,68.0,80.22358,14.902985,67.0,0,,,7.0,84004.0,7
41203,119,59,60,17,1,1,1,1,3,3,18.27,79.0,104.0,9.62,75.0,104.0,84004.0,,11.0,7.0,5,3,40,0,3,119,35.0,79.2,2.9,35.0,81.26,17.1,1.0,0,0,1,0,3,74.10441,13.236765,68.0,80.22358,14.902985,67.0,0,,,7.0,84004.0,7
41203,119,59,60,17,1,1,1,1,3,3,18.27,79.0,104.0,9.62,75.0,104.0,84004.0,,11.0,7.0,5,1,40,0,3,119,36.0,76.691666,2.7883334,37.0,76.784325,24.367027,,1,0,1,0,3,74.10441,13.236765,68.0,80.22358,14.902985,67.0,1,37.0,36.0,7.0,84004.0,7
41206,67,38,29,12,2,1,1,2,2,2,25.4,75.0,63.0,25.37,73.0,67.0,84004.0,,12.0,10.0,5,1,34,0,2,67,34.0,75.35,26.5,33.0,74.03,33.3,1.0,0,0,0,0,2,73.41433,25.367165,67.0,75.41095,25.395239,63.0,0,,,10.0,84004.0,10
41206,67,38,29,12,2,1,1,2,2,2,25.4,75.0,63.0,25.37,73.0,67.0,84004.0,,12.0,10.0,5,2,33,0,2,67,33.0,71.42,24.2,30.0,76.93,16.7,1.0,0,0,0,0,2,73.41433,25.367165,67.0,75.41095,25.395239,63.0,0,,,10.0,84004.0,10
41208,92,42,50,16,2,1,1,1,4,3,17.72,82.0,79.0,27.5,73.0,80.0,84004.0,,12.0,7.0,5,1,28,0,3,82,27.0,64.48,51.9,26.0,80.19,30.8,1.0,0,0,0,0,3,72.47513,27.51125,80.0,82.137215,17.729115,79.0,0,,,7.0,84004.0,7
41208,92,42,50,16,2,1,1,1,4,3,17.72,82.0,79.0,27.5,73.0,80.0,84004.0,,12.0,7.0,5,2,26,0,3,82,26.0,78.27,7.7,26.0,83.5,7.7,1.0,0,0,0,0,3,72.47513,27.51125,80.0,82.137215,17.729115,79.0,0,,,7.0,84004.0,7
41208,92,42,50,16,2,1,1,1,4,3,17.72,82.0,79.0,27.5,73.0,80.0,84004.0,,12.0,7.0,5,3,28,0,3,82,27.0,74.89,22.2,27.0,82.7,14.8,1.0,0,0,0,0,3,72.47513,27.51125,80.0,82.137215,17.729115,79.0,0,,,7.0,84004.0,7
41210,80,33,47,18,1,1,1,4,2,2,30.67,70.0,75.0,16.22,69.0,74.0,85001.0,,11.0,19.0,5,2,40,0,2,80,38.0,64.21,26.3,38.0,63.74,44.7,1.0,0,0,1,0,2,64.21,26.3,38.0,63.74,44.7,38.0,0,,,19.0,85001.0,19
41210,80,33,47,18,1,1,1,4,2,2,30.67,70.0,75.0,16.22,69.0,74.0,85001.0,,11.0,19.0,5,1,40,0,2,80,36.0,74.056114,5.58,37.0,76.42919,16.26081,,1,0,1,0,2,64.21,26.3,38.0,63.74,44.7,38.0,1,37.0,36.0,19.0,85001.0,19
41212,96,47,49,27,1,1,1,3,3,3,36.84,69.0,95.0,22.11,67.0,95.0,85001.0,,11.0,12.0,5,1,32,0,3,96,32.0,69.59,28.1,32.0,64.72,40.6,1.0,0,0,1,0,3,67.235,23.45,64.0,68.175,37.5,64.0,0,,,12.0,85001.0,12
41212,96,47,49,27,1,1,1,3,3,3,36.84,69.0,95.0,22.11,67.0,95.0,85001.0,,11.0,12.0,5,3,33,0,3,96,32.0,64.88,18.8,32.0,71.63,34.4,1.0,0,0,1,0,3,67.235,23.45,64.0,68.175,37.5,64.0,0,,,12.0,85001.0,12
41212,96,47,49,27,1,1,1,3,3,3,36.84,69.0,95.0,22.11,67.0,95.0,85001.0,,11.0,12.0,5,2,31,0,3,96,31.0,66.51484,19.343548,31.0,70.703224,35.47742,,1,0,1,0,3,67.235,23.45,64.0,68.175,37.5,64.0,1,31.0,31.0,12.0,85001.0,12
41214,21,11,10,8,2,1,1,7,1,1,58.82,59.0,17.0,47.06,54.0,17.0,85001.0,,12.0,41.0,5,1,21,0,1,21,17.0,53.71,47.1,17.0,59.29,58.8,1.0,0,0,0,0,1,53.71,47.1,17.0,59.29,58.8,17.0,0,,,41.0,85001.0,41
41217,49,26,23,15,2,1,1,6,2,2,35.56,67.0,45.0,35.56,62.0,45.0,85001.0,,12.0,46.0,5,1,23,0,2,49,22.0,60.41,45.5,22.0,62.36,36.4,1.0,0,0,1,0,2,60.41,45.5,22.0,62.36,36.4,22.0,0,,,46.0,85001.0,46
41217,49,26,23,15,2,1,1,6,2,2,35.56,67.0,45.0,35.56,62.0,45.0,85001.0,,12.0,46.0,5,2,26,0,2,49,23.0,63.52087,26.052174,23.0,71.43826,34.756523,,1,0,1,0,2,60.41,45.5,22.0,62.36,36.4,22.0,1,23.0,23.0,46.0,85001.0,46
41218,28,20,8,6,1,1,1,1,1,1,19.23,74.0,26.0,18.52,70.0,27.0,1842.0, ,11.0,2.0,5,1,28,0,1,28,27.0,69.85,18.5,26.0,73.88,19.2,1.0,0,0,0,0,1,69.85,18.5,27.0,73.88,19.2,26.0,0,,,2.0,1842.0,2
41220,125,66,59,21,1,1,1,1,4,3,24.75,79.0,101.0,33.98,66.0,103.0,87007.0,,11.0,3.0,5,1,38,0,3,113,35.0,66.37,25.7,34.0,78.18,29.4,1.0,0,0,1,0,3,65.60944,31.918056,72.0,78.16958,29.556337,71.0,0,,,3.0,87007.0,3
41220,125,66,59,21,1,1,1,1,4,3,24.75,79.0,101.0,33.98,66.0,103.0,87007.0,,11.0,3.0,5,3,40,0,3,113,37.0,64.89,37.8,37.0,78.16,29.7,1.0,0,0,1,0,3,65.60944,31.918056,72.0,78.16958,29.556337,71.0,0,,,3.0,87007.0,3
41220,125,66,59,21,1,1,1,1,4,3,24.75,79.0,101.0,33.98,66.0,103.0,87007.0,,11.0,3.0,5,2,35,0,3,113,31.0,66.9071,38.76903,30.0,80.96533,13.375,,1,0,1,0,3,65.60944,31.918056,72.0,78.16958,29.556337,71.0,1,30.0,31.0,3.0,87007.0,3
41221,155,82,73,29,1,1,1,1,5,4,18.98,81.0,137.0,10.95,77.0,137.0,87007.0,,11.0,5.0,5,1,35,0,4,144,33.0,78.15,6.1,33.0,80.97,18.2,1.0,0,0,1,0,4,77.58706,10.785295,102.0,80.19696,18.640196,102.0,0,,,5.0,87007.0,5
41221,155,82,73,29,1,1,1,1,5,4,18.98,81.0,137.0,10.95,77.0,137.0,87007.0,,11.0,5.0,5,3,37,0,4,144,35.0,76.83,11.4,35.0,77.26,25.7,1.0,0,0,1,0,4,77.58706,10.785295,102.0,80.19696,18.640196,102.0,0,,,5.0,87007.0,5
41221,155,82,73,29,1,1,1,1,5,4,18.98,81.0,137.0,10.95,77.0,137.0,87007.0,,11.0,5.0,5,4,36,0,4,144,34.0,77.82,14.7,34.0,82.47,11.8,1.0,0,0,1,0,4,77.58706,10.785295,102.0,80.19696,18.640196,102.0,0,,,5.0,87007.0,5
41221,155,82,73,29,1,1,1,1,5,4,18.98,81.0,137.0,10.95,77.0,137.0,87007.0,,11.0,5.0,5,2,36,0,4,144,35.0,75.28915,11.43,35.0,83.34029,19.970285,,1,0,1,0,4,77.58706,10.785295,102.0,80.19696,18.640196,102.0,1,35.0,35.0,5.0,87007.0,5
41225,135,73,62,28,2,1,1,1,5,4,13.91,81.0,115.0,10.43,78.0,115.0,87007.0,,12.0,8.0,5,1,32,0,4,124,30.0,80.0,13.3,30.0,79.87,10.0,1.0,0,0,1,0,4,78.76091,10.202272,88.0,81.306816,13.625,88.0,0,,,8.0,87007.0,8
41225,135,73,62,28,2,1,1,1,5,4,13.91,81.0,115.0,10.43,78.0,115.0,87007.0,,12.0,8.0,5,3,31,0,4,124,29.0,81.03,13.8,29.0,83.76,6.9,1.0,0,0,1,0,4,78.76091,10.202272,88.0,81.306816,13.625,88.0,0,,,8.0,87007.0,8
41225,135,73,62,28,2,1,1,1,5,4,13.91,81.0,115.0,10.43,78.0,115.0,87007.0,,12.0,8.0,5,4,29,0,4,124,29.0,75.21,3.4,29.0,80.34,24.1,1.0,0,0,1,0,4,78.76091,10.202272,88.0,81.306816,13.625,88.0,0,,,8.0,87007.0,8
41225,135,73,62,28,2,1,1,1,5,4,13.91,81.0,115.0,10.43,78.0,115.0,87007.0,,12.0,8.0,5,2,32,0,4,124,27.0,75.52,11.172222,27.0,80.0,14.838889,,1,0,1,0,4,78.76091,10.202272,88.0,81.306816,13.625,88.0,1,27.0,27.0,8.0,87007.0,8
41227,36,15,21,9,1,1,1,1,1,1,,,,,,,,,,,5,1,36,0,1,36,35.0,64.09,31.4,35.0,77.66,22.9,1.0,0,1,0,1,1,64.09,31.4,35.0,77.66,22.9,35.0,0,,,2.0,2675.0,2
41232,19,9,10,6,1,1,1,,1,1,5.26,80.0,19.0,26.32,64.0,19.0,2329.0,,11.0,0.0,5,1,19,0,1,19,19.0,64.32,26.3,19.0,79.95,5.3,1.0,0,0,0,0,1,64.32,26.3,19.0,79.95,5.3,19.0,0,,,0.0,2329.0,0
41234,101,56,45,22,1,1,1,2,3,3,21.65,77.0,97.0,30.93,65.0,97.0,1545.0, ,11.0,5.0,5,1,34,0,3,101,33.0,61.45,42.4,33.0,74.58,36.4,1.0,0,0,0,0,3,65.1765,30.909279,97.0,76.96062,21.639175,97.0,0,,,5.0,7674.0,5
41234,101,56,45,22,1,1,1,2,3,3,21.65,77.0,97.0,30.93,65.0,97.0,1545.0, ,11.0,5.0,5,2,32,0,3,101,29.0,62.28,31.0,29.0,78.21,17.2,1.0,0,0,0,0,3,65.1765,30.909279,97.0,76.96062,21.639175,97.0,0,,,5.0,7674.0,5
41234,101,56,45,22,1,1,1,2,3,3,21.65,77.0,97.0,30.93,65.0,97.0,1545.0, ,11.0,5.0,5,3,35,0,3,101,35.0,71.09,20.0,35.0,78.17,11.4,1.0,0,0,0,0,3,65.1765,30.909279,97.0,76.96062,21.639175,97.0,0,,,5.0,7674.0,5
41236,23,9,14,8,2,1,1,4,1,1,57.14,66.0,21.0,61.9,50.0,21.0,1545.0, ,12.0,33.0,5,1,23,0,1,23,21.0,50.0,61.9,21.0,66.0,57.14,,1,0,1,0,1,,,,,,,1,,,33.0,1545.0,33
41237,19,8,11,8,2,2,1,7,1,1,13.33,85.0,15.0,20.0,71.0,15.0,20024.0,,12.0,34.0,5,1,19,0,1,19,15.0,70.87,20.0,15.0,85.13,13.3,1.0,0,0,0,0,1,70.87,20.0,15.0,85.13,13.3,15.0,0,,,34.0,20024.0,34
41274,19,9,10,10,2,1,1,5,1,1,87.5,44.0,16.0,75.0,43.0,16.0,70003.0,,12.0,28.0,5,1,19,0,1,19,16.0,43.56,75.0,16.0,44.19,87.5,1.0,0,0,0,0,1,43.56,75.0,16.0,44.19,87.5,16.0,0,,,28.0,70003.0,28
41275,34,19,15,9,1,1,1,1,1,1,13.79,83.0,29.0,27.59,66.0,29.0,79004.0, ,11.0,4.0,5,1,34,0,1,34,29.0,65.62,27.6,29.0,82.69,13.8,1.0,0,0,0,0,1,65.62,27.6,29.0,82.69,13.8,29.0,0,,,4.0,79004.0,4
41276,92,52,40,18,1,1,1,1,3,3,13.25,83.0,83.0,7.23,83.0,83.0,79004.0, ,11.0,2.0,5,1,29,0,3,92,26.0,83.62,3.8,26.0,79.54,15.4,1.0,0,0,0,0,3,83.12048,7.1975904,83.0,82.650604,13.263855,83.0,0,,,2.0,79004.0,2
41276,92,52,40,18,1,1,1,1,3,3,13.25,83.0,83.0,7.23,83.0,83.0,79004.0, ,11.0,2.0,5,2,32,0,3,92,30.0,89.33,3.3,30.0,86.13,6.7,1.0,0,0,0,0,3,83.12048,7.1975904,83.0,82.650604,13.263855,83.0,0,,,2.0,79004.0,2
41276,92,52,40,18,1,1,1,1,3,3,13.25,83.0,83.0,7.23,83.0,83.0,79004.0, ,11.0,2.0,5,3,31,0,3,92,27.0,75.74,14.8,27.0,81.78,18.5,1.0,0,0,0,0,3,83.12048,7.1975904,83.0,82.650604,13.263855,83.0,0,,,2.0,79004.0,2
41277,80,39,41,13,1,1,1,4,3,2,44.26,65.0,61.0,21.31,60.0,61.0,83006.0, ,11.0,11.0,5,1,32,0,2,65,31.0,59.84,25.8,31.0,63.68,41.9,1.0,0,0,0,0,2,59.903934,21.32459,61.0,65.032455,44.260654,61.0,0,,,11.0,83006.0,11
41277,80,39,41,13,1,1,1,4,3,2,44.26,65.0,61.0,21.31,60.0,61.0,83006.0, ,11.0,11.0,5,2,33,0,2,65,30.0,59.97,16.7,30.0,66.43,46.7,1.0,0,0,0,0,2,59.903934,21.32459,61.0,65.032455,44.260654,61.0,0,,,11.0,83006.0,11
41282,64,32,32,18,1,1,1,3,2,2,47.62,67.0,63.0,37.5,57.0,64.0,70003.0,,11.0,14.0,5,1,30,0,2,64,31.0,59.32,29.0,30.0,65.43,50.0,1.0,0,0,0,0,2,57.278126,37.507812,64.0,66.587616,47.642857,63.0,0,,,14.0,70003.0,14
41282,64,32,32,18,1,1,1,3,2,2,47.62,67.0,63.0,37.5,57.0,64.0,70003.0,,11.0,14.0,5,2,34,0,2,64,33.0,55.36,45.5,33.0,67.64,45.5,1.0,0,0,0,0,2,57.278126,37.507812,64.0,66.587616,47.642857,63.0,0,,,14.0,70003.0,14
41284,109,69,40,20,1,1,1,2,3,3,39.62,69.0,106.0,16.04,67.0,106.0,79004.0, ,11.0,8.0,5,1,36,0,3,109,35.0,69.37,11.4,35.0,72.17,37.1,1.0,0,0,0,0,3,66.50821,16.01415,106.0,69.1317,39.589622,106.0,0,,,8.0,79004.0,8
41284,109,69,40,20,1,1,1,2,3,3,39.62,69.0,106.0,16.04,67.0,106.0,79004.0, ,11.0,8.0,5,2,37,0,3,109,37.0,67.08,13.5,37.0,67.27,37.8,1.0,0,0,0,0,3,66.50821,16.01415,106.0,69.1317,39.589622,106.0,0,,,8.0,79004.0,8
41284,109,69,40,20,1,1,1,2,3,3,39.62,69.0,106.0,16.04,67.0,106.0,79004.0, ,11.0,8.0,5,3,36,0,3,109,34.0,62.94,23.5,34.0,68.03,44.1,1.0,0,0,0,0,3,66.50821,16.01415,106.0,69.1317,39.589622,106.0,0,,,8.0,79004.0,8
41285,74,38,36,19,1,1,1,4,2,2,35.21,61.0,71.0,19.72,60.0,71.0,85001.0,,11.0,21.0,5,1,37,0,2,74,35.0,61.06,11.4,35.0,58.94,40.0,1.0,0,0,0,0,2,60.34,19.715492,71.0,61.505634,35.233803,71.0,0,,,21.0,85001.0,21
41285,74,38,36,19,1,1,1,4,2,2,35.21,61.0,71.0,19.72,60.0,71.0,85001.0,,11.0,21.0,5,2,37,0,2,74,36.0,59.64,27.8,36.0,64.0,30.6,1.0,0,0,0,0,2,60.34,19.715492,71.0,61.505634,35.233803,71.0,0,,,21.0,85001.0,21
41287,111,59,52,25,2,1,1,3,3,3,21.65,78.0,97.0,28.57,69.0,98.0,74005.0,,12.0,18.0,5,1,37,0,3,111,35.0,73.17,25.7,35.0,79.97,20.0,1.0,0,0,1,0,3,73.70538,21.546154,65.0,80.43154,16.907692,65.0,0,,,18.0,74005.0,18
41287,111,59,52,25,2,1,1,3,3,3,21.65,78.0,97.0,28.57,69.0,98.0,74005.0,,12.0,18.0,5,3,37,0,3,111,30.0,74.33,16.7,30.0,80.97,13.3,1.0,0,0,1,0,3,73.70538,21.546154,65.0,80.43154,16.907692,65.0,0,,,18.0,74005.0,18
41287,111,59,52,25,2,1,1,3,3,3,21.65,78.0,97.0,28.57,69.0,98.0,74005.0,,12.0,18.0,5,2,37,0,3,111,33.0,59.73182,42.40485,32.0,73.060936,31.282812,,1,0,1,0,3,73.70538,21.546154,65.0,80.43154,16.907692,65.0,1,32.0,33.0,18.0,74005.0,18
41288,37,0,37,13,2,1,1,1,1,1,35.29,64.0,34.0,41.18,60.0,34.0,6965.0,""" ",12.0,7.0,5,1,37,0,1,37,34.0,60.47,41.2,34.0,63.65,35.3,1.0,0,0,0,0,1,60.47,41.2,34.0,63.65,35.3,34.0,0,,,7.0,6965.0,7
41289,39,25,14,17,2,1,1,7,2,2,64.71,47.0,34.0,73.53,43.0,34.0,70003.0,,12.0,44.0,5,2,14,0,2,39,12.0,37.58,75.0,12.0,46.67,66.7,1.0,0,0,1,0,2,37.58,75.0,12.0,46.67,66.7,12.0,0,,,44.0,70003.0,44
41289,39,25,14,17,2,1,1,7,2,2,64.71,47.0,34.0,73.53,43.0,34.0,70003.0,,12.0,44.0,5,1,25,0,2,39,22.0,45.956364,72.72818,22.0,47.18,63.624546,,1,0,1,0,2,37.58,75.0,12.0,46.67,66.7,12.0,1,22.0,22.0,44.0,70003.0,44
41290,79,48,31,18,1,1,1,1,3,3,11.84,78.0,76.0,15.79,74.0,76.0,79004.0, ,11.0,3.0,5,1,25,0,3,79,25.0,69.96,12.0,25.0,80.04,8.0,1.0,0,0,1,0,3,73.922264,15.1169815,53.0,78.037735,13.230188,53.0,0,,,3.0,79004.0,3
41290,79,48,31,18,1,1,1,1,3,3,11.84,78.0,76.0,15.79,74.0,76.0,79004.0, ,11.0,3.0,5,2,29,0,3,79,28.0,77.46,17.9,28.0,76.25,17.9,1.0,0,0,1,0,3,73.922264,15.1169815,53.0,78.037735,13.230188,53.0,0,,,3.0,79004.0,3
41290,79,48,31,18,1,1,1,1,3,3,11.84,78.0,76.0,15.79,74.0,76.0,79004.0, ,11.0,3.0,5,3,25,0,3,79,23.0,74.17913,17.34087,23.0,77.91304,8.636521,,1,0,1,0,3,73.922264,15.1169815,53.0,78.037735,13.230188,53.0,1,23.0,23.0,3.0,79004.0,3
41293,100,44,56,22,1,1,1,1,3,3,21.95,78.0,82.0,8.33,81.0,84.0,83006.0, ,11.0,2.0,5,1,34,0,3,100,30.0,79.1,13.3,28.0,75.89,21.4,1.0,0,0,0,0,3,81.20214,8.317857,84.0,78.33976,21.926828,82.0,0,,,2.0,83006.0,2
41293,100,44,56,22,1,1,1,1,3,3,21.95,78.0,82.0,8.33,81.0,84.0,83006.0, ,11.0,2.0,5,2,34,0,3,100,27.0,82.93,7.4,27.0,77.59,14.8,1.0,0,0,0,0,3,81.20214,8.317857,84.0,78.33976,21.926828,82.0,0,,,2.0,83006.0,2
41293,100,44,56,22,1,1,1,1,3,3,21.95,78.0,82.0,8.33,81.0,84.0,83006.0, ,11.0,2.0,5,3,32,0,3,100,27.0,81.81,3.7,27.0,81.63,29.6,1.0,0,0,0,0,3,81.20214,8.317857,84.0,78.33976,21.926828,82.0,0,,,2.0,83006.0,2
41294,57,31,26,12,2,1,1,1,2,2,28.89,78.0,45.0,37.78,68.0,45.0,8565.0,,12.0,7.0,5,1,31,0,2,57,24.0,69.08,37.5,24.0,75.96,37.5,1.0,0,0,0,0,2,67.48867,37.78,45.0,78.02267,28.866667,45.0,0,,,7.0,8565.0,7
41294,57,31,26,12,2,1,1,1,2,2,28.89,78.0,45.0,37.78,68.0,45.0,8565.0,,12.0,7.0,5,2,26,0,2,57,21.0,65.67,38.1,21.0,80.38,19.0,1.0,0,0,0,0,2,67.48867,37.78,45.0,78.02267,28.866667,45.0,0,,,7.0,8565.0,7
41296,47,23,24,12,2,1,1,6,2,2,44.19,69.0,43.0,27.91,72.0,43.0,83006.0, ,12.0,33.0,5,1,24,0,2,47,24.0,71.38,25.0,24.0,67.58,50.0,1.0,0,0,1,0,2,71.38,25.0,24.0,67.58,50.0,24.0,0,,,33.0,83006.0,33
41296,47,23,24,12,2,1,1,6,2,2,44.19,69.0,43.0,27.91,72.0,43.0,83006.0, ,12.0,33.0,5,2,23,0,2,47,19.0,72.78316,31.585789,19.0,70.793686,36.85105,,1,0,1,0,2,71.38,25.0,24.0,67.58,50.0,24.0,1,19.0,19.0,33.0,83006.0,33
41298,160,78,82,26,1,1,1,2,4,4,20.67,75.0,150.0,10.53,78.0,152.0,83006.0, ,11.0,8.0,5,1,40,0,4,160,38.0,81.71,5.3,38.0,76.29,26.3,1.0,0,0,1,0,4,77.51372,8.862832,113.0,75.783394,21.401785,112.0,0,,,8.0,83006.0,8
41298,160,78,82,26,1,1,1,2,4,4,20.67,75.0,150.0,10.53,78.0,152.0,83006.0, ,11.0,8.0,5,2,40,0,4,160,39.0,76.77,5.1,38.0,76.18,18.4,1.0,0,0,1,0,4,77.51372,8.862832,113.0,75.783394,21.401785,112.0,0,,,8.0,83006.0,8
41298,160,78,82,26,1,1,1,2,4,4,20.67,75.0,150.0,10.53,78.0,152.0,83006.0, ,11.0,8.0,5,4,40,0,4,160,36.0,73.89,16.7,36.0,74.83,19.4,1.0,0,0,1,0,4,77.51372,8.862832,113.0,75.783394,21.401785,112.0,0,,,8.0,83006.0,8
41298,160,78,82,26,1,1,1,2,4,4,20.67,75.0,150.0,10.53,78.0,152.0,83006.0, ,11.0,8.0,5,3,40,0,4,160,39.0,79.40897,15.360513,38.0,72.691055,18.513159,,1,0,1,0,4,77.51372,8.862832,113.0,75.783394,21.401785,112.0,1,38.0,39.0,8.0,83006.0,8
41303,94,46,48,19,1,1,1,2,3,3,28.57,75.0,77.0,14.29,68.0,77.0,79004.0, ,11.0,14.0,5,1,31,0,3,94,27.0,65.74,18.5,27.0,73.15,33.3,1.0,0,0,1,0,3,67.194115,15.676471,51.0,75.17824,31.370588,51.0,0,,,14.0,79004.0,14
41303,94,46,48,19,1,1,1,2,3,3,28.57,75.0,77.0,14.29,68.0,77.0,79004.0, ,11.0,14.0,5,2,32,0,3,94,24.0,68.83,12.5,24.0,77.46,29.2,1.0,0,0,1,0,3,67.194115,15.676471,51.0,75.17824,31.370588,51.0,0,,,14.0,79004.0,14
41303,94,46,48,19,1,1,1,2,3,3,28.57,75.0,77.0,14.29,68.0,77.0,79004.0, ,11.0,14.0,5,3,31,0,3,94,26.0,69.58077,11.570385,26.0,74.65038,23.076538,,1,0,1,0,3,67.194115,15.676471,51.0,75.17824,31.370588,51.0,1,26.0,26.0,14.0,79004.0,14
41304,41,18,23,10,1,2,1,3,2,2,22.5,75.0,40.0,12.5,69.0,40.0,26401.0, ,11.0,15.0,5,1,21,0,1,21,40.0,69.28,12.5,40.0,75.43,22.5,1.0,0,0,0,0,1,69.28,12.5,40.0,75.43,22.5,40.0,0,,,15.0,26401.0,15
41305,19,10,9,6,2,2,1,8,1,1,22.22,84.0,18.0,0.0,86.0,18.0,26609.0,,12.0,44.0,5,1,19,0,1,19,18.0,85.94,0.0,18.0,84.28,22.2,1.0,0,0,0,0,1,85.94,0.0,18.0,84.28,22.2,18.0,0,,,44.0,26609.0,44
41306,31,17,14,15,1,1,1,5,1,1,44.0,58.0,25.0,36.0,50.0,25.0,85001.0,,11.0,40.0,5,1,31,0,1,31,25.0,50.0,36.0,25.0,58.0,44.0,,1,0,1,0,1,,,,,,,1,,,40.0,85001.0,40
41308,70,34,36,14,1,1,1,2,3,2,22.64,73.0,53.0,25.93,68.0,54.0,87007.0,,11.0,9.0,5,1,26,0,2,53,23.0,69.3,17.4,23.0,77.52,26.1,1.0,0,0,0,0,2,67.67547,26.4,53.0,72.81057,22.64717,53.0,0,,,9.0,87007.0,9
41308,70,34,36,14,1,1,1,2,3,2,22.64,73.0,53.0,25.93,68.0,54.0,87007.0,,11.0,9.0,5,2,27,0,2,53,30.0,66.43,33.3,30.0,69.2,20.0,1.0,0,0,0,0,2,67.67547,26.4,53.0,72.81057,22.64717,53.0,0,,,9.0,87007.0,9
41315,32,16,16,8,2,2,1,8,2,1,47.62,62.0,21.0,33.33,58.0,21.0,10660.0,""" ",12.0,38.0,5,1,20,0,1,20,21.0,57.81,33.3,21.0,62.29,47.6,1.0,0,0,0,0,1,57.81,33.3,21.0,62.29,47.6,21.0,0,,,38.0,10660.0,38
41316,46,25,21,17,1,1,1,4,2,2,54.55,54.0,44.0,32.61,62.0,46.0,70003.0,,11.0,20.0,5,1,23,0,2,46,23.0,67.96,21.7,21.0,53.19,38.1,1.0,0,0,0,0,2,61.98,32.6,46.0,53.953182,54.56591,44.0,0,,,20.0,70003.0,20
41316,46,25,21,17,1,1,1,4,2,2,54.55,54.0,44.0,32.61,62.0,46.0,70003.0,,11.0,20.0,5,2,23,0,2,46,23.0,56.0,43.5,23.0,54.65,69.6,1.0,0,0,0,0,2,61.98,32.6,46.0,53.953182,54.56591,44.0,0,,,20.0,70003.0,20
41319,142,64,78,24,1,1,1,1,4,4,22.66,79.0,128.0,11.72,74.0,128.0,83006.0, ,11.0,3.0,5,1,35,0,4,142,32.0,77.25,6.3,32.0,82.88,3.1,1.0,0,0,0,0,4,74.19578,11.727344,128.0,78.979065,22.650782,128.0,0,,,3.0,83006.0,3
41319,142,64,78,24,1,1,1,1,4,4,22.66,79.0,128.0,11.72,74.0,128.0,83006.0, ,11.0,3.0,5,2,33,0,4,142,27.0,71.26,14.8,27.0,76.37,37.0,1.0,0,0,0,0,4,74.19578,11.727344,128.0,78.979065,22.650782,128.0,0,,,3.0,83006.0,3
41319,142,64,78,24,1,1,1,1,4,4,22.66,79.0,128.0,11.72,74.0,128.0,83006.0, ,11.0,3.0,5,3,37,0,4,142,35.0,80.6,5.7,35.0,80.29,22.9,1.0,0,0,0,0,4,74.19578,11.727344,128.0,78.979065,22.650782,128.0,0,,,3.0,83006.0,3
41319,142,64,78,24,1,1,1,1,4,4,22.66,79.0,128.0,11.72,74.0,128.0,83006.0, ,11.0,3.0,5,4,37,0,4,142,34.0,67.06,20.6,34.0,76.03,29.4,1.0,0,0,0,0,4,74.19578,11.727344,128.0,78.979065,22.650782,128.0,0,,,3.0,83006.0,3
41324,53,24,29,18,1,1,1,6,2,2,60.47,44.0,43.0,50.0,47.0,44.0,85001.0,,11.0,31.0,5,2,27,0,2,53,22.0,47.45,50.0,22.0,46.86,50.0,1.0,0,0,1,0,2,47.45,50.0,22.0,46.86,50.0,22.0,0,,,31.0,85001.0,31
41324,53,24,29,18,1,1,1,6,2,2,60.47,44.0,43.0,50.0,47.0,44.0,85001.0,,11.0,31.0,5,1,26,0,2,53,22.0,46.55,50.0,21.0,41.00381,71.43857,,1,0,1,0,2,47.45,50.0,22.0,46.86,50.0,22.0,1,21.0,22.0,31.0,85001.0,31
41325,99,49,50,27,1,1,1,3,4,3,33.33,67.0,75.0,31.25,65.0,80.0,74005.0,,11.0,17.0,5,1,29,0,3,87,27.0,62.19,29.6,27.0,60.78,48.1,1.0,0,0,1,0,3,65.16818,30.872726,55.0,64.76618,38.172726,55.0,0,,,17.0,74005.0,17
41325,99,49,50,27,1,1,1,3,4,3,33.33,67.0,75.0,31.25,65.0,80.0,74005.0,,11.0,17.0,5,2,29,0,3,87,28.0,68.04,32.1,28.0,68.61,28.6,1.0,0,0,1,0,3,65.16818,30.872726,55.0,64.76618,38.172726,55.0,0,,,17.0,74005.0,17
41325,99,49,50,27,1,1,1,3,4,3,33.33,67.0,75.0,31.25,65.0,80.0,74005.0,,11.0,17.0,5,3,29,0,3,87,25.0,64.63,32.08,20.0,73.143,20.0125,,1,0,1,0,3,65.16818,30.872726,55.0,64.76618,38.172726,55.0,1,20.0,25.0,17.0,74005.0,17
41326,53,29,24,17,2,1,1,6,2,2,55.56,62.0,36.0,21.05,61.0,38.0,74005.0,,12.0,47.0,5,1,27,0,2,53,16.0,64.69,18.8,16.0,66.63,56.3,1.0,0,0,0,0,2,61.210526,21.057896,38.0,62.474445,55.577778,36.0,0,,,47.0,74005.0,47
41326,53,29,24,17,2,1,1,6,2,2,55.56,62.0,36.0,21.05,61.0,38.0,74005.0,,12.0,47.0,5,2,26,0,2,53,22.0,58.68,22.7,20.0,59.15,55.0,1.0,0,0,0,0,2,61.210526,21.057896,38.0,62.474445,55.577778,36.0,0,,,47.0,74005.0,47
41327,55,20,35,18,1,1,1,4,2,2,26.92,70.0,52.0,34.62,63.0,52.0,70003.0,,11.0,16.0,5,2,27,0,2,55,25.0,72.44,20.0,25.0,73.16,20.0,1.0,0,0,1,0,2,72.44,20.0,25.0,73.16,20.0,25.0,0,,,16.0,70003.0,16
41327,55,20,35,18,1,1,1,4,2,2,26.92,70.0,52.0,34.62,63.0,52.0,70003.0,,11.0,16.0,5,1,28,0,2,55,27.0,54.25926,48.157036,27.0,67.07407,33.327408,,1,0,1,0,2,72.44,20.0,25.0,73.16,20.0,25.0,1,27.0,27.0,16.0,70003.0,16
41329,137,80,57,26,1,1,1,1,5,4,8.85,82.0,113.0,8.77,79.0,114.0,83006.0, ,11.0,4.0,5,1,33,0,4,129,29.0,80.21,6.9,28.0,83.64,7.1,1.0,0,0,1,0,4,78.82395,6.956977,86.0,80.84765,11.749412,85.0,0,,,4.0,83006.0,4
41329,137,80,57,26,1,1,1,1,5,4,8.85,82.0,113.0,8.77,79.0,114.0,83006.0, ,11.0,4.0,5,2,32,0,4,129,28.0,74.71,10.7,28.0,77.68,17.9,1.0,0,0,1,0,4,78.82395,6.956977,86.0,80.84765,11.749412,85.0,0,,,4.0,83006.0,4
41329,137,80,57,26,1,1,1,1,5,4,8.85,82.0,113.0,8.77,79.0,114.0,83006.0, ,11.0,4.0,5,4,34,0,4,129,29.0,81.41,3.4,29.0,81.21,10.3,1.0,0,0,1,0,4,78.82395,6.956977,86.0,80.84765,11.749412,85.0,0,,,4.0,83006.0,4
41329,137,80,57,26,1,1,1,1,5,4,8.85,82.0,113.0,8.77,79.0,114.0,83006.0, ,11.0,4.0,5,3,30,0,4,129,28.0,79.54072,14.338572,28.0,85.498215,0.048214287,,1,0,1,0,4,78.82395,6.956977,86.0,80.84765,11.749412,85.0,1,28.0,28.0,4.0,83006.0,4
41330,109,66,43,18,1,1,1,1,3,3,27.62,72.0,105.0,25.71,69.0,105.0,83006.0, ,11.0,8.0,5,1,36,0,3,109,34.0,77.62,11.8,34.0,78.21,23.5,1.0,0,0,1,0,3,71.52944,20.825,72.0,72.48889,29.147223,72.0,0,,,8.0,83006.0,8
41330,109,66,43,18,1,1,1,1,3,3,27.62,72.0,105.0,25.71,69.0,105.0,83006.0, ,11.0,8.0,5,2,38,0,3,109,38.0,66.08,28.9,38.0,67.37,34.2,1.0,0,0,1,0,3,71.52944,20.825,72.0,72.48889,29.147223,72.0,0,,,8.0,83006.0,8
41330,109,66,43,18,1,1,1,1,3,3,27.62,72.0,105.0,25.71,69.0,105.0,83006.0, ,11.0,8.0,5,3,35,0,3,109,33.0,63.481213,36.368183,33.0,70.933334,24.287878,,1,0,1,0,3,71.52944,20.825,72.0,72.48889,29.147223,72.0,1,33.0,33.0,8.0,83006.0,8
41335,81,40,41,17,1,1,1,1,2,2,26.03,80.0,73.0,12.0,73.0,75.0,84004.0,,11.0,3.0,5,1,41,0,2,81,38.0,77.34,13.2,36.0,81.92,27.8,1.0,0,0,0,0,2,72.50533,12.016,75.0,80.054794,26.026028,73.0,0,,,3.0,84004.0,3
41335,81,40,41,17,1,1,1,1,2,2,26.03,80.0,73.0,12.0,73.0,75.0,84004.0,,11.0,3.0,5,2,40,0,2,81,37.0,67.54,10.8,37.0,78.24,24.3,1.0,0,0,0,0,2,72.50533,12.016,75.0,80.054794,26.026028,73.0,0,,,3.0,84004.0,3
41336,21,11,10,8,1,1,1,1,1,1,15.0,81.0,20.0,15.0,75.0,20.0,3319.0, ,11.0,3.0,5,1,21,0,1,21,20.0,75.0,15.0,20.0,81.0,15.0,,1,0,1,0,1,,,,,,,1,,,3.0,3319.0,3
41338,38,38,0,11,2,1,1,8,2,1,84.0,35.0,25.0,88.46,28.0,26.0,6965.0,""" ",12.0,46.0,5,1,26,0,1,26,26.0,27.69,88.5,25.0,34.8,84.0,1.0,0,0,0,0,1,27.69,88.5,26.0,34.8,84.0,25.0,0,,,46.0,6965.0,46
41339,50,26,24,14,2,1,1,2,2,2,18.75,78.0,48.0,22.45,72.0,49.0,83006.0, ,12.0,16.0,5,1,27,0,2,50,26.0,70.92,30.8,26.0,76.38,15.4,1.0,0,0,0,0,2,72.03714,22.444899,49.0,77.93375,18.745832,48.0,0,,,16.0,83006.0,16
41339,50,26,24,14,2,1,1,2,2,2,18.75,78.0,48.0,22.45,72.0,49.0,83006.0, ,12.0,16.0,5,2,23,0,2,50,23.0,73.3,13.0,22.0,79.77,22.7,1.0,0,0,0,0,2,72.03714,22.444899,49.0,77.93375,18.745832,48.0,0,,,16.0,83006.0,16
41340,117,51,66,25,1,1,1,1,4,3,13.68,79.0,95.0,8.42,72.0,95.0,83006.0, ,11.0,4.0,5,1,38,0,3,111,36.0,74.83,8.3,36.0,82.72,8.3,1.0,0,0,0,0,3,72.010315,8.409473,95.0,79.07232,13.66421,95.0,0,,,4.0,83006.0,4
41340,117,51,66,25,1,1,1,1,4,3,13.68,79.0,95.0,8.42,72.0,95.0,83006.0, ,11.0,4.0,5,2,37,0,3,111,29.0,70.9,6.9,29.0,78.55,20.7,1.0,0,0,0,0,3,72.010315,8.409473,95.0,79.07232,13.66421,95.0,0,,,4.0,83006.0,4
41340,117,51,66,25,1,1,1,1,4,3,13.68,79.0,95.0,8.42,72.0,95.0,83006.0, ,11.0,4.0,5,3,36,0,3,111,30.0,69.7,10.0,30.0,75.2,13.3,1.0,0,0,0,0,3,72.010315,8.409473,95.0,79.07232,13.66421,95.0,0,,,4.0,83006.0,4
41342,79,41,38,21,1,1,1,2,2,2,19.74,80.0,76.0,1.3,81.0,77.0,74005.0,,11.0,9.0,5,1,40,0,2,79,39.0,84.38,2.6,38.0,82.45,15.8,1.0,0,0,0,0,2,81.11298,1.3168831,77.0,80.24,19.75,76.0,0,,,9.0,74005.0,9
41342,79,41,38,21,1,1,1,2,2,2,19.74,80.0,76.0,1.3,81.0,77.0,74005.0,,11.0,9.0,5,2,39,0,2,79,38.0,77.76,0.0,38.0,78.03,23.7,1.0,0,0,0,0,2,81.11298,1.3168831,77.0,80.24,19.75,76.0,0,,,9.0,74005.0,9
41343,98,49,49,15,1,1,1,1,3,3,14.46,78.0,83.0,20.48,67.0,83.0,84004.0,,11.0,6.0,5,1,35,0,3,98,29.0,70.1,17.2,29.0,80.28,17.2,1.0,0,0,1,0,3,68.09396,18.830189,53.0,78.41887,16.973585,53.0,0,,,6.0,84004.0,6
41343,98,49,49,15,1,1,1,1,3,3,14.46,78.0,83.0,20.48,67.0,83.0,84004.0,,11.0,6.0,5,3,30,0,3,98,24.0,65.67,20.8,24.0,76.17,16.7,1.0,0,0,1,0,3,68.09396,18.830189,53.0,78.41887,16.973585,53.0,0,,,6.0,84004.0,6
41343,98,49,49,15,1,1,1,1,3,3,14.46,78.0,83.0,20.48,67.0,83.0,84004.0,,11.0,6.0,5,2,33,0,3,98,30.0,65.06734,23.394667,30.0,77.26,10.019333,,1,0,1,0,3,68.09396,18.830189,53.0,78.41887,16.973585,53.0,1,30.0,30.0,6.0,84004.0,6
41344,71,37,34,17,1,1,1,1,2,2,9.86,87.0,71.0,2.82,87.0,71.0,6817.0, ,11.0,0.0,5,1,33,0,2,71,33.0,87.79,3.0,33.0,87.55,12.1,1.0,0,0,0,0,2,87.126335,2.7859154,71.0,86.85958,9.852113,71.0,0,,,0.0,6817.0,0
41344,71,37,34,17,1,1,1,1,2,2,9.86,87.0,71.0,2.82,87.0,71.0,6817.0, ,11.0,0.0,5,2,38,0,2,71,38.0,86.55,2.6,38.0,86.26,7.9,1.0,0,0,0,0,2,87.126335,2.7859154,71.0,86.85958,9.852113,71.0,0,,,0.0,6817.0,0
41345,113,59,54,18,1,1,1,1,3,3,25.23,74.0,107.0,17.76,73.0,107.0,83006.0, ,11.0,4.0,5,1,39,0,3,113,35.0,71.46,22.9,35.0,73.26,31.4,1.0,0,0,0,0,3,72.53206,17.752337,107.0,74.206635,25.228037,107.0,0,,,4.0,83006.0,4
41345,113,59,54,18,1,1,1,1,3,3,25.23,74.0,107.0,17.76,73.0,107.0,83006.0, ,11.0,4.0,5,2,36,0,3,113,35.0,68.31,17.1,35.0,74.23,28.6,1.0,0,0,0,0,3,72.53206,17.752337,107.0,74.206635,25.228037,107.0,0,,,4.0,83006.0,4
41345,113,59,54,18,1,1,1,1,3,3,25.23,74.0,107.0,17.76,73.0,107.0,83006.0, ,11.0,4.0,5,3,38,0,3,113,37.0,77.54,13.5,37.0,75.08,16.2,1.0,0,0,0,0,3,72.53206,17.752337,107.0,74.206635,25.228037,107.0,0,,,4.0,83006.0,4
41346,80,38,42,13,1,1,1,1,2,2,11.25,80.0,80.0,7.5,86.0,80.0,69005.0, ,11.0,5.0,5,2,40,0,2,80,41.0,87.02,4.9,41.0,81.83,4.9,1.0,0,0,1,0,2,87.02,4.9,41.0,81.83,4.9,41.0,0,,,5.0,69005.0,5
41346,80,38,42,13,1,1,1,1,2,2,11.25,80.0,80.0,7.5,86.0,80.0,69005.0, ,11.0,5.0,5,1,40,0,2,80,39.0,84.92769,10.233334,39.0,78.07616,17.92564,,1,0,1,0,2,87.02,4.9,41.0,81.83,4.9,41.0,1,39.0,39.0,5.0,69005.0,5
41347,96,56,40,21,1,1,1,1,3,3,20.21,76.0,94.0,14.89,77.0,94.0,97006.0, ,11.0,5.0,5,1,31,0,3,96,30.0,75.47,13.3,30.0,75.3,13.3,1.0,0,0,1,0,3,74.39129,17.73871,62.0,75.30516,19.338709,62.0,0,,,5.0,97006.0,5
41347,96,56,40,21,1,1,1,1,3,3,20.21,76.0,94.0,14.89,77.0,94.0,97006.0, ,11.0,5.0,5,2,32,0,3,96,32.0,73.38,21.9,32.0,75.31,25.0,1.0,0,0,1,0,3,74.39129,17.73871,62.0,75.30516,19.338709,62.0,0,,,5.0,97006.0,5
41347,96,56,40,21,1,1,1,1,3,3,20.21,76.0,94.0,14.89,77.0,94.0,97006.0, ,11.0,5.0,5,3,33,0,3,96,32.0,82.054375,9.370625,32.0,77.34625,21.898125,,1,0,1,0,3,74.39129,17.73871,62.0,75.30516,19.338709,62.0,1,32.0,32.0,5.0,97006.0,5
41348,172,81,91,38,1,1,1,2,5,5,13.61,84.0,147.0,17.01,69.0,147.0,74005.0,,11.0,8.0,5,1,35,0,5,172,28.0,74.32,17.9,28.0,86.64,3.6,1.0,0,0,1,0,5,69.698166,14.203333,120.0,84.3665,14.1875,120.0,0,,,8.0,74005.0,8
41348,172,81,91,38,1,1,1,2,5,5,13.61,84.0,147.0,17.01,69.0,147.0,74005.0,,11.0,8.0,5,2,35,0,5,172,31.0,66.19,19.4,31.0,80.9,19.4,1.0,0,0,1,0,5,69.698166,14.203333,120.0,84.3665,14.1875,120.0,0,,,8.0,74005.0,8
41348,172,81,91,38,1,1,1,2,5,5,13.61,84.0,147.0,17.01,69.0,147.0,74005.0,,11.0,8.0,5,4,34,0,5,172,29.0,66.17,13.8,29.0,82.0,20.7,1.0,0,0,1,0,5,69.698166,14.203333,120.0,84.3665,14.1875,120.0,0,,,8.0,74005.0,8
41348,172,81,91,38,1,1,1,2,5,5,13.61,84.0,147.0,17.01,69.0,147.0,74005.0,,11.0,8.0,5,5,34,0,5,172,32.0,72.25,6.3,32.0,87.88,12.5,1.0,0,0,1,0,5,69.698166,14.203333,120.0,84.3665,14.1875,120.0,0,,,8.0,74005.0,8
41348,172,81,91,38,1,1,1,2,5,5,13.61,84.0,147.0,17.01,69.0,147.0,74005.0,,11.0,8.0,5,3,34,0,5,172,27.0,65.89703,29.484074,27.0,82.37111,11.043333,,1,0,1,0,5,69.698166,14.203333,120.0,84.3665,14.1875,120.0,1,27.0,27.0,8.0,74005.0,8
41362,62,37,25,15,2,2,1,1,3,2,14.0,83.0,50.0,28.0,70.0,50.0,35576.0,,12.0,4.0,5,1,30,0,2,55,26.0,76.85,19.2,26.0,83.81,11.5,1.0,0,0,0,0,2,70.1012,27.984,50.0,83.1812,13.996,50.0,0,,,4.0,35576.0,4
41362,62,37,25,15,2,2,1,1,3,2,14.0,83.0,50.0,28.0,70.0,50.0,35576.0,,12.0,4.0,5,2,25,0,2,55,24.0,62.79,37.5,24.0,82.5,16.7,1.0,0,0,0,0,2,70.1012,27.984,50.0,83.1812,13.996,50.0,0,,,4.0,35576.0,4
41363,107,48,59,20,1,1,1,2,3,3,14.56,81.0,103.0,21.36,74.0,103.0,83006.0, ,11.0,8.0,5,1,37,0,3,107,36.0,74.31,16.7,36.0,79.72,16.7,1.0,0,0,0,0,3,74.20369,21.371845,103.0,80.660774,14.5572815,103.0,0,,,8.0,83006.0,8
41363,107,48,59,20,1,1,1,2,3,3,14.56,81.0,103.0,21.36,74.0,103.0,83006.0, ,11.0,8.0,5,2,35,0,3,107,32.0,71.31,31.3,32.0,76.47,15.6,1.0,0,0,0,0,3,74.20369,21.371845,103.0,80.660774,14.5572815,103.0,0,,,8.0,83006.0,8
41363,107,48,59,20,1,1,1,2,3,3,14.56,81.0,103.0,21.36,74.0,103.0,83006.0, ,11.0,8.0,5,3,35,0,3,107,35.0,76.74,17.1,35.0,85.46,11.4,1.0,0,0,0,0,3,74.20369,21.371845,103.0,80.660774,14.5572815,103.0,0,,,8.0,83006.0,8
41364,120,78,42,20,1,1,1,1,4,3,21.36,77.0,103.0,15.84,75.0,101.0,83006.0, ,11.0,4.0,5,1,36,0,3,109,31.0,80.23,6.5,33.0,80.33,21.2,1.0,0,0,0,0,3,75.080894,15.832673,101.0,76.8531,21.351456,103.0,0,,,4.0,83006.0,4
41364,120,78,42,20,1,1,1,1,4,3,21.36,77.0,103.0,15.84,75.0,101.0,83006.0, ,11.0,4.0,5,2,36,0,3,109,34.0,78.18,17.6,34.0,74.53,20.6,1.0,0,0,0,0,3,75.080894,15.832673,101.0,76.8531,21.351456,103.0,0,,,4.0,83006.0,4
41364,120,78,42,20,1,1,1,1,4,3,21.36,77.0,103.0,15.84,75.0,101.0,83006.0, ,11.0,4.0,5,3,37,0,3,109,36.0,67.72,22.2,36.0,75.86,22.2,1.0,0,0,0,0,3,75.080894,15.832673,101.0,76.8531,21.351456,103.0,0,,,4.0,83006.0,4
41365,47,27,20,15,1,1,1,4,2,1,31.43,67.0,35.0,5.71,64.0,35.0,70003.0,,11.0,43.0,5,1,36,0,1,36,35.0,64.0,5.71,35.0,67.0,31.43,,1,0,1,0,1,,,,,,,1,,,43.0,70003.0,43
41366,84,35,49,17,1,1,1,2,3,2,19.7,78.0,66.0,24.24,74.0,66.0,72009.0, ,11.0,8.0,5,1,37,0,2,73,32.0,76.41,18.8,32.0,79.5,9.4,1.0,0,0,0,0,2,73.81879,24.260607,66.0,77.54758,19.70303,66.0,0,,,8.0,72009.0,8
41366,84,35,49,17,1,1,1,2,3,2,19.7,78.0,66.0,24.24,74.0,66.0,72009.0, ,11.0,8.0,5,2,36,0,2,73,34.0,71.38,29.4,34.0,75.71,29.4,1.0,0,0,0,0,2,73.81879,24.260607,66.0,77.54758,19.70303,66.0,0,,,8.0,72009.0,8
41367,127,67,60,25,1,1,1,1,4,4,17.86,83.0,112.0,12.5,78.0,112.0,87007.0,,11.0,3.0,5,1,31,0,4,127,28.0,71.18,17.9,28.0,82.43,17.9,1.0,0,0,0,0,4,77.92214,12.521428,112.0,82.87536,17.857143,112.0,0,,,3.0,87007.0,3
41367,127,67,60,25,1,1,1,1,4,4,17.86,83.0,112.0,12.5,78.0,112.0,87007.0,,11.0,3.0,5,2,33,0,4,127,30.0,78.77,6.7,30.0,82.73,20.0,1.0,0,0,0,0,4,77.92214,12.521428,112.0,82.87536,17.857143,112.0,0,,,3.0,87007.0,3
41367,127,67,60,25,1,1,1,1,4,4,17.86,83.0,112.0,12.5,78.0,112.0,87007.0,,11.0,3.0,5,3,29,0,4,127,25.0,80.12,12.0,25.0,82.36,16.0,1.0,0,0,0,0,4,77.92214,12.521428,112.0,82.87536,17.857143,112.0,0,,,3.0,87007.0,3
41367,127,67,60,25,1,1,1,1,4,4,17.86,83.0,112.0,12.5,78.0,112.0,87007.0,,11.0,3.0,5,4,34,0,4,127,29.0,81.66,13.8,29.0,83.9,17.2,1.0,0,0,0,0,4,77.92214,12.521428,112.0,82.87536,17.857143,112.0,0,,,3.0,87007.0,3
41368,84,50,34,19,1,2,1,4,3,2,11.11,76.0,63.0,17.65,72.0,68.0,26609.0,,11.0,16.0,5,1,37,0,2,73,34.0,71.24,20.6,31.0,77.19,3.2,1.0,0,0,0,0,2,72.24,17.65,68.0,76.174126,11.12381,63.0,0,,,16.0,26609.0,16
41368,84,50,34,19,1,2,1,4,3,2,11.11,76.0,63.0,17.65,72.0,68.0,26609.0,,11.0,16.0,5,2,36,0,2,73,34.0,73.24,14.7,32.0,75.19,18.8,1.0,0,0,0,0,2,72.24,17.65,68.0,76.174126,11.12381,63.0,0,,,16.0,26609.0,16
41369,122,54,68,19,2,2,1,1,4,3,10.48,83.0,105.0,13.33,77.0,105.0,35600.0,,12.0,4.0,5,2,31,0,3,95,36.0,73.75,16.7,36.0,80.64,2.8,1.0,0,0,1,0,3,76.499146,17.137142,70.0,83.015144,9.988571,70.0,0,,,4.0,35600.0,4
41369,122,54,68,19,2,2,1,1,4,3,10.48,83.0,105.0,13.33,77.0,105.0,35600.0,,12.0,4.0,5,3,30,0,3,95,34.0,79.41,17.6,34.0,85.53,17.6,1.0,0,0,1,0,3,76.499146,17.137142,70.0,83.015144,9.988571,70.0,0,,,4.0,35600.0,4
41369,122,54,68,19,2,2,1,1,4,3,10.48,83.0,105.0,13.33,77.0,105.0,35600.0,,12.0,4.0,5,1,34,0,3,95,35.0,78.00172,5.7157145,35.0,82.96971,11.462857,,1,0,1,0,3,76.499146,17.137142,70.0,83.015144,9.988571,70.0,1,35.0,35.0,4.0,35600.0,4
41370,30,17,13,6,2,2,1,1,1,1,14.29,83.0,28.0,10.0,76.0,30.0,35717.0, ,12.0,4.0,5,1,30,0,1,30,30.0,75.57,10.0,28.0,83.11,14.3,1.0,0,0,0,0,1,75.57,10.0,30.0,83.11,14.3,28.0,0,,,4.0,35717.0,4
41371,39,16,23,6,1,1,1,,1,1,23.08,80.0,39.0,28.21,73.0,39.0,83006.0, ,11.0,5.0,5,1,39,0,1,39,39.0,73.31,28.2,39.0,79.64,23.1,1.0,0,0,0,0,1,73.31,28.2,39.0,79.64,23.1,39.0,0,,,,,5
41381,66,33,33,17,1,1,1,4,2,2,46.77,63.0,62.0,35.48,60.0,62.0,85001.0,,11.0,30.0,5,1,33,0,2,66,32.0,66.56,21.9,32.0,62.38,43.8,1.0,0,0,0,0,2,60.240646,35.496773,62.0,63.05258,46.8,62.0,0,,,30.0,85001.0,30
41381,66,33,33,17,1,1,1,4,2,2,46.77,63.0,62.0,35.48,60.0,62.0,85001.0,,11.0,30.0,5,2,33,0,2,66,30.0,53.5,50.0,30.0,63.77,50.0,1.0,0,0,0,0,2,60.240646,35.496773,62.0,63.05258,46.8,62.0,0,,,30.0,85001.0,30
41382,121,62,59,18,1,1,1,2,3,3,28.3,74.0,106.0,21.1,69.0,109.0,79004.0, ,11.0,9.0,5,2,40,0,3,121,37.0,68.32,24.3,33.0,72.91,30.3,1.0,0,0,1,0,3,68.37918,21.883562,73.0,73.70826,27.534782,69.0,0,,,9.0,79004.0,9
41382,121,62,59,18,1,1,1,2,3,3,28.3,74.0,106.0,21.1,69.0,109.0,79004.0, ,11.0,9.0,5,3,41,0,3,121,36.0,68.44,19.4,36.0,74.44,25.0,1.0,0,0,1,0,3,68.37918,21.883562,73.0,73.70826,27.534782,69.0,0,,,9.0,79004.0,9
41382,121,62,59,18,1,1,1,2,3,3,28.3,74.0,106.0,21.1,69.0,109.0,79004.0, ,11.0,9.0,5,1,40,0,3,121,36.0,70.25889,19.51111,37.0,74.54405,29.727028,,1,0,1,0,3,68.37918,21.883562,73.0,73.70826,27.534782,69.0,1,37.0,36.0,9.0,79004.0,9
41383,177,89,88,31,1,1,1,1,5,5,19.64,78.0,168.0,11.83,78.0,169.0,83006.0, ,11.0,2.0,5,1,35,0,5,177,33.0,80.45,6.1,33.0,77.39,24.2,1.0,0,0,0,0,5,77.94148,11.83787,169.0,78.33268,19.645834,168.0,0,,,2.0,83006.0,2
41383,177,89,88,31,1,1,1,1,5,5,19.64,78.0,168.0,11.83,78.0,169.0,83006.0, ,11.0,2.0,5,2,36,0,5,177,35.0,81.69,5.7,35.0,80.06,8.6,1.0,0,0,0,0,5,77.94148,11.83787,169.0,78.33268,19.645834,168.0,0,,,2.0,83006.0,2
41383,177,89,88,31,1,1,1,1,5,5,19.64,78.0,168.0,11.83,78.0,169.0,83006.0, ,11.0,2.0,5,3,36,0,5,177,32.0,77.69,9.4,32.0,79.34,15.6,1.0,0,0,0,0,5,77.94148,11.83787,169.0,78.33268,19.645834,168.0,0,,,2.0,83006.0,2
41383,177,89,88,31,1,1,1,1,5,5,19.64,78.0,168.0,11.83,78.0,169.0,83006.0, ,11.0,2.0,5,4,34,0,5,177,33.0,77.55,18.2,33.0,74.73,36.4,1.0,0,0,0,0,5,77.94148,11.83787,169.0,78.33268,19.645834,168.0,0,,,2.0,83006.0,2
41383,177,89,88,31,1,1,1,1,5,5,19.64,78.0,168.0,11.83,78.0,169.0,83006.0, ,11.0,2.0,5,5,36,0,5,177,36.0,72.58,19.4,35.0,79.97,14.3,1.0,0,0,0,0,5,77.94148,11.83787,169.0,78.33268,19.645834,168.0,0,,,2.0,83006.0,2
41384,78,46,32,14,2,2,1,1,2,2,12.7,83.0,63.0,13.85,81.0,65.0,36400.0, ,12.0,5.0,5,1,46,0,2,78,37.0,84.7,10.8,36.0,84.47,11.1,1.0,0,0,0,0,2,80.95231,13.858461,65.0,83.04714,12.685715,63.0,0,,,5.0,36400.0,5
41384,78,46,32,14,2,2,1,1,2,2,12.7,83.0,63.0,13.85,81.0,65.0,36400.0, ,12.0,5.0,5,2,32,0,2,78,28.0,76.0,17.9,27.0,81.15,14.8,1.0,0,0,0,0,2,80.95231,13.858461,65.0,83.04714,12.685715,63.0,0,,,5.0,36400.0,5
41385,160,78,82,26,1,1,1,2,4,4,16.56,78.0,157.0,15.82,73.0,158.0,69005.0, ,11.0,6.0,5,1,40,0,4,160,40.0,75.85,7.5,40.0,75.05,15.0,1.0,0,0,0,0,4,72.86405,15.821519,158.0,77.75121,16.556688,157.0,0,,,6.0,69005.0,6
41385,160,78,82,26,1,1,1,2,4,4,16.56,78.0,157.0,15.82,73.0,158.0,69005.0, ,11.0,6.0,5,2,40,0,4,160,40.0,71.03,15.0,40.0,78.8,12.5,1.0,0,0,0,0,4,72.86405,15.821519,158.0,77.75121,16.556688,157.0,0,,,6.0,69005.0,6
41385,160,78,82,26,1,1,1,2,4,4,16.56,78.0,157.0,15.82,73.0,158.0,69005.0, ,11.0,6.0,5,3,40,0,4,160,41.0,72.15,24.4,40.0,78.6,22.5,1.0,0,0,0,0,4,72.86405,15.821519,158.0,77.75121,16.556688,157.0,0,,,6.0,69005.0,6
41385,160,78,82,26,1,1,1,2,4,4,16.56,78.0,157.0,15.82,73.0,158.0,69005.0, ,11.0,6.0,5,4,40,0,4,160,37.0,72.41,16.2,37.0,78.62,16.2,1.0,0,0,0,0,4,72.86405,15.821519,158.0,77.75121,16.556688,157.0,0,,,6.0,69005.0,6
41390,120,65,55,22,1,1,1,1,4,3,5.62,83.0,89.0,4.44,84.0,90.0,87007.0,,11.0,3.0,5,1,36,0,3,110,32.0,83.03,0.0,32.0,82.69,6.3,1.0,0,0,1,0,3,83.14,1.55,64.0,83.063965,6.3984127,63.0,0,,,3.0,87007.0,3
41390,120,65,55,22,1,1,1,1,4,3,5.62,83.0,89.0,4.44,84.0,90.0,87007.0,,11.0,3.0,5,2,39,0,3,110,32.0,83.25,3.1,31.0,83.45,6.5,1.0,0,0,1,0,3,83.14,1.55,64.0,83.063965,6.3984127,63.0,0,,,3.0,87007.0,3
41390,120,65,55,22,1,1,1,1,4,3,5.62,83.0,89.0,4.44,84.0,90.0,87007.0,,11.0,3.0,5,3,35,0,3,110,26.0,86.11692,11.553846,26.0,82.845,3.7338462,,1,0,1,0,3,83.14,1.55,64.0,83.063965,6.3984127,63.0,1,26.0,26.0,3.0,87007.0,3
41391,113,58,55,22,1,1,1,1,3,3,23.15,77.0,108.0,21.3,71.0,108.0,87007.0,,11.0,5.0,5,1,36,0,3,113,36.0,68.83,33.3,36.0,75.33,30.6,1.0,0,0,1,0,3,69.455,23.6,72.0,75.955,22.25,72.0,0,,,5.0,87007.0,5
41391,113,58,55,22,1,1,1,1,3,3,23.15,77.0,108.0,21.3,71.0,108.0,87007.0,,11.0,5.0,5,2,38,0,3,113,36.0,70.08,13.9,36.0,76.58,13.9,1.0,0,0,1,0,3,69.455,23.6,72.0,75.955,22.25,72.0,0,,,5.0,87007.0,5
41391,113,58,55,22,1,1,1,1,3,3,23.15,77.0,108.0,21.3,71.0,108.0,87007.0,,11.0,5.0,5,3,39,0,3,113,36.0,74.09,16.7,36.0,79.09,24.95,,1,0,1,0,3,69.455,23.6,72.0,75.955,22.25,72.0,1,36.0,36.0,5.0,87007.0,5
41392,56,33,23,18,1,1,1,4,2,2,52.08,63.0,48.0,33.33,60.0,51.0,74005.0,,11.0,25.0,5,1,26,0,2,56,23.0,54.91,43.5,22.0,57.45,50.0,1.0,0,0,0,0,2,60.114704,33.343136,51.0,62.769165,52.058334,48.0,0,,,25.0,74005.0,25
41392,56,33,23,18,1,1,1,4,2,2,52.08,63.0,48.0,33.33,60.0,51.0,74005.0,,11.0,25.0,5,2,30,0,2,56,28.0,64.39,25.0,26.0,67.27,53.8,1.0,0,0,0,0,2,60.114704,33.343136,51.0,62.769165,52.058334,48.0,0,,,25.0,74005.0,25
41394,60,31,29,14,1,1,1,1,2,2,9.09,81.0,55.0,14.55,78.0,55.0,83006.0, ,11.0,3.0,5,2,30,0,2,60,27.0,76.85,22.2,27.0,83.26,14.8,1.0,0,0,1,0,2,76.85,22.2,27.0,83.26,14.8,27.0,0,,,3.0,83006.0,3
41394,60,31,29,14,1,1,1,1,2,2,9.09,81.0,55.0,14.55,78.0,55.0,83006.0, ,11.0,3.0,5,1,30,0,2,60,28.0,79.108925,7.1732144,28.0,78.82072,3.5839286,,1,0,1,0,2,76.85,22.2,27.0,83.26,14.8,27.0,1,28.0,28.0,3.0,83006.0,3
41397,31,13,18,6,1,1,1,,1,1,9.68,84.0,31.0,15.63,82.0,32.0,84004.0,,11.0,0.0,5,1,31,0,1,31,32.0,82.28,15.6,31.0,84.23,9.7,1.0,0,0,0,0,1,82.28,15.6,32.0,84.23,9.7,31.0,0,,,0.0,84004.0,0
41398,35,17,18,9,2,2,1,1,1,1,25.0,75.0,32.0,43.75,60.0,32.0,35790.0, ,12.0,8.0,5,1,35,0,1,35,32.0,59.69,43.8,32.0,74.72,25.0,1.0,0,0,0,0,1,59.69,43.8,32.0,74.72,25.0,32.0,0,,,8.0,35790.0,8
41399,68,32,36,14,2,2,1,5,3,2,17.54,79.0,57.0,12.28,75.0,57.0,26609.0,,12.0,32.0,5,1,30,0,2,58,29.0,74.86,6.9,29.0,79.9,17.2,1.0,0,0,0,0,2,74.663506,12.303509,57.0,79.15825,17.54386,57.0,0,,,32.0,26609.0,32
41399,68,32,36,14,2,2,1,5,3,2,17.54,79.0,57.0,12.28,75.0,57.0,26609.0,,12.0,32.0,5,2,28,0,2,58,28.0,74.46,17.9,28.0,78.39,17.9,1.0,0,0,0,0,2,74.663506,12.303509,57.0,79.15825,17.54386,57.0,0,,,32.0,26609.0,32
41400,94,47,47,19,1,1,1,1,3,3,21.84,77.0,87.0,24.44,69.0,90.0,79004.0, ,11.0,3.0,5,2,30,0,3,94,30.0,64.37,33.3,30.0,71.5,26.7,1.0,0,0,1,0,3,66.54254,23.715254,59.0,74.94842,24.56842,57.0,0,,,3.0,79004.0,3
41400,94,47,47,19,1,1,1,1,3,3,21.84,77.0,87.0,24.44,69.0,90.0,79004.0, ,11.0,3.0,5,3,31,0,3,94,29.0,68.79,13.8,27.0,78.78,22.2,1.0,0,0,1,0,3,66.54254,23.715254,59.0,74.94842,24.56842,57.0,0,,,3.0,79004.0,3
41400,94,47,47,19,1,1,1,1,3,3,21.84,77.0,87.0,24.44,69.0,90.0,79004.0, ,11.0,3.0,5,1,33,0,3,94,31.0,73.67709,25.819355,30.0,80.898,16.656,,1,0,1,0,3,66.54254,23.715254,59.0,74.94842,24.56842,57.0,1,30.0,31.0,3.0,79004.0,3
41402,120,59,61,21,1,1,1,1,4,3,18.75,78.0,112.0,21.43,72.0,112.0,69005.0, ,11.0,4.0,5,2,36,0,3,112,34.0,65.68,32.4,34.0,75.79,29.4,1.0,0,0,1,0,3,68.86919,25.697298,74.0,76.52514,24.318918,74.0,0,,,4.0,69005.0,4
41402,120,59,61,21,1,1,1,1,4,3,18.75,78.0,112.0,21.43,72.0,112.0,69005.0, ,11.0,4.0,5,3,37,0,3,112,40.0,71.58,20.0,40.0,77.15,20.0,1.0,0,0,1,0,3,68.86919,25.697298,74.0,76.52514,24.318918,74.0,0,,,4.0,69005.0,4
41402,120,59,61,21,1,1,1,1,4,3,18.75,78.0,112.0,21.43,72.0,112.0,69005.0, ,11.0,4.0,5,1,39,0,3,112,38.0,78.09684,13.12,38.0,80.87211,7.905263,,1,0,1,0,3,68.86919,25.697298,74.0,76.52514,24.318918,74.0,1,38.0,38.0,4.0,69005.0,4
41403,21,14,7,6,2,1,1,5,1,1,10.0,76.0,20.0,15.0,76.0,20.0,72009.0, ,12.0,14.0,5,1,21,0,1,21,20.0,76.1,15.0,20.0,76.25,10.0,1.0,0,0,0,0,1,76.1,15.0,20.0,76.25,10.0,20.0,0,,,14.0,72009.0,14
41406,85,51,34,23,2,1,1,4,3,2,51.35,60.0,74.0,47.3,55.0,74.0,85001.0,,12.0,26.0,5,1,37,0,2,73,37.0,55.97,40.5,37.0,60.62,45.9,1.0,0,0,0,0,2,54.525,47.3,74.0,59.675,51.35,74.0,0,,,26.0,85001.0,26
41406,85,51,34,23,2,1,1,4,3,2,51.35,60.0,74.0,47.3,55.0,74.0,85001.0,,12.0,26.0,5,2,36,0,2,73,37.0,53.08,54.1,37.0,58.73,56.8,1.0,0,0,0,0,2,54.525,47.3,74.0,59.675,51.35,74.0,0,,,26.0,85001.0,26
41407,153,83,70,20,1,1,1,1,4,4,23.61,78.0,144.0,22.6,70.0,146.0,87007.0,,11.0,1.0,5,1,40,0,4,153,38.0,74.61,18.4,38.0,81.97,15.8,1.0,0,0,1,0,4,69.93865,22.490992,111.0,78.36346,22.738182,110.0,0,,,1.0,87007.0,1
41407,153,83,70,20,1,1,1,1,4,4,23.61,78.0,144.0,22.6,70.0,146.0,87007.0,,11.0,1.0,5,3,36,0,4,153,36.0,68.47,19.4,36.0,79.39,16.7,1.0,0,0,1,0,4,69.93865,22.490992,111.0,78.36346,22.738182,110.0,0,,,1.0,87007.0,1
41407,153,83,70,20,1,1,1,1,4,4,23.61,78.0,144.0,22.6,70.0,146.0,87007.0,,11.0,1.0,5,4,39,0,4,153,37.0,66.57,29.7,36.0,73.53,36.1,1.0,0,0,1,0,4,69.93865,22.490992,111.0,78.36346,22.738182,110.0,0,,,1.0,87007.0,1
41407,153,83,70,20,1,1,1,1,4,4,23.61,78.0,144.0,22.6,70.0,146.0,87007.0,,11.0,1.0,5,2,38,0,4,153,35.0,70.19457,22.945715,34.0,76.82412,26.430588,,1,0,1,0,4,69.93865,22.490992,111.0,78.36346,22.738182,110.0,1,34.0,35.0,1.0,87007.0,1
41408,73,41,32,18,1,1,1,2,2,2,31.15,70.0,61.0,18.03,66.0,61.0,84004.0,,11.0,15.0,5,1,37,0,2,73,29.0,67.21,6.9,29.0,70.62,31.0,1.0,0,0,1,0,2,67.21,6.9,29.0,70.62,31.0,29.0,0,,,15.0,84004.0,15
41408,73,41,32,18,1,1,1,2,2,2,31.15,70.0,61.0,18.03,66.0,61.0,84004.0,,11.0,15.0,5,2,36,0,2,73,32.0,64.903435,28.116562,32.0,69.438126,31.285938,,1,0,1,0,2,67.21,6.9,29.0,70.62,31.0,29.0,1,32.0,32.0,15.0,84004.0,15
41409,117,56,61,17,1,1,1,1,4,3,18.37,82.0,98.0,4.0,83.0,100.0,84004.0,,11.0,2.0,5,1,38,0,3,107,38.0,82.45,7.9,36.0,80.11,19.4,1.0,0,0,0,0,3,82.6517,3.988,100.0,81.74357,18.358164,98.0,0,,,2.0,84004.0,2
41409,117,56,61,17,1,1,1,1,4,3,18.37,82.0,98.0,4.0,83.0,100.0,84004.0,,11.0,2.0,5,2,34,0,3,107,29.0,86.07,3.4,29.0,82.41,27.6,1.0,0,0,0,0,3,82.6517,3.988,100.0,81.74357,18.358164,98.0,0,,,2.0,84004.0,2
41409,117,56,61,17,1,1,1,1,4,3,18.37,82.0,98.0,4.0,83.0,100.0,84004.0,,11.0,2.0,5,3,35,0,3,107,33.0,79.88,0.0,33.0,82.94,9.1,1.0,0,0,0,0,3,82.6517,3.988,100.0,81.74357,18.358164,98.0,0,,,2.0,84004.0,2
41411,29,12,17,8,2,1,1,7,1,1,25.93,76.0,27.0,29.63,63.0,27.0,6049.0, ,12.0,32.0,5,1,29,0,1,29,27.0,62.7,29.6,27.0,75.52,25.9,1.0,0,0,0,0,1,62.7,29.6,27.0,75.52,25.9,27.0,0,,,32.0,6049.0,32
41413,96,50,46,24,1,1,1,2,3,3,28.42,71.0,95.0,20.0,68.0,95.0,70003.0,,11.0,12.0,5,1,32,0,3,96,32.0,67.88,21.9,32.0,65.81,40.6,1.0,0,0,1,0,3,68.705,21.9,64.0,71.22,26.55,64.0,0,,,12.0,70003.0,12
41413,96,50,46,24,1,1,1,2,3,3,28.42,71.0,95.0,20.0,68.0,95.0,70003.0,,11.0,12.0,5,2,33,0,3,96,32.0,69.53,21.9,32.0,76.63,12.5,1.0,0,0,1,0,3,68.705,21.9,64.0,71.22,26.55,64.0,0,,,12.0,70003.0,12
41413,96,50,46,24,1,1,1,2,3,3,28.42,71.0,95.0,20.0,68.0,95.0,70003.0,,11.0,12.0,5,3,31,0,3,96,31.0,66.54452,16.07742,31.0,70.54581,32.280643,,1,0,1,0,3,68.705,21.9,64.0,71.22,26.55,64.0,1,31.0,31.0,12.0,70003.0,12
41415,63,29,34,15,1,1,1,1,2,2,20.0,76.0,60.0,16.39,74.0,61.0,83006.0, ,11.0,4.0,5,1,34,0,2,63,34.0,76.88,14.7,33.0,77.52,18.2,1.0,0,0,0,0,2,74.44115,16.381968,61.0,76.3545,20.0,60.0,0,,,4.0,83006.0,4
41415,63,29,34,15,1,1,1,1,2,2,20.0,76.0,60.0,16.39,74.0,61.0,83006.0, ,11.0,4.0,5,2,29,0,2,63,27.0,71.37,18.5,27.0,74.93,22.2,1.0,0,0,0,0,2,74.44115,16.381968,61.0,76.3545,20.0,60.0,0,,,4.0,83006.0,4
41417,79,42,37,19,2,1,1,3,2,2,14.71,73.0,68.0,33.82,64.0,68.0,74005.0,,12.0,10.0,5,2,40,0,2,79,36.0,60.22,38.9,36.0,68.19,16.7,1.0,0,0,1,0,2,60.22,38.9,36.0,68.19,16.7,36.0,0,,,10.0,74005.0,10
41417,79,42,37,19,2,1,1,3,2,2,14.71,73.0,68.0,33.82,64.0,68.0,74005.0,,12.0,10.0,5,1,39,0,2,79,32.0,68.2525,28.105,32.0,78.41125,12.47125,,1,0,1,0,2,60.22,38.9,36.0,68.19,16.7,36.0,1,32.0,32.0,10.0,74005.0,10
41418,60,30,30,13,2,1,1,1,2,2,10.34,79.0,58.0,8.62,82.0,58.0,84004.0,,12.0,5.0,5,1,30,0,1,30,28.0,76.82,14.3,28.0,82.71,7.1,1.0,0,0,0,0,1,76.82,14.3,28.0,82.71,7.1,28.0,0,,,5.0,84004.0,5
41419,34,20,14,9,1,2,1,1,1,1,30.0,72.0,20.0,52.38,59.0,21.0,36491.0,,11.0,6.0,5,1,34,0,1,34,21.0,58.81,52.4,20.0,71.65,30.0,1.0,0,0,0,0,1,58.81,52.4,21.0,71.65,30.0,20.0,0,,,6.0,36491.0,6
41420,104,54,50,18,1,1,1,1,3,3,26.58,71.0,79.0,20.0,70.0,80.0,74005.0,,11.0,15.0,5,1,35,0,3,104,30.0,68.33,30.0,29.0,72.52,24.1,1.0,0,0,1,0,3,69.758965,22.42069,58.0,70.545265,28.029825,57.0,0,,,15.0,74005.0,15
41420,104,54,50,18,1,1,1,1,3,3,26.58,71.0,79.0,20.0,70.0,80.0,74005.0,,11.0,15.0,5,2,34,0,3,104,28.0,71.29,14.3,28.0,68.5,32.1,1.0,0,0,1,0,3,69.758965,22.42069,58.0,70.545265,28.029825,57.0,0,,,15.0,74005.0,15
41420,104,54,50,18,1,1,1,1,3,3,26.58,71.0,79.0,20.0,70.0,80.0,74005.0,,11.0,15.0,5,3,35,0,3,104,22.0,70.63545,13.618182,22.0,72.178185,22.823637,,1,0,1,0,3,69.758965,22.42069,58.0,70.545265,28.029825,57.0,1,22.0,22.0,15.0,74005.0,15
41421,23,23,0,9,2,1,1,4,1,1,59.09,51.0,22.0,81.82,42.0,22.0,70003.0,,12.0,66.0,5,1,23,0,1,23,22.0,42.32,81.8,22.0,51.23,59.1,1.0,0,0,0,0,1,42.32,81.8,22.0,51.23,59.1,22.0,0,,,66.0,70003.0,66
41423,102,53,49,20,1,1,1,2,3,3,21.74,82.0,92.0,17.39,77.0,92.0,69005.0, ,11.0,7.0,5,1,34,0,3,104,30.0,76.57,26.7,30.0,80.4,16.7,1.0,0,0,1,0,3,78.21656,19.686886,61.0,83.04771,19.69836,61.0,0,,,7.0,69005.0,7
41423,102,53,49,20,1,1,1,2,3,3,21.74,82.0,92.0,17.39,77.0,92.0,69005.0, ,11.0,7.0,5,3,37,0,3,104,31.0,79.81,12.9,31.0,85.61,22.6,1.0,0,0,1,0,3,78.21656,19.686886,61.0,83.04771,19.69836,61.0,0,,,7.0,69005.0,7
41423,102,53,49,20,1,1,1,2,3,3,21.74,82.0,92.0,17.39,77.0,92.0,69005.0, ,11.0,7.0,5,2,33,0,3,104,31.0,74.60613,12.870322,31.0,79.938385,25.75742,,1,0,1,0,3,78.21656,19.686886,61.0,83.04771,19.69836,61.0,1,31.0,31.0,7.0,69005.0,7
41424,55,26,29,12,1,1,1,1,2,2,22.73,75.0,44.0,20.45,68.0,44.0,84004.0,,11.0,7.0,5,1,28,0,2,55,22.0,73.14,13.6,22.0,72.91,31.8,1.0,0,0,0,0,2,67.935,20.45,44.0,75.0,22.7,44.0,0,,,7.0,84004.0,7
41424,55,26,29,12,1,1,1,1,2,2,22.73,75.0,44.0,20.45,68.0,44.0,84004.0,,11.0,7.0,5,2,27,0,2,55,22.0,62.73,27.3,22.0,77.09,13.6,1.0,0,0,0,0,2,67.935,20.45,44.0,75.0,22.7,44.0,0,,,7.0,84004.0,7
41425,116,61,55,20,2,1,1,1,4,3,21.21,75.0,99.0,32.67,67.0,101.0,84004.0,,12.0,6.0,5,1,35,0,3,106,33.0,65.61,36.4,32.0,70.59,15.6,1.0,0,0,0,0,3,67.209305,32.692078,101.0,74.57424,21.19596,99.0,0,,,6.0,84004.0,6
41425,116,61,55,20,2,1,1,1,4,3,21.21,75.0,99.0,32.67,67.0,101.0,84004.0,,12.0,6.0,5,2,36,0,3,106,35.0,70.31,25.7,35.0,76.31,20.0,1.0,0,0,0,0,3,67.209305,32.692078,101.0,74.57424,21.19596,99.0,0,,,6.0,84004.0,6
41425,116,61,55,20,2,1,1,1,4,3,21.21,75.0,99.0,32.67,67.0,101.0,84004.0,,12.0,6.0,5,3,35,0,3,106,33.0,65.52,36.4,32.0,76.66,28.1,1.0,0,0,0,0,3,67.209305,32.692078,101.0,74.57424,21.19596,99.0,0,,,6.0,84004.0,6
41426,105,61,44,19,2,1,1,1,4,3,9.09,83.0,88.0,6.82,79.0,88.0,87007.0,,12.0,5.0,5,1,31,0,3,89,27.0,77.0,11.1,27.0,81.81,11.1,1.0,0,0,0,0,3,78.95307,6.822727,88.0,83.397385,9.106818,88.0,0,,,5.0,87007.0,5
41426,105,61,44,19,2,1,1,1,4,3,9.09,83.0,88.0,6.82,79.0,88.0,87007.0,,12.0,5.0,5,2,27,0,3,89,31.0,77.87,9.7,31.0,84.1,9.7,1.0,0,0,0,0,3,78.95307,6.822727,88.0,83.397385,9.106818,88.0,0,,,5.0,87007.0,5
41426,105,61,44,19,2,1,1,1,4,3,9.09,83.0,88.0,6.82,79.0,88.0,87007.0,,12.0,5.0,5,3,31,0,3,89,30.0,81.83,0.0,30.0,84.1,6.7,1.0,0,0,0,0,3,78.95307,6.822727,88.0,83.397385,9.106818,88.0,0,,,5.0,87007.0,5
41427,51,25,26,13,2,1,1,5,2,2,50.0,62.0,44.0,46.81,55.0,47.0,70003.0,,12.0,25.0,5,1,24,0,2,51,24.0,57.33,41.7,21.0,61.95,61.9,1.0,0,0,1,0,2,57.33,41.7,24.0,61.95,61.9,21.0,0,,,25.0,70003.0,25
41427,51,25,26,13,2,1,1,5,2,2,50.0,62.0,44.0,46.81,55.0,47.0,70003.0,,12.0,25.0,5,2,27,0,2,51,23.0,52.568695,52.142174,23.0,62.04565,39.13478,,1,0,1,0,2,57.33,41.7,24.0,61.95,61.9,21.0,1,23.0,23.0,25.0,70003.0,25
41431,96,58,38,16,1,1,1,0,3,3,17.39,80.0,92.0,18.48,72.0,92.0,37507.0, ,11.0,1.0,5,1,32,0,3,96,31.0,73.65,16.1,31.0,83.48,29.0,1.0,0,0,0,0,3,72.1863,18.473913,92.0,79.62065,17.379349,92.0,0,,,1.0,37507.0,1
41431,96,58,38,16,1,1,1,0,3,3,17.39,80.0,92.0,18.48,72.0,92.0,37507.0, ,11.0,1.0,5,2,33,0,3,96,31.0,78.19,6.5,31.0,78.52,12.9,1.0,0,0,0,0,3,72.1863,18.473913,92.0,79.62065,17.379349,92.0,0,,,1.0,37507.0,1
41431,96,58,38,16,1,1,1,0,3,3,17.39,80.0,92.0,18.48,72.0,92.0,37507.0, ,11.0,1.0,5,3,31,0,3,96,30.0,64.47,33.3,30.0,76.77,10.0,1.0,0,0,0,0,3,72.1863,18.473913,92.0,79.62065,17.379349,92.0,0,,,1.0,37507.0,1
41432,69,36,33,14,1,1,1,3,2,2,17.19,76.0,64.0,20.31,72.0,64.0,69005.0, ,11.0,16.0,5,1,33,0,2,69,30.0,74.67,23.3,30.0,77.37,10.0,1.0,0,0,0,0,2,71.54625,20.271875,64.0,75.54781,17.171875,64.0,0,,,16.0,69005.0,16
41432,69,36,33,14,1,1,1,3,2,2,17.19,76.0,64.0,20.31,72.0,64.0,69005.0, ,11.0,16.0,5,2,36,0,2,69,34.0,68.79,17.6,34.0,73.94,23.5,1.0,0,0,0,0,2,71.54625,20.271875,64.0,75.54781,17.171875,64.0,0,,,16.0,69005.0,16
41433,76,33,43,16,1,1,1,1,2,2,26.15,77.0,65.0,4.76,82.0,63.0,72009.0, ,11.0,3.0,5,1,37,0,2,76,30.0,85.87,3.3,32.0,77.38,25.0,1.0,0,0,0,0,2,82.475716,4.766667,63.0,77.26323,26.167692,65.0,0,,,3.0,72009.0,3
41433,76,33,43,16,1,1,1,1,2,2,26.15,77.0,65.0,4.76,82.0,63.0,72009.0, ,11.0,3.0,5,2,39,0,2,76,33.0,79.39,6.1,33.0,77.15,27.3,1.0,0,0,0,0,2,82.475716,4.766667,63.0,77.26323,26.167692,65.0,0,,,3.0,72009.0,3
41434,116,63,53,18,1,1,1,1,3,3,34.29,71.0,105.0,33.02,59.0,106.0,83006.0, ,11.0,4.0,5,1,39,0,3,116,35.0,59.71,28.6,34.0,73.74,29.4,1.0,0,0,0,0,3,59.301037,33.00189,106.0,70.82981,34.280952,105.0,0,,,4.0,83006.0,4
41434,116,63,53,18,1,1,1,1,3,3,34.29,71.0,105.0,33.02,59.0,106.0,83006.0, ,11.0,4.0,5,2,40,0,3,116,38.0,56.32,44.7,38.0,66.68,39.5,1.0,0,0,0,0,3,59.301037,33.00189,106.0,70.82981,34.280952,105.0,0,,,4.0,83006.0,4
41434,116,63,53,18,1,1,1,1,3,3,34.29,71.0,105.0,33.02,59.0,106.0,83006.0, ,11.0,4.0,5,3,37,0,3,116,33.0,62.3,24.2,33.0,72.61,33.3,1.0,0,0,0,0,3,59.301037,33.00189,106.0,70.82981,34.280952,105.0,0,,,4.0,83006.0,4
41435,111,56,55,19,1,1,1,1,4,3,9.18,81.0,98.0,14.29,76.0,98.0,83006.0, ,11.0,1.0,5,1,31,0,3,99,31.0,79.55,12.9,31.0,79.71,12.9,1.0,0,0,0,0,3,75.797554,14.269388,98.0,81.051834,9.164286,98.0,0,,,1.0,83006.0,1
41435,111,56,55,19,1,1,1,1,4,3,9.18,81.0,98.0,14.29,76.0,98.0,83006.0, ,11.0,1.0,5,2,36,0,3,99,35.0,72.17,17.1,35.0,77.57,11.4,1.0,0,0,0,0,3,75.797554,14.269388,98.0,81.051834,9.164286,98.0,0,,,1.0,83006.0,1
41435,111,56,55,19,1,1,1,1,4,3,9.18,81.0,98.0,14.29,76.0,98.0,83006.0, ,11.0,1.0,5,3,32,0,3,99,32.0,76.13,12.5,32.0,86.16,3.1,1.0,0,0,0,0,3,75.797554,14.269388,98.0,81.051834,9.164286,98.0,0,,,1.0,83006.0,1
41436,120,60,60,24,1,1,1,1,3,3,12.28,78.0,114.0,8.77,75.0,114.0,83006.0, ,11.0,3.0,5,1,39,0,3,120,35.0,79.97,2.9,35.0,80.43,11.4,1.0,0,0,0,0,3,75.30588,8.77807,114.0,77.67553,12.250877,114.0,0,,,3.0,83006.0,3
41436,120,60,60,24,1,1,1,1,3,3,12.28,78.0,114.0,8.77,75.0,114.0,83006.0, ,11.0,3.0,5,2,41,0,3,120,41.0,74.24,12.2,41.0,75.32,14.6,1.0,0,0,0,0,3,75.30588,8.77807,114.0,77.67553,12.250877,114.0,0,,,3.0,83006.0,3
41436,120,60,60,24,1,1,1,1,3,3,12.28,78.0,114.0,8.77,75.0,114.0,83006.0, ,11.0,3.0,5,3,40,0,3,120,38.0,72.16,10.5,38.0,77.68,10.5,1.0,0,0,0,0,3,75.30588,8.77807,114.0,77.67553,12.250877,114.0,0,,,3.0,83006.0,3
41437,61,37,24,18,1,1,1,1,2,2,25.42,78.0,59.0,14.04,74.0,57.0,97006.0, ,11.0,3.0,5,1,31,0,2,61,28.0,74.14,14.3,30.0,77.03,30.0,1.0,0,0,0,0,2,73.926315,14.045614,57.0,78.26865,25.428814,59.0,0,,,3.0,97006.0,3
41437,61,37,24,18,1,1,1,1,2,2,25.42,78.0,59.0,14.04,74.0,57.0,97006.0, ,11.0,3.0,5,2,30,0,2,61,29.0,73.72,13.8,29.0,79.55,20.7,1.0,0,0,0,0,2,73.926315,14.045614,57.0,78.26865,25.428814,59.0,0,,,3.0,97006.0,3
41440,80,48,32,19,1,1,1,0,2,2,19.74,79.0,76.0,26.32,70.0,76.0,37606.0,,11.0,2.0,5,1,40,0,2,80,36.0,65.42,36.1,36.0,77.42,27.8,1.0,0,0,0,0,2,69.52526,26.310526,76.0,78.54105,19.747368,76.0,0,,,2.0,37606.0,2
41440,80,48,32,19,1,1,1,0,2,2,19.74,79.0,76.0,26.32,70.0,76.0,37606.0,,11.0,2.0,5,2,40,0,2,80,40.0,73.22,17.5,40.0,79.55,12.5,1.0,0,0,0,0,2,69.52526,26.310526,76.0,78.54105,19.747368,76.0,0,,,2.0,37606.0,2
41441,86,46,40,21,1,2,1,1,3,2,37.68,73.0,69.0,55.07,64.0,69.0,35709.0,,11.0,1.0,5,1,38,0,2,76,35.0,58.57,60.0,35.0,68.49,37.1,1.0,0,0,0,0,2,63.798115,55.072464,69.0,73.34855,37.64203,69.0,0,,,1.0,35709.0,1
41441,86,46,40,21,1,2,1,1,3,2,37.68,73.0,69.0,55.07,64.0,69.0,35709.0,,11.0,1.0,5,2,38,0,2,76,34.0,69.18,50.0,34.0,78.35,38.2,1.0,0,0,0,0,2,63.798115,55.072464,69.0,73.34855,37.64203,69.0,0,,,1.0,35709.0,1
41442,76,38,38,16,1,1,1,2,3,2,25.53,76.0,47.0,17.65,70.0,51.0,74005.0,,11.0,13.0,5,2,34,0,2,67,26.0,60.92,34.6,26.0,70.58,34.6,1.0,0,0,1,0,2,60.92,34.6,26.0,70.58,34.6,26.0,0,,,13.0,74005.0,13
41442,76,38,38,16,1,1,1,2,3,2,25.53,76.0,47.0,17.65,70.0,51.0,74005.0,,11.0,13.0,5,1,33,0,2,67,25.0,79.4432,0.022,21.0,82.71048,14.300476,,1,0,1,0,2,60.92,34.6,26.0,70.58,34.6,26.0,1,21.0,25.0,13.0,74005.0,13
41443,97,54,43,18,1,1,1,1,3,3,22.99,73.0,87.0,27.27,64.0,88.0,79004.0, ,11.0,5.0,5,1,32,0,3,97,29.0,62.38,17.2,28.0,76.46,17.9,1.0,0,0,1,0,3,61.95,22.4,58.0,73.01562,22.835087,57.0,0,,,5.0,79004.0,5
41443,97,54,43,18,1,1,1,1,3,3,22.99,73.0,87.0,27.27,64.0,88.0,79004.0, ,11.0,5.0,5,2,33,0,3,97,29.0,61.52,27.6,29.0,69.69,27.6,1.0,0,0,1,0,3,61.95,22.4,58.0,73.01562,22.835087,57.0,0,,,5.0,79004.0,5
41443,97,54,43,18,1,1,1,1,3,3,22.99,73.0,87.0,27.27,64.0,88.0,79004.0, ,11.0,5.0,5,3,32,0,3,97,30.0,67.96333,36.685333,30.0,72.97034,23.284334,,1,0,1,0,3,61.95,22.4,58.0,73.01562,22.835087,57.0,1,30.0,30.0,5.0,79004.0,5
41444,65,32,33,17,1,1,1,1,2,2,10.17,80.0,59.0,5.08,81.0,59.0,83006.0, ,11.0,1.0,5,1,34,0,2,65,31.0,82.94,0.0,31.0,84.0,6.5,1.0,0,0,0,0,2,80.49593,5.077966,59.0,79.88068,10.2016945,59.0,0,,,1.0,83006.0,1
41444,65,32,33,17,1,1,1,1,2,2,10.17,80.0,59.0,5.08,81.0,59.0,83006.0, ,11.0,1.0,5,2,31,0,2,65,28.0,77.79,10.7,28.0,75.32,14.3,1.0,0,0,0,0,2,80.49593,5.077966,59.0,79.88068,10.2016945,59.0,0,,,1.0,83006.0,1
41445,208,106,102,24,2,1,1,,6,6,16.0,81.0,200.0,24.38,70.0,201.0,79004.0, ,12.0,13.0,5,1,35,0,6,208,35.0,72.6,22.9,35.0,80.69,20.0,1.0,0,0,1,0,6,70.65406,23.657576,165.0,81.280975,14.039634,164.0,0,,,13.0,79004.0,13
41445,208,106,102,24,2,1,1,,6,6,16.0,81.0,200.0,24.38,70.0,201.0,79004.0, ,12.0,13.0,5,2,35,0,6,208,33.0,75.42,6.1,33.0,80.27,6.1,1.0,0,0,1,0,6,70.65406,23.657576,165.0,81.280975,14.039634,164.0,0,,,13.0,79004.0,13
41445,208,106,102,24,2,1,1,,6,6,16.0,81.0,200.0,24.38,70.0,201.0,79004.0, ,12.0,13.0,5,4,35,0,6,208,32.0,67.41,28.1,31.0,83.71,12.9,1.0,0,0,1,0,6,70.65406,23.657576,165.0,81.280975,14.039634,164.0,0,,,13.0,79004.0,13
41445,208,106,102,24,2,1,1,,6,6,16.0,81.0,200.0,24.38,70.0,201.0,79004.0, ,12.0,13.0,5,5,34,0,6,208,33.0,67.42,30.3,33.0,79.61,6.1,1.0,0,0,1,0,6,70.65406,23.657576,165.0,81.280975,14.039634,164.0,0,,,13.0,79004.0,13
41445,208,106,102,24,2,1,1,,6,6,16.0,81.0,200.0,24.38,70.0,201.0,79004.0, ,12.0,13.0,5,6,33,0,6,208,32.0,70.19,31.3,32.0,82.34,25.0,1.0,0,0,1,0,6,70.65406,23.657576,165.0,81.280975,14.039634,164.0,0,,,13.0,79004.0,13
41445,208,106,102,24,2,1,1,,6,6,16.0,81.0,200.0,24.38,70.0,201.0,79004.0, ,12.0,13.0,5,3,36,0,6,208,36.0,67.00222,27.69111,36.0,79.72,24.930555,,1,0,1,0,6,70.65406,23.657576,165.0,81.280975,14.039634,164.0,1,36.0,36.0,13.0,79004.0,13
41447,32,18,14,6,2,1,1,,1,1,6.25,83.0,32.0,18.75,79.0,32.0,12245.0, ,12.0,0.0,5,1,32,0,1,32,32.0,79.0,18.8,32.0,83.5,6.3,1.0,0,0,0,0,1,79.0,18.8,32.0,83.5,6.3,32.0,0,,,0.0,12245.0,0
41448,73,28,45,18,1,1,1,,3,2,21.15,70.0,52.0,25.0,64.0,52.0,74005.0,,11.0,8.0,5,1,33,0,2,65,24.0,63.96,29.2,24.0,70.63,20.8,1.0,0,0,0,0,2,64.31,25.0,52.0,70.11846,21.123077,52.0,0,,,8.0,74005.0,8
41448,73,28,45,18,1,1,1,,3,2,21.15,70.0,52.0,25.0,64.0,52.0,74005.0,,11.0,8.0,5,2,32,0,2,65,28.0,64.61,21.4,28.0,69.68,21.4,1.0,0,0,0,0,2,64.31,25.0,52.0,70.11846,21.123077,52.0,0,,,8.0,74005.0,8
41449,41,20,21,7,2,1,1,,1,1,20.0,79.0,40.0,7.32,73.0,41.0,69005.0, ,12.0,13.0,5,1,41,0,1,41,41.0,73.27,7.3,40.0,78.72,20.0,1.0,0,0,0,0,1,73.27,7.3,41.0,78.72,20.0,40.0,0,,,13.0,69005.0,13
41450,95,54,41,18,1,1,1,,3,3,5.32,83.0,94.0,3.23,83.0,93.0,12245.0, ,11.0,1.0,5,1,29,0,3,95,28.0,87.64,3.6,29.0,83.38,10.3,1.0,0,0,0,0,3,82.9486,3.2107527,93.0,83.25426,5.3212767,94.0,0,,,1.0,12245.0,1
41450,95,54,41,18,1,1,1,,3,3,5.32,83.0,94.0,3.23,83.0,93.0,12245.0, ,11.0,1.0,5,2,32,0,3,95,31.0,78.94,3.2,31.0,82.9,6.5,1.0,0,0,0,0,3,82.9486,3.2107527,93.0,83.25426,5.3212767,94.0,0,,,1.0,12245.0,1
41450,95,54,41,18,1,1,1,,3,3,5.32,83.0,94.0,3.23,83.0,93.0,12245.0, ,11.0,1.0,5,3,34,0,3,95,34.0,82.74,2.9,34.0,83.47,0.0,1.0,0,0,0,0,3,82.9486,3.2107527,93.0,83.25426,5.3212767,94.0,0,,,1.0,12245.0,1
41452,114,53,61,16,1,1,1,,4,4,,,,,,,,,,,5,2,26,0,4,114,31.0,61.84,29.0,26.0,71.04,26.9,1.0,0,1,1,4,4,62.433,35.52778,90.0,69.24704,30.871605,81.0,0,,,30.0,85001.0,30
41452,114,53,61,16,1,1,1,,4,4,,,,,,,,,,,5,3,27,0,4,114,28.0,67.61,35.7,26.0,74.5,23.1,1.0,0,1,1,4,4,62.433,35.52778,90.0,69.24704,30.871605,81.0,0,,,30.0,85001.0,30
41452,114,53,61,16,1,1,1,,4,4,,,,,,,,,,,5,4,30,0,4,114,31.0,58.35,41.9,29.0,62.93,41.4,1.0,0,1,1,4,4,62.433,35.52778,90.0,69.24704,30.871605,81.0,0,,,30.0,85001.0,30
41452,114,53,61,16,1,1,1,,4,4,,,,,,,,,,,5,1,31,0,4,114,,,,,,,,1,1,1,4,4,62.433,35.52778,90.0,69.24704,30.871605,81.0,1,,,30.0,85001.0,30
41456,38,17,21,11,1,1,1,,1,1,11.43,81.0,35.0,8.33,82.0,36.0,2295.0, ,11.0,6.0,5,1,38,0,1,38,36.0,81.81,8.3,35.0,81.51,11.4,1.0,0,0,0,0,1,81.81,8.3,36.0,81.51,11.4,35.0,0,,,6.0,2295.0,6
41457,70,36,34,13,1,1,1,,2,2,14.93,77.0,67.0,14.93,76.0,67.0,97006.0, ,11.0,7.0,5,1,36,0,2,70,33.0,73.73,12.1,33.0,76.0,15.2,1.0,0,0,0,0,2,75.7497,14.891045,67.0,76.95403,14.946269,67.0,0,,,7.0,97006.0,7
41457,70,36,34,13,1,1,1,,2,2,14.93,77.0,67.0,14.93,76.0,67.0,97006.0, ,11.0,7.0,5,2,34,0,2,70,34.0,77.71,17.6,34.0,77.88,14.7,1.0,0,0,0,0,2,75.7497,14.891045,67.0,76.95403,14.946269,67.0,0,,,7.0,97006.0,7
41458,72,38,34,13,1,1,1,,2,2,27.94,75.0,68.0,54.41,54.0,68.0,35709.0,,11.0,6.0,5,1,36,0,2,72,34.0,52.71,44.1,34.0,72.12,38.2,1.0,0,0,0,0,2,54.0,54.4,68.0,74.665,27.9,68.0,0,,,6.0,35709.0,6
41458,72,38,34,13,1,1,1,,2,2,27.94,75.0,68.0,54.41,54.0,68.0,35709.0,,11.0,6.0,5,2,36,0,2,72,34.0,55.29,64.7,34.0,77.21,17.6,1.0,0,0,0,0,2,54.0,54.4,68.0,74.665,27.9,68.0,0,,,6.0,35709.0,6
41462,20,14,6,6,2,1,1,,1,1,9.52,77.0,21.0,33.33,66.0,21.0,36475.0,,12.0,4.0,5,1,20,0,1,20,21.0,66.33,33.3,21.0,77.48,9.5,1.0,0,0,0,0,1,66.33,33.3,21.0,77.48,9.5,21.0,0,,,4.0,36475.0,4
41468,44,24,20,11,2,1,1,,2,2,23.26,80.0,43.0,6.98,83.0,43.0,83006.0, ,12.0,4.0,5,1,22,0,2,44,21.0,87.67,0.0,21.0,80.57,14.3,1.0,0,0,0,0,2,83.30582,6.9581394,43.0,80.44209,23.253489,43.0,0,,,4.0,83006.0,4
41468,44,24,20,11,2,1,1,,2,2,23.26,80.0,43.0,6.98,83.0,43.0,83006.0, ,12.0,4.0,5,2,22,0,2,44,22.0,79.14,13.6,22.0,80.32,31.8,1.0,0,0,0,0,2,83.30582,6.9581394,43.0,80.44209,23.253489,43.0,0,,,4.0,83006.0,4
51002,170,86,84,18,1,2,1,3,6,5,,,,,,,,,,,5,1,31,0,5,159,31.0,48.65,61.3,31.0,60.65,54.8,1.0,0,1,0,5,5,57.7417,49.676872,147.0,62.50483,42.160545,147.0,0,,,17.0,24000.0,17
51002,170,86,84,18,1,2,1,3,6,5,,,,,,,,,,,5,2,32,0,5,159,30.0,59.27,46.7,30.0,62.47,40.0,1.0,0,1,0,5,5,57.7417,49.676872,147.0,62.50483,42.160545,147.0,0,,,17.0,24000.0,17
51002,170,86,84,18,1,2,1,3,6,5,,,,,,,,,,,5,3,30,0,5,159,26.0,51.73,69.2,26.0,54.96,42.3,1.0,0,1,0,5,5,57.7417,49.676872,147.0,62.50483,42.160545,147.0,0,,,17.0,24000.0,17
51002,170,86,84,18,1,2,1,3,6,5,,,,,,,,,,,5,4,33,0,5,159,30.0,62.83,36.7,30.0,64.63,33.3,1.0,0,1,0,5,5,57.7417,49.676872,147.0,62.50483,42.160545,147.0,0,,,17.0,24000.0,17
51002,170,86,84,18,1,2,1,3,6,5,,,,,,,,,,,5,5,33,0,5,159,30.0,65.73,36.7,30.0,68.87,40.0,1.0,0,1,0,5,5,57.7417,49.676872,147.0,62.50483,42.160545,147.0,0,,,17.0,24000.0,17
51004,61,31,30,13,1,2,1,5,2,2,37.5,62.0,56.0,33.93,59.0,56.0,24000.0, ,11.0,33.0,5,1,31,0,2,61,28.0,60.64,39.3,28.0,65.21,35.7,1.0,0,0,0,0,2,58.925,33.95,56.0,61.57,37.5,56.0,0,,,33.0,24000.0,33
51004,61,31,30,13,1,2,1,5,2,2,37.5,62.0,56.0,33.93,59.0,56.0,24000.0, ,11.0,33.0,5,2,30,0,2,61,28.0,57.21,28.6,28.0,57.93,39.3,1.0,0,0,0,0,2,58.925,33.95,56.0,61.57,37.5,56.0,0,,,33.0,24000.0,33
51005,94,51,43,20,2,2,1,5,3,3,39.33,63.0,89.0,44.94,56.0,89.0,24000.0, ,12.0,31.0,5,2,30,0,3,94,30.0,54.1,36.7,30.0,59.1,53.3,1.0,0,0,1,0,3,58.641693,39.01017,59.0,64.10373,44.059322,59.0,0,,,31.0,24000.0,31
51005,94,51,43,20,2,2,1,5,3,3,39.33,63.0,89.0,44.94,56.0,89.0,24000.0, ,12.0,31.0,5,3,30,0,3,94,29.0,63.34,41.4,29.0,69.28,34.5,1.0,0,0,1,0,3,58.641693,39.01017,59.0,64.10373,44.059322,59.0,0,,,31.0,24000.0,31
51005,94,51,43,20,2,2,1,5,3,3,39.33,63.0,89.0,44.94,56.0,89.0,24000.0, ,12.0,31.0,5,1,34,0,3,94,30.0,50.80467,56.602,30.0,60.829334,30.029,,1,0,1,0,3,58.641693,39.01017,59.0,64.10373,44.059322,59.0,1,30.0,30.0,31.0,24000.0,31
51006,36,20,16,8,2,2,1,5,2,2,59.26,53.0,27.0,57.14,44.0,28.0,24000.0, ,12.0,25.0,5,1,16,0,2,36,16.0,47.94,43.8,15.0,54.07,53.3,1.0,0,0,0,0,2,44.001427,57.17143,28.0,52.705555,59.255554,27.0,0,,,25.0,24000.0,25
51006,36,20,16,8,2,2,1,5,2,2,59.26,53.0,27.0,57.14,44.0,28.0,24000.0, ,12.0,25.0,5,2,20,0,2,36,12.0,38.75,75.0,12.0,51.0,66.7,1.0,0,0,0,0,2,44.001427,57.17143,28.0,52.705555,59.255554,27.0,0,,,25.0,24000.0,25
51007,87,44,43,20,1,1,1,2,3,2,16.67,78.0,72.0,22.22,68.0,72.0,5652.0,,11.0,7.0,5,1,37,0,2,74,35.0,67.6,22.9,35.0,79.34,11.4,1.0,0,0,0,0,2,67.51264,22.231945,72.0,77.597916,16.641666,72.0,0,,,7.0,5652.0,7
51007,87,44,43,20,1,1,1,2,3,2,16.67,78.0,72.0,22.22,68.0,72.0,5652.0,,11.0,7.0,5,2,37,0,2,74,37.0,67.43,21.6,37.0,75.95,21.6,1.0,0,0,0,0,2,67.51264,22.231945,72.0,77.597916,16.641666,72.0,0,,,7.0,5652.0,7
51008,5,4,1,6,2,1,1,5,1,1,33.33,70.0,3.0,33.33,74.0,3.0,5652.0,,12.0,31.0,5,1,5,0,1,5,3.0,74.0,33.3,3.0,69.67,33.3,1.0,0,0,0,0,1,74.0,33.3,3.0,69.67,33.3,3.0,0,,,31.0,5652.0,31
51009,17,6,11,8,1,1,1,1,1,1,37.5,67.0,16.0,62.5,63.0,16.0,61002.0, ,11.0,11.0,5,1,17,0,1,17,16.0,63.0,62.5,16.0,67.0,37.5,,1,0,1,0,1,,,,,,,1,,,11.0,61002.0,11
51010,51,22,29,17,1,1,1,3,2,2,33.33,66.0,48.0,53.19,55.0,47.0,61002.0, ,11.0,27.0,5,1,26,0,2,52,23.0,54.78,52.2,24.0,64.92,29.2,1.0,0,0,0,0,2,54.657448,53.221275,47.0,66.355,33.35,48.0,0,,,27.0,61002.0,27
51010,51,22,29,17,1,1,1,3,2,2,33.33,66.0,48.0,53.19,55.0,47.0,61002.0, ,11.0,27.0,5,2,26,0,2,52,24.0,54.54,54.2,24.0,67.79,37.5,1.0,0,0,0,0,2,54.657448,53.221275,47.0,66.355,33.35,48.0,0,,,27.0,61002.0,27
51011,52,29,23,22,1,1,1,4,2,2,43.14,66.0,51.0,25.0,64.0,52.0,61002.0, ,11.0,18.0,5,2,28,0,2,52,29.0,62.45,27.6,28.0,67.11,32.1,1.0,0,0,1,0,2,62.45,27.6,29.0,67.11,32.1,28.0,0,,,18.0,61002.0,18
51011,52,29,23,22,1,1,1,4,2,2,43.14,66.0,51.0,25.0,64.0,52.0,61002.0, ,11.0,18.0,5,1,24,0,2,52,23.0,65.954346,21.721739,23.0,64.6487,56.58,,1,0,1,0,2,62.45,27.6,29.0,67.11,32.1,28.0,1,23.0,23.0,18.0,61002.0,18
51012,28,14,14,14,1,1,1,1,1,1,23.08,72.0,26.0,37.04,62.0,27.0,61002.0, ,11.0,7.0,5,1,28,0,1,28,27.0,62.07,37.0,26.0,71.5,23.1,1.0,0,0,0,0,1,62.07,37.0,27.0,71.5,23.1,26.0,0,,,7.0,61002.0,7
51014,24,24,0,11,2,1,1,2,1,1,,,,,,,,,,,5,1,24,0,1,24,23.0,51.48,43.5,24.0,68.88,54.2,1.0,0,1,0,1,1,51.48,43.5,23.0,68.88,54.2,24.0,0,,,19.0,61002.0,19
51015,46,26,20,16,2,1,1,5,3,2,60.0,62.0,30.0,33.33,61.0,30.0,61002.0, ,12.0,34.0,5,1,21,0,2,37,17.0,60.76,35.3,17.0,59.59,58.8,1.0,0,0,0,0,2,60.998333,33.35,30.0,62.233334,59.97,30.0,0,,,34.0,61002.0,34
51015,46,26,20,16,2,1,1,5,3,2,60.0,62.0,30.0,33.33,61.0,30.0,61002.0, ,12.0,34.0,5,2,16,0,2,37,13.0,61.31,30.8,13.0,65.69,61.5,1.0,0,0,0,0,2,60.998333,33.35,30.0,62.233334,59.97,30.0,0,,,34.0,61002.0,34
51016,70,0,70,18,2,1,1,2,2,2,12.5,79.0,64.0,35.82,64.0,67.0,61002.0, ,12.0,10.0,5,1,35,0,2,70,34.0,60.79,38.2,33.0,76.64,9.1,1.0,0,0,0,0,2,63.656567,35.786568,67.0,78.877815,12.490625,64.0,0,,,10.0,61002.0,10
51016,70,0,70,18,2,1,1,2,2,2,12.5,79.0,64.0,35.82,64.0,67.0,61002.0, ,12.0,10.0,5,2,35,0,2,70,33.0,66.61,33.3,31.0,81.26,16.1,1.0,0,0,0,0,2,63.656567,35.786568,67.0,78.877815,12.490625,64.0,0,,,10.0,61002.0,10
51018,22,9,13,11,2,1,1,5,1,1,76.19,49.0,21.0,90.48,32.0,21.0,61002.0, ,12.0,52.0,5,1,22,0,1,22,21.0,32.05,90.5,21.0,49.33,76.2,1.0,0,0,0,0,1,32.05,90.5,21.0,49.33,76.2,21.0,0,,,52.0,61002.0,52
51019,55,30,25,14,2,1,1,1,2,2,3.77,83.0,53.0,11.32,80.0,53.0,61002.0, ,12.0,2.0,5,1,25,0,2,55,29.0,85.17,13.8,29.0,84.9,0.0,1.0,0,0,0,0,2,80.07566,11.309434,53.0,82.74,3.7584906,53.0,0,,,2.0,61002.0,2
51019,55,30,25,14,2,1,1,1,2,2,3.77,83.0,53.0,11.32,80.0,53.0,61002.0, ,12.0,2.0,5,2,30,0,2,55,24.0,73.92,8.3,24.0,80.13,8.3,1.0,0,0,0,0,2,80.07566,11.309434,53.0,82.74,3.7584906,53.0,0,,,2.0,61002.0,2
51020,37,22,15,11,2,1,1,5,2,2,57.14,61.0,28.0,44.83,51.0,29.0,61002.0, ,12.0,34.0,5,2,15,0,2,37,9.0,39.89,66.7,9.0,54.67,77.8,1.0,0,0,1,0,2,39.89,66.7,9.0,54.67,77.8,9.0,0,,,34.0,61002.0,34
51020,37,22,15,11,2,1,1,5,2,2,57.14,61.0,28.0,44.83,51.0,29.0,61002.0, ,12.0,34.0,5,1,22,0,2,37,20.0,55.9995,34.9885,19.0,63.99842,47.353683,,1,0,1,0,2,39.89,66.7,9.0,54.67,77.8,9.0,1,19.0,20.0,34.0,61002.0,34
51021,145,76,69,32,1,1,1,2,4,4,20.8,74.0,125.0,20.16,71.0,124.0,62000.0, ,11.0,9.0,5,1,38,0,4,145,34.0,70.32,26.5,35.0,75.57,11.4,1.0,0,0,1,0,4,70.50303,21.246464,99.0,72.95,21.002,100.0,0,,,9.0,62000.0,9
51021,145,76,69,32,1,1,1,2,4,4,20.8,74.0,125.0,20.16,71.0,124.0,62000.0, ,11.0,9.0,5,3,37,0,4,145,33.0,74.36,15.2,33.0,75.33,21.2,1.0,0,0,1,0,4,70.50303,21.246464,99.0,72.95,21.002,100.0,0,,,9.0,62000.0,9
51021,145,76,69,32,1,1,1,2,4,4,20.8,74.0,125.0,20.16,71.0,124.0,62000.0, ,11.0,9.0,5,4,36,0,4,145,32.0,66.72,21.9,32.0,67.63,31.3,1.0,0,0,1,0,4,70.50303,21.246464,99.0,72.95,21.002,100.0,0,,,9.0,62000.0,9
51021,145,76,69,32,1,1,1,2,4,4,20.8,74.0,125.0,20.16,71.0,124.0,62000.0, ,11.0,9.0,5,2,34,0,4,145,25.0,72.968,15.8576,25.0,78.2,19.992,,1,0,1,0,4,70.50303,21.246464,99.0,72.95,21.002,100.0,1,25.0,25.0,9.0,62000.0,9
51022,73,50,23,21,1,1,1,4,4,2,27.27,70.0,33.0,47.37,56.0,38.0,62000.0, ,11.0,34.0,5,1,26,0,2,49,25.0,55.16,48.0,25.0,67.8,28.0,1.0,0,0,0,0,2,51.97778,53.333332,45.0,65.61073,34.165855,41.0,0,,,34.0,62000.0,34
51022,73,50,23,21,1,1,1,4,4,2,27.27,70.0,33.0,47.37,56.0,38.0,62000.0, ,11.0,34.0,5,2,23,0,2,49,20.0,48.0,60.0,16.0,62.19,43.8,1.0,0,0,0,0,2,51.97778,53.333332,45.0,65.61073,34.165855,41.0,0,,,34.0,62000.0,34
51023,111,55,56,24,1,1,1,2,3,3,36.36,70.0,99.0,40.4,57.0,99.0,62000.0, ,11.0,10.0,5,1,36,0,3,111,34.0,54.03,58.8,34.0,68.82,35.3,1.0,0,0,0,0,3,55.810856,43.790478,105.0,68.53058,38.463463,104.0,0,,,10.0,62000.0,10
51023,111,55,56,24,1,1,1,2,3,3,36.36,70.0,99.0,40.4,57.0,99.0,62000.0, ,11.0,10.0,5,2,37,0,3,111,35.0,56.4,40.0,35.0,70.69,37.1,1.0,0,0,0,0,3,55.810856,43.790478,105.0,68.53058,38.463463,104.0,0,,,10.0,62000.0,10
51023,111,55,56,24,1,1,1,2,3,3,36.36,70.0,99.0,40.4,57.0,99.0,62000.0, ,11.0,10.0,5,3,38,0,3,111,36.0,56.92,33.3,35.0,66.09,42.9,1.0,0,0,0,0,3,55.810856,43.790478,105.0,68.53058,38.463463,104.0,0,,,10.0,62000.0,10
51025,115,63,52,30,1,1,1,3,3,3,27.0,71.0,100.0,28.71,63.0,101.0,62000.0, ,11.0,17.0,5,1,38,0,3,115,33.0,61.67,27.3,33.0,71.27,27.3,1.0,0,0,0,0,3,62.6004,29.011,100.0,71.0187,26.998,100.0,0,,,17.0,62000.0,17
51025,115,63,52,30,1,1,1,3,3,3,27.0,71.0,100.0,28.71,63.0,101.0,62000.0, ,11.0,17.0,5,2,39,0,3,115,34.0,64.62,23.5,34.0,71.88,23.5,1.0,0,0,0,0,3,62.6004,29.011,100.0,71.0187,26.998,100.0,0,,,17.0,62000.0,17
51025,115,63,52,30,1,1,1,3,3,3,27.0,71.0,100.0,28.71,63.0,101.0,62000.0, ,11.0,17.0,5,3,38,0,3,115,33.0,61.45,36.4,33.0,69.88,30.3,1.0,0,0,0,0,3,62.6004,29.011,100.0,71.0187,26.998,100.0,0,,,17.0,62000.0,17
51026,51,24,27,19,1,1,1,2,2,2,30.77,68.0,26.0,38.46,58.0,26.0,62000.0, ,11.0,18.0,5,1,26,0,2,51,17.0,56.82,47.1,16.0,68.94,37.5,1.0,0,0,0,0,2,56.451515,39.439392,33.0,65.099335,36.66,30.0,0,,,18.0,62000.0,18
51026,51,24,27,19,1,1,1,2,2,2,30.77,68.0,26.0,38.46,58.0,26.0,62000.0, ,11.0,18.0,5,2,25,0,2,51,16.0,56.06,31.3,14.0,60.71,35.7,1.0,0,0,0,0,2,56.451515,39.439392,33.0,65.099335,36.66,30.0,0,,,18.0,62000.0,18
51027,53,32,21,17,2,1,1,5,2,2,40.0,63.0,50.0,54.0,48.0,50.0,62000.0, ,12.0,42.0,5,1,26,0,2,53,23.0,47.09,78.3,23.0,62.0,52.2,1.0,0,0,0,0,2,48.3212,54.0,50.0,62.702,39.996,50.0,0,,,42.0,62000.0,42
51027,53,32,21,17,2,1,1,5,2,2,40.0,63.0,50.0,54.0,48.0,50.0,62000.0, ,12.0,42.0,5,2,27,0,2,53,27.0,49.37,33.3,27.0,63.3,29.6,1.0,0,0,0,0,2,48.3212,54.0,50.0,62.702,39.996,50.0,0,,,42.0,62000.0,42
51028,57,25,32,20,2,1,1,3,2,2,22.45,72.0,49.0,30.19,59.0,53.0,62000.0, ,12.0,18.0,5,1,29,0,2,57,26.0,54.46,42.3,23.0,69.48,39.1,1.0,0,0,0,0,2,58.642452,30.175472,53.0,72.26572,22.438776,49.0,0,,,18.0,62000.0,18
51028,57,25,32,20,2,1,1,3,2,2,22.45,72.0,49.0,30.19,59.0,53.0,62000.0, ,12.0,18.0,5,2,28,0,2,57,27.0,62.67,18.5,26.0,74.73,7.7,1.0,0,0,0,0,2,58.642452,30.175472,53.0,72.26572,22.438776,49.0,0,,,18.0,62000.0,18
51031,80,40,40,22,1,1,1,1,2,2,10.67,80.0,75.0,9.46,76.0,74.0,63008.0,,11.0,2.0,5,1,40,0,2,80,38.0,75.45,13.2,38.0,79.5,7.9,1.0,0,0,1,0,2,75.45,13.2,38.0,79.5,7.9,38.0,0,,,2.0,63008.0,2
51031,80,40,40,22,1,1,1,1,2,2,10.67,80.0,75.0,9.46,76.0,74.0,63008.0,,11.0,2.0,5,2,40,0,2,80,36.0,76.58056,5.5122223,37.0,80.51351,13.514865,,1,0,1,0,2,75.45,13.2,38.0,79.5,7.9,38.0,1,37.0,36.0,2.0,63008.0,2
51032,76,47,29,20,1,1,1,1,3,2,14.29,82.0,49.0,22.45,64.0,49.0,63008.0,,11.0,2.0,5,1,31,0,2,62,23.0,66.52,26.1,23.0,82.96,4.3,1.0,0,0,0,0,2,64.34449,22.438776,49.0,81.96245,14.27551,49.0,0,,,2.0,63008.0,2
51032,76,47,29,20,1,1,1,1,3,2,14.29,82.0,49.0,22.45,64.0,49.0,63008.0,,11.0,2.0,5,2,31,0,2,62,26.0,62.42,19.2,26.0,81.08,23.1,1.0,0,0,0,0,2,64.34449,22.438776,49.0,81.96245,14.27551,49.0,0,,,2.0,63008.0,2
51033,53,31,22,20,1,1,1,1,2,2,14.29,80.0,49.0,8.16,77.0,49.0,63008.0,,11.0,3.0,5,2,26,0,2,53,24.0,71.63,4.2,24.0,75.71,25.0,1.0,0,0,1,0,2,71.63,4.2,24.0,75.71,25.0,24.0,0,,,3.0,63008.0,3
51033,53,31,22,20,1,1,1,1,2,2,14.29,80.0,49.0,8.16,77.0,49.0,63008.0,,11.0,3.0,5,1,27,0,2,53,25.0,82.1552,11.9616,25.0,84.1184,4.0084,,1,0,1,0,2,71.63,4.2,24.0,75.71,25.0,24.0,1,25.0,25.0,3.0,63008.0,3
51034,47,22,25,17,1,1,1,1,2,2,4.76,83.0,42.0,9.3,75.0,43.0,63008.0,,11.0,3.0,5,1,22,0,2,47,20.0,72.65,10.0,20.0,83.65,10.0,1.0,0,0,0,0,2,74.53279,9.304651,43.0,83.23619,4.7619047,42.0,0,,,3.0,63008.0,3
51034,47,22,25,17,1,1,1,1,2,2,4.76,83.0,42.0,9.3,75.0,43.0,63008.0,,11.0,3.0,5,2,25,0,2,47,23.0,76.17,8.7,22.0,82.86,0.0,1.0,0,0,0,0,2,74.53279,9.304651,43.0,83.23619,4.7619047,42.0,0,,,3.0,63008.0,3
51035,65,32,33,17,1,1,1,1,2,2,28.57,77.0,63.0,22.73,72.0,66.0,63008.0,,11.0,2.0,5,1,33,0,2,68,32.0,71.5,28.1,32.0,74.63,34.4,1.0,0,0,0,0,2,71.83485,22.690908,66.0,76.87381,28.59365,63.0,0,,,2.0,63008.0,2
51035,65,32,33,17,1,1,1,1,2,2,28.57,77.0,63.0,22.73,72.0,66.0,63008.0,,11.0,2.0,5,2,35,0,2,68,34.0,72.15,17.6,31.0,79.19,22.6,1.0,0,0,0,0,2,71.83485,22.690908,66.0,76.87381,28.59365,63.0,0,,,2.0,63008.0,2
51036,49,22,27,14,2,1,1,1,2,2,10.42,81.0,48.0,12.5,79.0,48.0,63008.0,,12.0,4.0,5,1,22,0,2,49,22.0,82.32,9.1,22.0,83.36,0.0,1.0,0,0,0,0,2,78.94,12.5125,48.0,80.97667,10.4,48.0,0,,,4.0,63008.0,4
51036,49,22,27,14,2,1,1,1,2,2,10.42,81.0,48.0,12.5,79.0,48.0,63008.0,,12.0,4.0,5,2,27,0,2,49,26.0,76.08,15.4,26.0,78.96,19.2,1.0,0,0,0,0,2,78.94,12.5125,48.0,80.97667,10.4,48.0,0,,,4.0,63008.0,4
51038,70,37,33,16,1,1,1,1,2,2,16.92,82.0,65.0,12.12,71.0,66.0,64006.0,,11.0,3.0,5,1,35,0,2,70,31.0,72.13,12.9,31.0,80.74,19.4,1.0,0,0,0,0,2,71.392876,12.104546,66.0,81.85938,16.941538,65.0,0,,,3.0,64006.0,3
51038,70,37,33,16,1,1,1,1,2,2,16.92,82.0,65.0,12.12,71.0,66.0,64006.0,,11.0,3.0,5,2,35,0,2,70,35.0,70.74,11.4,34.0,82.88,14.7,1.0,0,0,0,0,2,71.392876,12.104546,66.0,81.85938,16.941538,65.0,0,,,3.0,64006.0,3
51039,114,52,62,18,1,1,1,1,3,3,15.24,81.0,105.0,8.49,77.0,106.0,64006.0,,11.0,6.0,5,2,38,0,3,114,34.0,81.06,8.8,33.0,84.15,15.2,1.0,0,0,1,0,3,77.360275,11.122222,72.0,81.73084,18.357746,71.0,0,,,6.0,64006.0,6
51039,114,52,62,18,1,1,1,1,3,3,15.24,81.0,105.0,8.49,77.0,106.0,64006.0,,11.0,6.0,5,3,39,0,3,114,38.0,74.05,13.2,38.0,79.63,21.1,1.0,0,0,1,0,3,77.360275,11.122222,72.0,81.73084,18.357746,71.0,0,,,6.0,64006.0,6
51039,114,52,62,18,1,1,1,1,3,3,15.24,81.0,105.0,8.49,77.0,106.0,64006.0,,11.0,6.0,5,1,37,0,3,114,34.0,76.23706,2.9158823,34.0,79.47382,8.729412,,1,0,1,0,3,77.360275,11.122222,72.0,81.73084,18.357746,71.0,1,34.0,34.0,6.0,64006.0,6
51040,61,32,29,12,1,1,1,4,2,2,27.59,75.0,58.0,37.93,62.0,58.0,64006.0,,11.0,11.0,5,1,33,0,2,61,31.0,64.13,38.7,31.0,75.45,41.9,1.0,0,0,0,0,2,62.398277,37.90862,58.0,75.1381,27.562069,58.0,0,,,11.0,64006.0,11
51040,61,32,29,12,1,1,1,4,2,2,27.59,75.0,58.0,37.93,62.0,58.0,64006.0,,11.0,11.0,5,2,28,0,2,61,27.0,60.41,37.0,27.0,74.78,11.1,1.0,0,0,0,0,2,62.398277,37.90862,58.0,75.1381,27.562069,58.0,0,,,11.0,64006.0,11
51041,129,67,62,26,1,1,1,1,4,4,15.53,79.0,103.0,20.95,70.0,105.0,64006.0,,11.0,7.0,5,1,31,0,4,129,27.0,77.26,11.1,26.0,81.19,26.9,1.0,0,0,0,0,4,68.334595,24.31081,111.0,76.84404,20.181652,109.0,0,,,7.0,64006.0,7
51041,129,67,62,26,1,1,1,1,4,4,15.53,79.0,103.0,20.95,70.0,105.0,64006.0,,11.0,7.0,5,2,32,0,4,129,30.0,69.97,23.3,29.0,78.24,6.9,1.0,0,0,0,0,4,68.334595,24.31081,111.0,76.84404,20.181652,109.0,0,,,7.0,64006.0,7
51041,129,67,62,26,1,1,1,1,4,4,15.53,79.0,103.0,20.95,70.0,105.0,64006.0,,11.0,7.0,5,3,32,0,4,129,24.0,62.38,29.2,23.0,76.39,13.0,1.0,0,0,0,0,4,68.334595,24.31081,111.0,76.84404,20.181652,109.0,0,,,7.0,64006.0,7
51041,129,67,62,26,1,1,1,1,4,4,15.53,79.0,103.0,20.95,70.0,105.0,64006.0,,11.0,7.0,5,4,34,0,4,129,30.0,63.43,33.3,31.0,72.23,32.3,1.0,0,0,0,0,4,68.334595,24.31081,111.0,76.84404,20.181652,109.0,0,,,7.0,64006.0,7
51042,118,58,60,20,1,1,1,2,4,4,11.93,82.0,109.0,10.91,76.0,110.0,64006.0,,11.0,15.0,5,1,32,0,4,123,28.0,82.21,10.7,28.0,85.89,3.6,1.0,0,0,0,0,4,75.95491,10.905455,110.0,81.77908,11.947706,109.0,0,,,15.0,64006.0,15
51042,118,58,60,20,1,1,1,2,4,4,11.93,82.0,109.0,10.91,76.0,110.0,64006.0,,11.0,15.0,5,2,33,0,4,123,32.0,74.13,0.0,31.0,83.0,6.5,1.0,0,0,0,0,4,75.95491,10.905455,110.0,81.77908,11.947706,109.0,0,,,15.0,64006.0,15
51042,118,58,60,20,1,1,1,2,4,4,11.93,82.0,109.0,10.91,76.0,110.0,64006.0,,11.0,15.0,5,3,30,0,4,123,25.0,79.8,8.0,25.0,81.24,12.0,1.0,0,0,0,0,4,75.95491,10.905455,110.0,81.77908,11.947706,109.0,0,,,15.0,64006.0,15
51042,118,58,60,20,1,1,1,2,4,4,11.93,82.0,109.0,10.91,76.0,110.0,64006.0,,11.0,15.0,5,4,28,0,4,123,25.0,67.44,28.0,25.0,76.2,28.0,1.0,0,0,0,0,4,75.95491,10.905455,110.0,81.77908,11.947706,109.0,0,,,15.0,64006.0,15
51043,96,47,49,21,1,1,1,1,3,3,9.41,85.0,85.0,9.41,83.0,85.0,64006.0,,11.0,6.0,5,1,32,0,3,96,28.0,83.54,10.7,28.0,88.57,7.1,1.0,0,0,0,0,3,83.00024,9.395294,85.0,85.20106,9.385882,85.0,0,,,6.0,64006.0,6
51043,96,47,49,21,1,1,1,1,3,3,9.41,85.0,85.0,9.41,83.0,85.0,64006.0,,11.0,6.0,5,2,32,0,3,96,28.0,78.96,14.3,28.0,84.93,7.1,1.0,0,0,0,0,3,83.00024,9.395294,85.0,85.20106,9.385882,85.0,0,,,6.0,64006.0,6
51043,96,47,49,21,1,1,1,1,3,3,9.41,85.0,85.0,9.41,83.0,85.0,64006.0,,11.0,6.0,5,3,32,0,3,96,29.0,86.38,3.4,29.0,82.21,13.8,1.0,0,0,0,0,3,83.00024,9.395294,85.0,85.20106,9.385882,85.0,0,,,6.0,64006.0,6
51044,61,26,35,12,1,1,1,4,2,2,15.56,67.0,45.0,10.87,65.0,46.0,64006.0,,11.0,18.0,5,1,28,0,2,61,22.0,62.82,13.6,22.0,66.41,18.2,1.0,0,0,0,0,2,65.152176,10.834783,46.0,67.17667,15.542222,45.0,0,,,18.0,64006.0,18
51044,61,26,35,12,1,1,1,4,2,2,15.56,67.0,45.0,10.87,65.0,46.0,64006.0,,11.0,18.0,5,2,33,0,2,61,24.0,67.29,8.3,23.0,67.91,13.0,1.0,0,0,0,0,2,65.152176,10.834783,46.0,67.17667,15.542222,45.0,0,,,18.0,64006.0,18
51045,51,31,20,12,2,1,1,3,2,2,20.0,75.0,50.0,39.22,64.0,51.0,64006.0,,12.0,10.0,5,1,24,0,2,51,25.0,59.28,40.0,24.0,70.25,16.7,1.0,0,0,0,0,2,63.608234,39.235294,51.0,75.4812,20.028,50.0,0,,,10.0,64006.0,10
51045,51,31,20,12,2,1,1,3,2,2,20.0,75.0,50.0,39.22,64.0,51.0,64006.0,,12.0,10.0,5,2,27,0,2,51,26.0,67.77,38.5,26.0,80.31,23.1,1.0,0,0,0,0,2,63.608234,39.235294,51.0,75.4812,20.028,50.0,0,,,10.0,64006.0,10
51046,40,14,26,11,2,1,1,5,2,2,37.5,66.0,40.0,40.0,59.0,40.0,64006.0,,12.0,30.0,5,1,20,0,2,40,20.0,58.15,50.0,20.0,66.6,35.0,1.0,0,0,0,0,2,59.425,40.0,40.0,65.825,37.5,40.0,0,,,30.0,64006.0,30
51046,40,14,26,11,2,1,1,5,2,2,37.5,66.0,40.0,40.0,59.0,40.0,64006.0,,12.0,30.0,5,2,20,0,2,40,20.0,60.7,30.0,20.0,65.05,40.0,1.0,0,0,0,0,2,59.425,40.0,40.0,65.825,37.5,40.0,0,,,30.0,64006.0,30
51048,130,73,57,28,1,1,1,1,4,4,21.85,74.0,119.0,26.83,65.0,123.0,66001.0,,11.0,6.0,5,2,31,0,4,130,30.0,66.8,16.7,30.0,71.3,20.0,1.0,0,0,1,0,4,64.186264,23.069231,91.0,73.78345,19.531034,87.0,0,,,6.0,66001.0,6
51048,130,73,57,28,1,1,1,1,4,4,21.85,74.0,119.0,26.83,65.0,123.0,66001.0,,11.0,6.0,5,3,34,0,4,130,32.0,69.78,15.6,32.0,78.38,15.6,1.0,0,0,1,0,4,64.186264,23.069231,91.0,73.78345,19.531034,87.0,0,,,6.0,66001.0,6
51048,130,73,57,28,1,1,1,1,4,4,21.85,74.0,119.0,26.83,65.0,123.0,66001.0,,11.0,6.0,5,4,30,0,4,130,29.0,55.31,37.9,25.0,70.88,24.0,1.0,0,0,1,0,4,64.186264,23.069231,91.0,73.78345,19.531034,87.0,0,,,6.0,66001.0,6
51048,130,73,57,28,1,1,1,1,4,4,21.85,74.0,119.0,26.83,65.0,123.0,66001.0,,11.0,6.0,5,1,35,0,4,130,32.0,67.314064,37.52469,32.0,74.58875,28.154688,,1,0,1,0,4,64.186264,23.069231,91.0,73.78345,19.531034,87.0,1,32.0,32.0,6.0,66001.0,6
51049,34,21,13,10,1,1,1,4,1,1,27.59,70.0,29.0,20.69,70.0,29.0,66001.0,,11.0,20.0,5,1,34,0,1,34,31.0,69.65,22.6,31.0,68.03,32.3,1.0,0,0,0,0,1,69.65,22.6,31.0,68.03,32.3,31.0,0,,,20.0,66001.0,20
51050,96,60,36,24,1,1,1,2,3,3,29.76,79.0,84.0,22.62,73.0,84.0,66001.0,,11.0,12.0,5,1,34,0,3,96,35.0,55.26,42.9,35.0,66.11,51.4,1.0,0,0,0,0,3,69.20495,30.115053,93.0,75.89924,33.676086,92.0,0,,,12.0,66001.0,12
51050,96,60,36,24,1,1,1,2,3,3,29.76,79.0,84.0,22.62,73.0,84.0,66001.0,,11.0,12.0,5,2,31,0,3,96,29.0,62.9,44.8,28.0,71.75,46.4,1.0,0,0,0,0,3,69.20495,30.115053,93.0,75.89924,33.676086,92.0,0,,,12.0,66001.0,12
51050,96,60,36,24,1,1,1,2,3,3,29.76,79.0,84.0,22.62,73.0,84.0,66001.0,,11.0,12.0,5,3,31,0,3,96,29.0,92.34,0.0,29.0,91.72,0.0,1.0,0,0,0,0,3,69.20495,30.115053,93.0,75.89924,33.676086,92.0,0,,,12.0,66001.0,12
51051,50,30,20,16,1,1,1,2,2,2,32.65,71.0,49.0,30.61,70.0,49.0,66001.0,,11.0,8.0,5,2,25,0,2,50,25.0,77.8,20.0,25.0,77.04,16.0,1.0,0,0,1,0,2,77.8,20.0,25.0,77.04,16.0,25.0,0,,,8.0,66001.0,8
51051,50,30,20,16,1,1,1,2,2,2,32.65,71.0,49.0,30.61,70.0,49.0,66001.0,,11.0,8.0,5,1,25,0,2,50,24.0,61.875,41.662083,24.0,64.708336,49.99375,,1,0,1,0,2,77.8,20.0,25.0,77.04,16.0,25.0,1,24.0,24.0,8.0,66001.0,8
51052,81,37,44,20,1,1,1,1,2,2,30.0,70.0,70.0,25.71,66.0,70.0,66001.0,,11.0,7.0,5,1,40,0,2,81,35.0,67.91,25.7,35.0,70.69,25.7,1.0,0,0,0,0,2,65.8,25.7,70.0,70.175,30.0,70.0,0,,,7.0,66001.0,7
51052,81,37,44,20,1,1,1,1,2,2,30.0,70.0,70.0,25.71,66.0,70.0,66001.0,,11.0,7.0,5,2,41,0,2,81,35.0,63.69,25.7,35.0,69.66,34.3,1.0,0,0,0,0,2,65.8,25.7,70.0,70.175,30.0,70.0,0,,,7.0,66001.0,7
51053,35,17,18,16,1,1,1,5,2,2,58.06,57.0,31.0,58.06,47.0,31.0,66001.0,,11.0,28.0,5,1,14,0,2,35,13.0,45.38,61.5,13.0,52.0,69.2,1.0,0,0,0,0,2,47.06387,58.074192,31.0,56.97032,58.051613,31.0,0,,,28.0,66001.0,28
51053,35,17,18,16,1,1,1,5,2,2,58.06,57.0,31.0,58.06,47.0,31.0,66001.0,,11.0,28.0,5,2,21,0,2,35,18.0,48.28,55.6,18.0,60.56,50.0,1.0,0,0,0,0,2,47.06387,58.074192,31.0,56.97032,58.051613,31.0,0,,,28.0,66001.0,28
51054,72,35,37,16,1,1,1,1,2,2,39.44,69.0,71.0,29.58,65.0,71.0,66001.0,,11.0,6.0,5,1,36,0,2,72,35.0,67.14,22.9,35.0,69.46,37.1,1.0,0,0,0,0,2,64.85831,29.592958,71.0,68.56254,39.432396,71.0,0,,,6.0,66001.0,6
51054,72,35,37,16,1,1,1,1,2,2,39.44,69.0,71.0,29.58,65.0,71.0,66001.0,,11.0,6.0,5,2,36,0,2,72,36.0,62.64,36.1,36.0,67.69,41.7,1.0,0,0,0,0,2,64.85831,29.592958,71.0,68.56254,39.432396,71.0,0,,,6.0,66001.0,6
51055,47,22,25,12,1,1,1,2,2,2,25.0,75.0,40.0,26.83,71.0,41.0,66001.0,,11.0,8.0,5,1,24,0,2,47,20.0,69.4,25.0,20.0,72.2,30.0,1.0,0,0,0,0,2,70.46536,26.843903,41.0,74.7,25.0,40.0,0,,,8.0,66001.0,8
51055,47,22,25,12,1,1,1,2,2,2,25.0,75.0,40.0,26.83,71.0,41.0,66001.0,,11.0,8.0,5,2,23,0,2,47,21.0,71.48,28.6,20.0,77.2,20.0,1.0,0,0,0,0,2,70.46536,26.843903,41.0,74.7,25.0,40.0,0,,,8.0,66001.0,8
51056,115,62,53,26,1,1,1,2,3,3,16.19,77.0,105.0,21.5,71.0,107.0,66001.0,,11.0,7.0,5,1,37,0,3,115,33.0,71.21,24.2,33.0,76.82,18.2,1.0,0,0,1,0,3,69.69,25.323944,71.0,77.88771,14.288571,70.0,0,,,7.0,66001.0,7
51056,115,62,53,26,1,1,1,2,3,3,16.19,77.0,105.0,21.5,71.0,107.0,66001.0,,11.0,7.0,5,3,40,0,3,115,38.0,68.37,26.3,37.0,78.84,10.8,1.0,0,0,1,0,3,69.69,25.323944,71.0,77.88771,14.288571,70.0,0,,,7.0,66001.0,7
51056,115,62,53,26,1,1,1,2,3,3,16.19,77.0,105.0,21.5,71.0,107.0,66001.0,,11.0,7.0,5,2,38,0,3,115,36.0,73.58361,13.958333,35.0,75.22457,19.992857,,1,0,1,0,3,69.69,25.323944,71.0,77.88771,14.288571,70.0,1,35.0,36.0,7.0,66001.0,7
51057,65,39,26,16,1,1,1,3,2,2,50.0,61.0,60.0,44.07,56.0,59.0,66001.0,,11.0,20.0,5,1,30,0,2,65,27.0,48.04,59.3,28.0,56.14,60.7,1.0,0,0,0,0,2,55.985764,44.11356,59.0,61.297333,49.98,60.0,0,,,20.0,66001.0,20
51057,65,39,26,16,1,1,1,3,2,2,50.0,61.0,60.0,44.07,56.0,59.0,66001.0,,11.0,20.0,5,2,35,0,2,65,32.0,62.69,31.3,32.0,65.81,40.6,1.0,0,0,0,0,2,55.985764,44.11356,59.0,61.297333,49.98,60.0,0,,,20.0,66001.0,20
51058,67,29,38,17,1,1,1,2,2,2,44.07,63.0,59.0,54.24,54.0,59.0,66001.0,,11.0,12.0,5,1,33,0,2,67,29.0,57.62,58.6,29.0,60.21,51.7,1.0,0,0,0,0,2,54.014915,54.22712,59.0,62.681187,44.07288,59.0,0,,,12.0,66001.0,12
51058,67,29,38,17,1,1,1,2,2,2,44.07,63.0,59.0,54.24,54.0,59.0,66001.0,,11.0,12.0,5,2,34,0,2,67,30.0,50.53,50.0,30.0,65.07,36.7,1.0,0,0,0,0,2,54.014915,54.22712,59.0,62.681187,44.07288,59.0,0,,,12.0,66001.0,12
51059,39,20,19,17,1,1,1,1,1,1,39.39,69.0,33.0,37.14,59.0,35.0,66001.0,,11.0,7.0,5,1,38,0,1,38,35.0,58.63,37.1,33.0,68.94,39.4,1.0,0,0,0,0,1,58.63,37.1,35.0,68.94,39.4,33.0,0,,,7.0,66001.0,7
51062,72,34,38,20,2,1,1,3,2,2,24.64,72.0,69.0,35.71,57.0,70.0,66001.0,,12.0,19.0,5,1,38,0,2,74,38.0,55.87,47.4,38.0,72.05,13.2,1.0,0,0,0,0,2,57.072285,35.74286,70.0,72.085945,24.65652,69.0,0,,,19.0,66001.0,19
51062,72,34,38,20,2,1,1,3,2,2,24.64,72.0,69.0,35.71,57.0,70.0,66001.0,,12.0,19.0,5,2,36,0,2,74,32.0,58.5,21.9,31.0,72.13,38.7,1.0,0,0,0,0,2,57.072285,35.74286,70.0,72.085945,24.65652,69.0,0,,,19.0,66001.0,19
51063,87,48,39,21,1,1,1,1,3,3,9.64,79.0,83.0,23.81,73.0,84.0,26203.0, ,11.0,4.0,5,2,31,0,3,87,30.0,73.37,23.3,30.0,77.3,10.0,1.0,0,0,1,0,3,72.21421,24.531578,57.0,78.428215,10.696428,56.0,0,,,4.0,26203.0,4
51063,87,48,39,21,1,1,1,1,3,3,9.64,79.0,83.0,23.81,73.0,84.0,26203.0, ,11.0,4.0,5,3,28,0,3,87,27.0,70.93,25.9,26.0,79.73,11.5,1.0,0,0,1,0,3,72.21421,24.531578,57.0,78.428215,10.696428,56.0,0,,,4.0,26203.0,4
51063,87,48,39,21,1,1,1,1,3,3,9.64,79.0,83.0,23.81,73.0,84.0,26203.0, ,11.0,4.0,5,1,28,0,3,87,27.0,74.65889,22.286667,27.0,80.18593,7.448889,,1,0,1,0,3,72.21421,24.531578,57.0,78.428215,10.696428,56.0,1,27.0,27.0,4.0,26203.0,4
51068,86,39,47,23,1,1,1,2,3,2,17.19,70.0,64.0,20.31,66.0,64.0,86009.0, ,11.0,8.0,5,1,38,0,2,75,35.0,62.26,28.6,31.0,71.52,16.1,1.0,0,0,1,0,2,62.26,28.6,35.0,71.52,16.1,31.0,0,,,8.0,86009.0,8
51068,86,39,47,23,1,1,1,2,3,2,17.19,70.0,64.0,20.31,66.0,64.0,86009.0, ,11.0,8.0,5,2,37,0,2,75,29.0,70.513794,10.304828,33.0,68.57212,18.21394,,1,0,1,0,2,62.26,28.6,35.0,71.52,16.1,31.0,1,33.0,29.0,8.0,86009.0,8
51069,53,24,29,19,1,1,1,1,2,2,11.54,81.0,52.0,21.15,68.0,52.0,86009.0, ,11.0,4.0,5,1,28,0,2,54,27.0,68.04,22.2,27.0,81.22,7.4,1.0,0,0,0,0,2,68.424614,21.142307,52.0,81.402695,11.5346155,52.0,0,,,4.0,86009.0,4
51069,53,24,29,19,1,1,1,1,2,2,11.54,81.0,52.0,21.15,68.0,52.0,86009.0, ,11.0,4.0,5,2,26,0,2,54,25.0,68.84,20.0,25.0,81.6,16.0,1.0,0,0,0,0,2,68.424614,21.142307,52.0,81.402695,11.5346155,52.0,0,,,4.0,86009.0,4
51070,53,28,25,14,1,1,1,1,2,2,13.95,80.0,43.0,25.58,70.0,43.0,86009.0, ,11.0,3.0,5,2,26,0,2,53,26.0,67.69,26.9,24.0,76.5,20.8,1.0,0,0,1,0,2,67.69,26.9,26.0,76.5,20.8,24.0,0,,,3.0,86009.0,3
51070,53,28,25,14,1,1,1,1,2,2,13.95,80.0,43.0,25.58,70.0,43.0,86009.0, ,11.0,3.0,5,1,27,0,2,53,17.0,73.53294,23.561176,19.0,84.42105,5.2973685,,1,0,1,0,2,67.69,26.9,26.0,76.5,20.8,24.0,1,19.0,17.0,3.0,86009.0,3
51071,39,18,21,14,1,1,1,1,1,1,13.33,81.0,30.0,32.26,69.0,31.0,86009.0, ,11.0,7.0,5,1,39,0,1,39,38.0,62.95,42.1,36.0,74.08,25.0,1.0,0,0,0,0,1,62.95,42.1,38.0,74.08,25.0,36.0,0,,,7.0,86009.0,7
51072,38,18,20,13,1,1,1,2,1,1,31.43,75.0,35.0,20.0,66.0,35.0,86009.0, ,11.0,10.0,5,1,38,0,1,38,35.0,66.37,20.0,35.0,75.34,31.4,1.0,0,0,0,0,1,66.37,20.0,35.0,75.34,31.4,35.0,0,,,10.0,86009.0,10
51073,35,14,21,13,1,1,1,1,2,1,15.79,74.0,19.0,47.37,64.0,19.0,86009.0, ,11.0,13.0,5,1,25,0,1,25,19.0,64.16,47.4,19.0,74.26,15.8,1.0,0,0,0,0,1,64.16,47.4,19.0,74.26,15.8,19.0,0,,,13.0,86009.0,13
51074,35,14,21,10,1,1,1,1,1,1,25.0,78.0,32.0,21.88,67.0,32.0,86009.0, ,11.0,3.0,5,1,35,0,1,35,32.0,67.03,21.9,32.0,78.31,25.0,1.0,0,0,0,0,1,67.03,21.9,32.0,78.31,25.0,32.0,0,,,3.0,86009.0,3
51075,73,38,35,16,1,1,1,1,2,2,25.0,74.0,64.0,21.88,69.0,64.0,86009.0, ,11.0,3.0,5,1,37,0,2,73,35.0,68.46,28.6,35.0,73.66,31.4,1.0,0,0,1,0,2,68.46,28.6,35.0,73.66,31.4,35.0,0,,,3.0,86009.0,3
51075,73,38,35,16,1,1,1,1,2,2,25.0,74.0,64.0,21.88,69.0,64.0,86009.0, ,11.0,3.0,5,2,36,0,2,73,29.0,69.651726,13.769655,29.0,74.41035,17.275862,,1,0,1,0,2,68.46,28.6,35.0,73.66,31.4,35.0,1,29.0,29.0,3.0,86009.0,3
51076,69,37,32,16,1,1,1,1,2,2,22.95,77.0,61.0,37.7,68.0,61.0,86009.0, ,11.0,4.0,5,1,32,0,2,69,26.0,67.77,34.6,26.0,74.58,19.2,1.0,0,0,0,0,2,67.88475,37.69836,61.0,76.94967,22.929508,61.0,0,,,4.0,86009.0,4
51076,69,37,32,16,1,1,1,1,2,2,22.95,77.0,61.0,37.7,68.0,61.0,86009.0, ,11.0,4.0,5,2,37,0,2,69,35.0,67.97,40.0,35.0,78.71,25.7,1.0,0,0,0,0,2,67.88475,37.69836,61.0,76.94967,22.929508,61.0,0,,,4.0,86009.0,4
51077,103,53,50,25,1,1,1,1,3,3,27.27,76.0,99.0,26.26,67.0,99.0,86009.0, ,11.0,6.0,5,1,35,0,3,103,35.0,61.83,34.3,35.0,76.8,22.9,1.0,0,0,0,0,3,66.73707,26.269697,99.0,76.44606,27.29596,99.0,0,,,6.0,86009.0,6
51077,103,53,50,25,1,1,1,1,3,3,27.27,76.0,99.0,26.26,67.0,99.0,86009.0, ,11.0,6.0,5,2,35,0,3,103,34.0,72.88,11.8,34.0,81.09,14.7,1.0,0,0,0,0,3,66.73707,26.269697,99.0,76.44606,27.29596,99.0,0,,,6.0,86009.0,6
51077,103,53,50,25,1,1,1,1,3,3,27.27,76.0,99.0,26.26,67.0,99.0,86009.0, ,11.0,6.0,5,3,33,0,3,103,30.0,65.5,33.3,30.0,70.77,46.7,1.0,0,0,0,0,3,66.73707,26.269697,99.0,76.44606,27.29596,99.0,0,,,6.0,86009.0,6
51078,47,19,28,15,1,1,1,2,2,2,12.5,80.0,40.0,22.5,69.0,40.0,86009.0, ,11.0,7.0,5,1,25,0,2,47,20.0,68.15,15.0,20.0,79.9,15.0,1.0,0,0,1,0,2,68.15,15.0,20.0,79.9,15.0,20.0,0,,,7.0,86009.0,7
51078,47,19,28,15,1,1,1,2,2,2,12.5,80.0,40.0,22.5,69.0,40.0,86009.0, ,11.0,7.0,5,2,22,0,2,47,20.0,69.85,30.0,20.0,80.1,10.0,,1,0,1,0,2,68.15,15.0,20.0,79.9,15.0,20.0,1,20.0,20.0,7.0,86009.0,7
51079,53,29,24,15,1,1,1,4,2,2,28.85,68.0,52.0,40.38,56.0,52.0,86009.0, ,11.0,21.0,5,1,28,0,2,53,27.0,57.07,40.7,27.0,71.11,22.2,1.0,0,0,0,0,2,56.286346,40.36346,52.0,68.36481,28.834616,52.0,0,,,21.0,86009.0,21
51079,53,29,24,15,1,1,1,4,2,2,28.85,68.0,52.0,40.38,56.0,52.0,86009.0, ,11.0,21.0,5,2,25,0,2,53,25.0,55.44,40.0,25.0,65.4,36.0,1.0,0,0,0,0,2,56.286346,40.36346,52.0,68.36481,28.834616,52.0,0,,,21.0,86009.0,21
51080,76,40,36,18,1,1,1,1,2,2,23.61,75.0,72.0,22.97,67.0,74.0,86009.0, ,11.0,1.0,5,2,39,0,2,77,37.0,66.51,27.0,35.0,76.0,34.3,1.0,0,0,1,0,2,66.51,27.0,37.0,76.0,34.3,35.0,0,,,1.0,86009.0,1
51080,76,40,36,18,1,1,1,1,2,2,23.61,75.0,72.0,22.97,67.0,74.0,86009.0, ,11.0,1.0,5,1,38,0,2,77,37.0,67.49,18.94,37.0,74.054054,13.497838,,1,0,1,0,2,66.51,27.0,37.0,76.0,34.3,35.0,1,37.0,37.0,1.0,86009.0,1
51081,49,27,22,16,1,1,1,1,2,2,,,,,,,,,,,5,1,24,0,2,53,23.0,68.39,26.1,23.0,76.65,34.8,1.0,0,1,0,2,2,72.1376,14.004,50.0,77.001,25.998,50.0,0,,,6.0,86009.0,6
51081,49,27,22,16,1,1,1,1,2,2,,,,,,,,,,,5,2,29,0,2,53,27.0,75.33,3.7,27.0,77.3,18.5,1.0,0,1,0,2,2,72.1376,14.004,50.0,77.001,25.998,50.0,0,,,6.0,86009.0,6
51082,27,11,16,11,1,1,1,1,1,1,16.0,77.0,25.0,15.38,72.0,26.0,86009.0, ,11.0,4.0,5,1,27,0,1,27,26.0,72.0,15.38,25.0,77.0,16.0,,1,0,1,0,1,,,,,,,1,,,4.0,86009.0,4
51083,74,40,34,17,1,1,1,1,2,2,11.11,83.0,72.0,18.92,77.0,74.0,86009.0, ,11.0,3.0,5,1,37,0,2,74,37.0,72.54,24.3,36.0,83.72,5.6,1.0,0,0,0,0,2,76.66,18.9,74.0,83.39,11.15,72.0,0,,,3.0,86009.0,3
51083,74,40,34,17,1,1,1,1,2,2,11.11,83.0,72.0,18.92,77.0,74.0,86009.0, ,11.0,3.0,5,2,37,0,2,74,37.0,80.78,13.5,36.0,83.06,16.7,1.0,0,0,0,0,2,76.66,18.9,74.0,83.39,11.15,72.0,0,,,3.0,86009.0,3
51084,85,48,37,20,1,1,1,2,3,2,22.54,79.0,71.0,27.78,66.0,72.0,86009.0, ,11.0,8.0,5,1,37,0,2,74,34.0,64.5,29.4,33.0,76.67,30.3,1.0,0,0,0,0,2,65.861664,27.76389,72.0,78.66099,22.539436,71.0,0,,,8.0,86009.0,8
51084,85,48,37,20,1,1,1,2,3,2,22.54,79.0,71.0,27.78,66.0,72.0,86009.0, ,11.0,8.0,5,2,37,0,2,74,38.0,67.08,26.3,38.0,80.39,15.8,1.0,0,0,0,0,2,65.861664,27.76389,72.0,78.66099,22.539436,71.0,0,,,8.0,86009.0,8
51085,39,27,12,11,1,1,1,1,1,1,25.71,76.0,35.0,45.71,60.0,35.0,86009.0, ,11.0,3.0,5,1,39,0,1,39,35.0,60.17,45.7,35.0,76.09,25.7,1.0,0,0,0,0,1,60.17,45.7,35.0,76.09,25.7,35.0,0,,,3.0,86009.0,3
51086,44,21,23,13,1,1,1,1,2,2,13.64,79.0,44.0,22.73,72.0,44.0,86009.0, ,11.0,2.0,5,2,23,0,2,44,23.0,75.7,17.4,23.0,81.74,4.3,1.0,0,0,1,0,2,75.7,17.4,23.0,81.74,4.3,23.0,0,,,2.0,86009.0,2
51086,44,21,23,13,1,1,1,1,2,2,13.64,79.0,44.0,22.73,72.0,44.0,86009.0, ,11.0,2.0,5,1,21,0,2,44,21.0,67.94762,28.56762,21.0,75.99905,23.869524,,1,0,1,0,2,75.7,17.4,23.0,81.74,4.3,23.0,1,21.0,21.0,2.0,86009.0,2
51087,28,13,15,9,2,1,1,2,1,1,15.38,77.0,26.0,46.43,65.0,28.0,86009.0, ,12.0,14.0,5,1,28,0,1,28,28.0,64.82,46.4,26.0,76.62,15.4,1.0,0,0,0,0,1,64.82,46.4,28.0,76.62,15.4,26.0,0,,,14.0,86009.0,14
51088,57,28,29,15,2,1,1,2,2,2,21.43,80.0,56.0,30.36,71.0,56.0,86009.0, ,12.0,10.0,5,1,26,0,2,57,26.0,70.69,30.8,26.0,79.54,23.1,1.0,0,0,1,0,2,70.69,30.8,26.0,79.54,23.1,26.0,0,,,10.0,86009.0,10
51088,57,28,29,15,2,1,1,2,2,2,21.43,80.0,56.0,30.36,71.0,56.0,86009.0, ,12.0,10.0,5,2,31,0,2,57,30.0,71.26867,29.978666,30.0,80.39867,19.982666,,1,0,1,0,2,70.69,30.8,26.0,79.54,23.1,26.0,1,30.0,30.0,10.0,86009.0,10
51090,10,4,6,9,2,1,1,2,1,1,11.11,81.0,9.0,33.33,70.0,9.0,86009.0, ,12.0,11.0,5,1,10,0,1,10,9.0,69.67,33.3,9.0,80.56,11.1,1.0,0,0,0,0,1,69.67,33.3,9.0,80.56,11.1,9.0,0,,,11.0,86009.0,11
51091,31,16,15,9,2,1,1,3,1,1,50.0,68.0,30.0,34.48,65.0,29.0,86009.0, ,12.0,19.0,5,1,31,0,1,31,29.0,64.62,34.5,30.0,67.7,50.0,1.0,0,0,0,0,1,64.62,34.5,29.0,67.7,50.0,30.0,0,,,19.0,86009.0,19
51092,131,64,67,20,1,1,1,1,4,4,5.56,82.0,126.0,10.32,79.0,126.0,26500.0, ,11.0,1.0,5,1,36,0,4,131,36.0,78.39,19.4,36.0,83.08,5.6,1.0,0,0,0,0,4,78.713806,10.304762,126.0,82.3252,5.6136,125.0,0,,,1.0,26500.0,1
51092,131,64,67,20,1,1,1,1,4,4,5.56,82.0,126.0,10.32,79.0,126.0,26500.0, ,11.0,1.0,5,2,31,0,4,131,30.0,79.93,10.0,30.0,81.1,6.7,1.0,0,0,0,0,4,78.713806,10.304762,126.0,82.3252,5.6136,125.0,0,,,1.0,26500.0,1
51092,131,64,67,20,1,1,1,1,4,4,5.56,82.0,126.0,10.32,79.0,126.0,26500.0, ,11.0,1.0,5,3,31,0,4,131,30.0,78.23,3.3,30.0,82.93,3.3,1.0,0,0,0,0,4,78.713806,10.304762,126.0,82.3252,5.6136,125.0,0,,,1.0,26500.0,1
51092,131,64,67,20,1,1,1,1,4,4,5.56,82.0,126.0,10.32,79.0,126.0,26500.0, ,11.0,1.0,5,4,33,0,4,131,30.0,78.37,6.7,29.0,82.03,6.9,1.0,0,0,0,0,4,78.713806,10.304762,126.0,82.3252,5.6136,125.0,0,,,1.0,26500.0,1
51093,79,32,47,13,1,1,1,1,2,2,8.97,83.0,78.0,20.78,73.0,77.0,26500.0, ,11.0,2.0,5,2,39,0,2,79,37.0,71.08,18.9,38.0,80.89,13.2,1.0,0,0,1,0,2,71.08,18.9,37.0,80.89,13.2,38.0,0,,,2.0,26500.0,2
51093,79,32,47,13,1,1,1,1,2,2,8.97,83.0,78.0,20.78,73.0,77.0,26500.0, ,11.0,2.0,5,1,40,0,2,79,40.0,74.776,22.519,40.0,85.0045,4.9515,,1,0,1,0,2,71.08,18.9,37.0,80.89,13.2,38.0,1,40.0,40.0,2.0,26500.0,2
51098,69,36,33,14,1,1,1,1,2,2,7.94,86.0,63.0,7.94,79.0,63.0,50005.0,-  ,11.0,2.0,5,1,34,0,2,69,32.0,83.16,6.3,32.0,84.69,6.3,1.0,0,0,0,0,2,79.115234,7.973016,63.0,85.57079,7.973016,63.0,0,,,2.0,50005.0,2
51098,69,36,33,14,1,1,1,1,2,2,7.94,86.0,63.0,7.94,79.0,63.0,50005.0,-  ,11.0,2.0,5,2,35,0,2,69,31.0,74.94,9.7,31.0,86.48,9.7,1.0,0,0,0,0,2,79.115234,7.973016,63.0,85.57079,7.973016,63.0,0,,,2.0,50005.0,2
51100,48,21,27,9,1,1,1,1,2,1,28.13,79.0,32.0,25.0,69.0,32.0,50005.0,-  ,11.0,4.0,5,1,36,0,1,36,32.0,69.0,25.0,32.0,79.0,28.13,,1,0,1,0,1,,,,,,,1,,,4.0,50005.0,4
51103,103,61,42,18,1,1,1,1,3,3,9.09,86.0,99.0,4.04,82.0,99.0,50005.0,-  ,11.0,3.0,5,1,37,0,3,103,37.0,81.59,5.4,37.0,84.49,8.1,1.0,0,0,0,0,3,82.37202,4.020202,99.0,85.85808,9.09394,99.0,0,,,3.0,50005.0,3
51103,103,61,42,18,1,1,1,1,3,3,9.09,86.0,99.0,4.04,82.0,99.0,50005.0,-  ,11.0,3.0,5,2,33,0,3,103,30.0,79.2,3.3,30.0,84.93,13.3,1.0,0,0,0,0,3,82.37202,4.020202,99.0,85.85808,9.09394,99.0,0,,,3.0,50005.0,3
51103,103,61,42,18,1,1,1,1,3,3,9.09,86.0,99.0,4.04,82.0,99.0,50005.0,-  ,11.0,3.0,5,3,33,0,3,103,32.0,86.25,3.1,32.0,88.31,6.3,1.0,0,0,0,0,3,82.37202,4.020202,99.0,85.85808,9.09394,99.0,0,,,3.0,50005.0,3
51104,51,27,24,13,1,1,1,1,2,2,14.58,82.0,48.0,4.17,75.0,48.0,50005.0,-  ,11.0,4.0,5,1,29,0,2,51,28.0,77.82,0.0,28.0,84.21,10.7,1.0,0,0,0,0,2,74.85333,4.1666665,48.0,81.47667,14.575,48.0,0,,,4.0,50005.0,4
51104,51,27,24,13,1,1,1,1,2,2,14.58,82.0,48.0,4.17,75.0,48.0,50005.0,-  ,11.0,4.0,5,2,22,0,2,51,20.0,70.7,10.0,20.0,77.65,20.0,1.0,0,0,0,0,2,74.85333,4.1666665,48.0,81.47667,14.575,48.0,0,,,4.0,50005.0,4
51107,78,43,35,13,1,1,1,1,2,2,9.46,82.0,74.0,5.41,79.0,74.0,50005.0,-  ,11.0,3.0,5,1,39,0,2,78,39.0,76.92,5.1,39.0,82.59,12.8,1.0,0,0,1,0,2,76.92,5.1,39.0,82.59,12.8,39.0,0,,,3.0,50005.0,3
51107,78,43,35,13,1,1,1,1,2,2,9.46,82.0,74.0,5.41,79.0,74.0,50005.0,-  ,11.0,3.0,5,2,39,0,2,78,35.0,81.31771,5.755429,35.0,81.342575,5.7382855,,1,0,1,0,2,76.92,5.1,39.0,82.59,12.8,39.0,1,35.0,35.0,3.0,50005.0,3
51111,55,24,31,16,1,1,1,4,3,2,25.93,70.0,27.0,17.86,65.0,28.0,50005.0,-  ,11.0,18.0,5,1,18,0,2,43,17.0,60.41,29.4,16.0,67.81,37.5,1.0,0,0,0,0,2,64.60571,17.85,28.0,70.25852,25.92963,27.0,0,,,18.0,50005.0,18
51111,55,24,31,16,1,1,1,4,3,2,25.93,70.0,27.0,17.86,65.0,28.0,50005.0,-  ,11.0,18.0,5,2,25,0,2,43,11.0,71.09,0.0,11.0,73.82,9.1,1.0,0,0,0,0,2,64.60571,17.85,28.0,70.25852,25.92963,27.0,0,,,18.0,50005.0,18
51112,54,27,27,17,1,1,1,2,3,2,22.5,80.0,40.0,15.0,70.0,40.0,50005.0,-  ,11.0,9.0,5,2,25,0,2,47,21.0,72.24,19.0,21.0,81.86,23.8,1.0,0,0,1,0,2,72.24,19.0,21.0,81.86,23.8,21.0,0,,,9.0,50005.0,9
51112,54,27,27,17,1,1,1,2,3,2,22.5,80.0,40.0,15.0,70.0,40.0,50005.0,-  ,11.0,9.0,5,1,22,0,2,47,19.0,67.52421,10.578947,19.0,77.944214,21.063158,,1,0,1,0,2,72.24,19.0,21.0,81.86,23.8,21.0,1,19.0,19.0,9.0,50005.0,9
51116,85,49,36,17,1,1,1,3,4,3,15.71,77.0,70.0,5.71,72.0,70.0,50005.0,-  ,11.0,19.0,5,1,25,0,3,75,22.0,76.64,9.1,22.0,80.95,9.1,1.0,0,0,0,0,3,71.94171,5.6857142,70.0,76.543144,15.711429,70.0,0,,,19.0,50005.0,19
51116,85,49,36,17,1,1,1,3,4,3,15.71,77.0,70.0,5.71,72.0,70.0,50005.0,-  ,11.0,19.0,5,2,26,0,3,75,26.0,65.92,3.8,26.0,71.04,26.9,1.0,0,0,0,0,3,71.94171,5.6857142,70.0,76.543144,15.711429,70.0,0,,,19.0,50005.0,19
51116,85,49,36,17,1,1,1,3,4,3,15.71,77.0,70.0,5.71,72.0,70.0,50005.0,-  ,11.0,19.0,5,3,24,0,3,75,22.0,74.36,4.5,22.0,78.64,9.1,1.0,0,0,0,0,3,71.94171,5.6857142,70.0,76.543144,15.711429,70.0,0,,,19.0,50005.0,19
51117,48,24,24,13,1,1,1,2,2,2,31.82,76.0,44.0,15.91,68.0,44.0,50005.0,-  ,11.0,12.0,5,1,26,0,2,48,23.0,71.26,17.4,23.0,79.04,30.4,1.0,0,0,0,0,2,68.06705,15.920455,44.0,76.31477,31.78409,44.0,0,,,12.0,50005.0,12
51117,48,24,24,13,1,1,1,2,2,2,31.82,76.0,44.0,15.91,68.0,44.0,50005.0,-  ,11.0,12.0,5,2,22,0,2,48,21.0,64.57,14.3,21.0,73.33,33.3,1.0,0,0,0,0,2,68.06705,15.920455,44.0,76.31477,31.78409,44.0,0,,,12.0,50005.0,12
51118,62,25,37,14,1,1,1,4,2,2,18.33,80.0,60.0,20.0,79.0,60.0,50005.0,-  ,11.0,23.0,5,1,32,0,2,61,31.0,75.03,25.8,31.0,82.16,6.5,1.0,0,0,1,0,2,75.03,25.8,31.0,82.16,6.5,31.0,0,,,23.0,50005.0,23
51118,62,25,37,14,1,1,1,4,2,2,18.33,80.0,60.0,20.0,79.0,60.0,50005.0,-  ,11.0,23.0,5,2,29,0,2,61,29.0,83.24379,13.8,29.0,77.69103,30.975863,,1,0,1,0,2,75.03,25.8,31.0,82.16,6.5,31.0,1,29.0,29.0,23.0,50005.0,23
51119,47,24,23,16,1,1,1,3,2,2,34.88,68.0,43.0,31.82,56.0,44.0,50005.0,-  ,11.0,19.0,5,1,21,0,2,47,18.0,59.0,22.2,17.0,68.41,41.2,1.0,0,0,0,0,2,56.181362,31.831818,44.0,67.76907,34.91163,43.0,0,,,19.0,50005.0,19
51119,47,24,23,16,1,1,1,3,2,2,34.88,68.0,43.0,31.82,56.0,44.0,50005.0,-  ,11.0,19.0,5,2,26,0,2,47,26.0,54.23,38.5,26.0,67.35,30.8,1.0,0,0,0,0,2,56.181362,31.831818,44.0,67.76907,34.91163,43.0,0,,,19.0,50005.0,19
51120,51,29,22,14,1,1,1,4,2,2,19.57,66.0,46.0,36.96,53.0,46.0,50005.0,-  ,11.0,20.0,5,2,26,0,2,51,25.0,58.64,20.0,25.0,73.16,8.0,1.0,0,0,1,0,2,58.64,20.0,25.0,73.16,8.0,25.0,0,,,20.0,50005.0,20
51120,51,29,22,14,1,1,1,4,2,2,19.57,66.0,46.0,36.96,53.0,46.0,50005.0,-  ,11.0,20.0,5,1,25,0,2,51,21.0,46.285713,57.150475,21.0,57.47619,33.34381,,1,0,1,0,2,58.64,20.0,25.0,73.16,8.0,25.0,1,21.0,21.0,20.0,50005.0,20
51121,58,25,33,14,1,1,1,1,2,2,5.66,87.0,53.0,8.93,73.0,56.0,50005.0,-  ,11.0,3.0,5,1,26,0,2,58,30.0,68.13,10.0,28.0,86.61,3.6,1.0,0,0,0,0,2,72.875,8.932143,56.0,86.64302,5.675472,53.0,0,,,3.0,50005.0,3
51121,58,25,33,14,1,1,1,1,2,2,5.66,87.0,53.0,8.93,73.0,56.0,50005.0,-  ,11.0,3.0,5,2,32,0,2,58,26.0,78.35,7.7,25.0,86.68,8.0,1.0,0,0,0,0,2,72.875,8.932143,56.0,86.64302,5.675472,53.0,0,,,3.0,50005.0,3
51122,61,39,22,13,1,1,1,1,2,2,8.77,87.0,57.0,1.75,86.0,57.0,50005.0,-  ,11.0,4.0,5,1,31,0,2,61,27.0,76.59,0.0,27.0,81.44,18.5,1.0,0,0,0,0,2,85.61105,1.7368422,57.0,86.771576,8.763158,57.0,0,,,4.0,50005.0,4
51122,61,39,22,13,1,1,1,1,2,2,8.77,87.0,57.0,1.75,86.0,57.0,50005.0,-  ,11.0,4.0,5,2,30,0,2,61,30.0,93.73,3.3,30.0,91.57,0.0,1.0,0,0,0,0,2,85.61105,1.7368422,57.0,86.771576,8.763158,57.0,0,,,4.0,50005.0,4
51124,99,46,53,20,1,1,1,1,4,3,6.17,82.0,81.0,4.94,79.0,81.0,50005.0,-  ,11.0,6.0,5,1,28,0,3,85,27.0,82.22,7.4,27.0,86.15,3.7,1.0,0,0,1,0,3,80.518074,3.8423078,52.0,83.11635,5.7673078,52.0,0,,,6.0,50005.0,6
51124,99,46,53,20,1,1,1,1,4,3,6.17,82.0,81.0,4.94,79.0,81.0,50005.0,-  ,11.0,6.0,5,3,26,0,3,85,25.0,78.68,0.0,25.0,79.84,8.0,1.0,0,0,1,0,3,80.518074,3.8423078,52.0,83.11635,5.7673078,52.0,0,,,6.0,50005.0,6
51124,99,46,53,20,1,1,1,1,4,3,6.17,82.0,81.0,4.94,79.0,81.0,50005.0,-  ,11.0,6.0,5,2,31,0,3,85,29.0,76.27793,6.908276,29.0,79.998276,6.892069,,1,0,1,0,3,80.518074,3.8423078,52.0,83.11635,5.7673078,52.0,1,29.0,29.0,6.0,50005.0,6
51126,20,13,7,8,1,1,1,3,1,1,11.76,80.0,17.0,0.0,85.0,17.0,50005.0,-  ,11.0,8.0,5,1,20,0,1,20,17.0,85.35,0.0,17.0,79.41,11.8,1.0,0,0,0,0,1,85.35,0.0,17.0,79.41,11.8,17.0,0,,,8.0,50005.0,8
51127,44,25,19,13,1,1,1,3,2,2,27.78,68.0,36.0,13.16,67.0,38.0,50005.0,-  ,11.0,15.0,5,1,22,0,2,44,17.0,62.12,17.6,16.0,58.81,31.3,1.0,0,0,1,0,2,62.12,17.6,17.0,58.81,31.3,16.0,0,,,15.0,50005.0,15
51127,44,25,19,13,1,1,1,3,2,2,27.78,68.0,36.0,13.16,67.0,38.0,50005.0,-  ,11.0,15.0,5,2,22,0,2,44,21.0,70.95048,9.565714,20.0,75.352,24.964,,1,0,1,0,2,62.12,17.6,17.0,58.81,31.3,16.0,1,20.0,21.0,15.0,50005.0,15
51130,49,26,23,15,1,1,1,4,3,2,15.63,74.0,32.0,9.38,67.0,32.0,50005.0,-  ,11.0,14.0,5,1,21,0,2,40,18.0,66.22,11.1,18.0,73.44,11.1,1.0,0,0,0,0,2,67.125626,9.35,32.0,74.1225,15.60625,32.0,0,,,14.0,50005.0,14
51130,49,26,23,15,1,1,1,4,3,2,15.63,74.0,32.0,9.38,67.0,32.0,50005.0,-  ,11.0,14.0,5,2,19,0,2,40,14.0,68.29,7.1,14.0,75.0,21.4,1.0,0,0,0,0,2,67.125626,9.35,32.0,74.1225,15.60625,32.0,0,,,14.0,50005.0,14
51132,27,15,12,10,1,1,1,1,1,1,15.38,86.0,26.0,7.69,77.0,26.0,50005.0,-  ,11.0,9.0,5,1,27,0,1,27,26.0,77.27,7.7,26.0,85.88,15.4,1.0,0,0,0,0,1,77.27,7.7,26.0,85.88,15.4,26.0,0,,,9.0,50005.0,9
51133,59,25,34,20,1,1,1,5,2,2,15.38,78.0,52.0,5.88,79.0,51.0,50005.0,-  ,11.0,15.0,5,1,28,0,2,59,26.0,77.96,3.8,27.0,76.33,14.8,1.0,0,0,0,0,2,78.999214,5.8588233,51.0,77.99827,15.376923,52.0,0,,,15.0,50005.0,15
51133,59,25,34,20,1,1,1,5,2,2,15.38,78.0,52.0,5.88,79.0,51.0,50005.0,-  ,11.0,15.0,5,2,31,0,2,59,25.0,80.08,8.0,25.0,79.8,16.0,1.0,0,0,0,0,2,78.999214,5.8588233,51.0,77.99827,15.376923,52.0,0,,,15.0,50005.0,15
51135,76,42,34,14,1,1,1,1,3,2,2.08,87.0,48.0,4.17,76.0,48.0,50005.0,-  ,11.0,4.0,5,2,27,0,2,60,20.0,69.15,10.0,20.0,83.95,5.0,1.0,0,0,1,0,2,69.15,10.0,20.0,83.95,5.0,20.0,0,,,4.0,50005.0,4
51135,76,42,34,14,1,1,1,1,3,2,2.08,87.0,48.0,4.17,76.0,48.0,50005.0,-  ,11.0,4.0,5,1,33,0,2,60,28.0,80.89286,0.0057142857,28.0,89.17857,,,1,0,1,0,2,69.15,10.0,20.0,83.95,5.0,20.0,1,28.0,28.0,4.0,50005.0,4
51138,32,17,15,10,1,1,1,2,1,1,6.45,85.0,31.0,0.0,89.0,31.0,50005.0,-  ,11.0,5.0,5,1,32,0,1,32,31.0,89.16,0.0,31.0,85.23,6.5,1.0,0,0,0,0,1,89.16,0.0,31.0,85.23,6.5,31.0,0,,,5.0,50005.0,5
51145,77,36,41,21,1,1,1,2,3,2,22.22,72.0,54.0,26.79,66.0,56.0,50005.0,-  ,11.0,7.0,5,1,34,0,2,66,28.0,63.21,39.3,27.0,69.41,29.6,1.0,0,0,0,0,2,66.48,26.8,56.0,71.89,22.2,54.0,0,,,7.0,50005.0,7
51145,77,36,41,21,1,1,1,2,3,2,22.22,72.0,54.0,26.79,66.0,56.0,50005.0,-  ,11.0,7.0,5,2,32,0,2,66,28.0,69.75,14.3,27.0,74.37,14.8,1.0,0,0,0,0,2,66.48,26.8,56.0,71.89,22.2,54.0,0,,,7.0,50005.0,7
51147,90,48,42,24,1,1,1,5,5,3,35.29,68.0,68.0,11.76,65.0,68.0,50005.0,-  ,11.0,40.0,5,1,27,0,3,76,24.0,67.83,8.3,24.0,74.58,25.0,1.0,0,0,1,0,3,64.34085,12.753192,47.0,69.99957,23.385107,47.0,0,,,40.0,50005.0,40
51147,90,48,42,24,1,1,1,5,5,3,35.29,68.0,68.0,11.76,65.0,68.0,50005.0,-  ,11.0,40.0,5,3,23,0,3,76,23.0,60.7,17.4,23.0,65.22,21.7,1.0,0,0,1,0,3,64.34085,12.753192,47.0,69.99957,23.385107,47.0,0,,,40.0,50005.0,40
51147,90,48,42,24,1,1,1,5,5,3,35.29,68.0,68.0,11.76,65.0,68.0,50005.0,-  ,11.0,40.0,5,2,26,0,3,76,21.0,66.475235,9.537143,21.0,63.52476,61.934284,,1,0,1,0,3,64.34085,12.753192,47.0,69.99957,23.385107,47.0,1,21.0,21.0,40.0,50005.0,40
51157,53,25,28,14,1,1,1,1,2,2,0.0,88.0,50.0,6.0,85.0,50.0,50005.0,-  ,11.0,0.0,5,1,27,0,2,53,24.0,85.79,0.0,24.0,90.13,0.0,1.0,0,0,0,0,2,85.2596,5.98,50.0,88.2632,0.0,50.0,0,,,0.0,50005.0,0
51157,53,25,28,14,1,1,1,1,2,2,0.0,88.0,50.0,6.0,85.0,50.0,50005.0,-  ,11.0,0.0,5,2,26,0,2,53,26.0,84.77,11.5,26.0,86.54,0.0,1.0,0,0,0,0,2,85.2596,5.98,50.0,88.2632,0.0,50.0,0,,,0.0,50005.0,0
51163,75,40,35,14,1,1,1,1,2,2,13.43,85.0,67.0,4.48,81.0,67.0,50005.0,-  ,11.0,4.0,5,1,40,0,2,75,38.0,79.08,5.3,38.0,82.74,10.5,1.0,0,0,0,0,2,80.77672,4.477612,67.0,85.41925,13.4,67.0,0,,,4.0,50005.0,4
51163,75,40,35,14,1,1,1,1,2,2,13.43,85.0,67.0,4.48,81.0,67.0,50005.0,-  ,11.0,4.0,5,2,35,0,2,75,29.0,83.0,3.4,29.0,88.93,17.2,1.0,0,0,0,0,2,80.77672,4.477612,67.0,85.41925,13.4,67.0,0,,,4.0,50005.0,4
51164,89,42,47,21,1,1,1,2,3,3,15.12,76.0,86.0,14.77,70.0,88.0,50005.0,-  ,11.0,13.0,5,2,32,0,3,89,32.0,67.41,28.1,30.0,75.87,6.7,1.0,0,0,1,0,3,69.51933,19.98,60.0,75.22793,13.796552,58.0,0,,,13.0,50005.0,13
51164,89,42,47,21,1,1,1,2,3,3,15.12,76.0,86.0,14.77,70.0,88.0,50005.0,-  ,11.0,13.0,5,3,29,0,3,89,28.0,71.93,10.7,28.0,74.54,21.4,1.0,0,0,1,0,3,69.51933,19.98,60.0,75.22793,13.796552,58.0,0,,,13.0,50005.0,13
51164,89,42,47,21,1,1,1,2,3,3,15.12,76.0,86.0,14.77,70.0,88.0,50005.0,-  ,11.0,13.0,5,1,28,0,3,89,28.0,71.03,3.6057143,28.0,77.59929,17.86143,,1,0,1,0,3,69.51933,19.98,60.0,75.22793,13.796552,58.0,1,28.0,28.0,13.0,50005.0,13
51165,52,24,28,12,1,1,1,3,2,2,16.67,80.0,48.0,8.0,74.0,50.0,50005.0,-  ,11.0,20.0,5,1,27,0,2,52,24.0,83.42,4.2,24.0,82.46,20.8,1.0,0,0,0,0,2,74.0028,7.996,50.0,79.585,16.65,48.0,0,,,20.0,50005.0,20
51165,52,24,28,12,1,1,1,3,2,2,16.67,80.0,48.0,8.0,74.0,50.0,50005.0,-  ,11.0,20.0,5,2,25,0,2,52,26.0,65.31,11.5,24.0,76.71,12.5,1.0,0,0,0,0,2,74.0028,7.996,50.0,79.585,16.65,48.0,0,,,20.0,50005.0,20
51166,50,24,26,12,1,1,1,1,2,2,10.42,79.0,48.0,12.5,74.0,48.0,50005.0,-  ,11.0,3.0,5,1,28,0,2,50,26.0,77.88,7.7,26.0,79.42,7.7,1.0,0,0,0,0,2,73.58083,12.5125,48.0,78.81042,10.404166,48.0,0,,,3.0,50005.0,3
51166,50,24,26,12,1,1,1,1,2,2,10.42,79.0,48.0,12.5,74.0,48.0,50005.0,-  ,11.0,3.0,5,2,22,0,2,50,22.0,68.5,18.2,22.0,78.09,13.6,1.0,0,0,0,0,2,73.58083,12.5125,48.0,78.81042,10.404166,48.0,0,,,3.0,50005.0,3
51167,59,31,28,13,1,1,1,2,2,2,18.64,75.0,59.0,18.64,77.0,59.0,50005.0,-  ,11.0,10.0,5,1,30,0,2,59,30.0,78.77,13.3,30.0,82.77,0.0,1.0,0,0,0,0,2,76.98576,18.608475,59.0,75.392204,18.628813,59.0,0,,,10.0,50005.0,10
51167,59,31,28,13,1,1,1,2,2,2,18.64,75.0,59.0,18.64,77.0,59.0,50005.0,-  ,11.0,10.0,5,2,29,0,2,59,29.0,75.14,24.1,29.0,67.76,37.9,1.0,0,0,0,0,2,76.98576,18.608475,59.0,75.392204,18.628813,59.0,0,,,10.0,50005.0,10
51172,69,30,39,13,1,1,1,1,3,2,17.39,80.0,46.0,19.57,71.0,46.0,50005.0,-  ,11.0,6.0,5,1,28,0,2,57,24.0,66.92,25.0,24.0,83.25,12.5,1.0,0,0,0,0,2,70.45913,19.547827,46.0,80.13174,17.378262,46.0,0,,,6.0,50005.0,6
51172,69,30,39,13,1,1,1,1,3,2,17.39,80.0,46.0,19.57,71.0,46.0,50005.0,-  ,11.0,6.0,5,2,29,0,2,57,22.0,74.32,13.6,22.0,76.73,22.7,1.0,0,0,0,0,2,70.45913,19.547827,46.0,80.13174,17.378262,46.0,0,,,6.0,50005.0,6
51178,40,27,13,7,2,1,1,3,2,1,24.0,75.0,25.0,16.0,67.0,25.0,50005.0,-  ,12.0,20.0,5,1,29,0,1,29,25.0,67.36,16.0,25.0,75.2,24.0,1.0,0,0,0,0,1,67.36,16.0,25.0,75.2,24.0,25.0,0,,,20.0,50005.0,20
51179,39,17,22,11,2,1,1,5,2,2,20.0,72.0,35.0,16.67,63.0,36.0,50005.0,-  ,12.0,5.0,5,1,19,0,2,39,18.0,66.33,16.7,17.0,73.71,17.6,1.0,0,0,0,0,2,62.915,16.7,36.0,71.74543,19.965714,35.0,0,,,5.0,50005.0,5
51179,39,17,22,11,2,1,1,5,2,2,20.0,72.0,35.0,16.67,63.0,36.0,50005.0,-  ,12.0,5.0,5,2,20,0,2,39,18.0,59.5,16.7,18.0,69.89,22.2,1.0,0,0,0,0,2,62.915,16.7,36.0,71.74543,19.965714,35.0,0,,,5.0,50005.0,5
51181,8,8,0,2,2,1,1,7,1,1,83.33,58.0,6.0,66.67,46.0,6.0,50005.0,-  ,12.0,31.0,5,1,8,0,1,8,6.0,45.67,66.7,6.0,58.0,83.3,1.0,0,0,0,0,1,45.67,66.7,6.0,58.0,83.3,6.0,0,,,31.0,50005.0,31
51185,18,18,0,2,2,1,1,1,1,1,,,,,,,,,,,5,1,18,0,1,18,0.0,0.0,0.0,18.0,82.67,22.2,1.0,0,1,0,1,1,,,0.0,82.67,22.2,18.0,0,,,2.0,50005.0,2
51186,62,26,36,13,2,1,1,3,3,2,16.0,78.0,50.0,17.65,71.0,51.0,50005.0,-  ,12.0,12.0,5,2,29,0,2,53,28.0,65.57,21.4,28.0,76.71,25.0,1.0,0,0,1,0,2,65.57,21.4,28.0,76.71,25.0,28.0,0,,,12.0,50005.0,12
51186,62,26,36,13,2,1,1,3,3,2,16.0,78.0,50.0,17.65,71.0,51.0,50005.0,-  ,12.0,12.0,5,1,24,0,2,53,23.0,77.610435,13.084783,22.0,79.641815,4.5454545,,1,0,1,0,2,65.57,21.4,28.0,76.71,25.0,28.0,1,22.0,23.0,12.0,50005.0,12
51188,65,32,33,12,2,1,1,1,2,2,7.69,85.0,65.0,10.77,80.0,65.0,50005.0,-  ,12.0,6.0,5,1,32,0,2,65,32.0,81.84,6.3,32.0,86.25,6.3,1.0,0,0,0,0,2,80.04277,10.818461,65.0,85.183846,7.7215385,65.0,0,,,6.0,50005.0,6
51188,65,32,33,12,2,1,1,1,2,2,7.69,85.0,65.0,10.77,80.0,65.0,50005.0,-  ,12.0,6.0,5,2,33,0,2,65,33.0,78.3,15.2,33.0,84.15,9.1,1.0,0,0,0,0,2,80.04277,10.818461,65.0,85.183846,7.7215385,65.0,0,,,6.0,50005.0,6
51189,17,10,7,7,2,1,1,5,1,1,5.88,72.0,17.0,37.5,64.0,16.0,50005.0,-  ,12.0,17.0,5,1,17,0,1,17,16.0,64.0,37.5,17.0,72.0,5.88,,1,0,1,0,1,,,,,,,1,,,17.0,50005.0,17
51190,28,11,17,6,2,1,1,1,1,1,11.54,86.0,26.0,42.31,66.0,26.0,50005.0,-  ,12.0,2.0,5,1,28,0,1,28,26.0,66.15,42.3,26.0,86.08,11.5,1.0,0,0,0,0,1,66.15,42.3,26.0,86.08,11.5,26.0,0,,,2.0,50005.0,2
51193,23,13,10,6,2,1,1,6,1,1,23.53,68.0,17.0,27.78,52.0,18.0,50005.0,-  ,12.0,27.0,5,1,23,0,1,23,18.0,52.17,27.8,17.0,67.82,23.5,1.0,0,0,0,0,1,52.17,27.8,18.0,67.82,23.5,17.0,0,,,27.0,50005.0,27
51194,76,39,37,14,2,1,1,2,3,3,26.03,71.0,73.0,35.14,57.0,74.0,50005.0,-  ,12.0,11.0,5,2,24,0,3,76,24.0,63.0,25.0,24.0,76.63,20.8,1.0,0,0,1,0,3,59.574467,34.053192,47.0,73.416084,23.908695,46.0,0,,,11.0,50005.0,11
51194,76,39,37,14,2,1,1,2,3,3,26.03,71.0,73.0,35.14,57.0,74.0,50005.0,-  ,12.0,11.0,5,3,25,0,3,76,23.0,56.0,43.5,22.0,69.91,27.3,1.0,0,0,1,0,3,59.574467,34.053192,47.0,73.416084,23.908695,46.0,0,,,11.0,50005.0,11
51194,76,39,37,14,2,1,1,2,3,3,26.03,71.0,73.0,35.14,57.0,74.0,50005.0,-  ,12.0,11.0,5,1,27,0,3,76,27.0,52.51852,37.031853,27.0,66.883705,29.644073,,1,0,1,0,3,59.574467,34.053192,47.0,73.416084,23.908695,46.0,1,27.0,27.0,11.0,50005.0,11
51199,29,20,9,6,2,1,1,1,1,1,4.76,88.0,21.0,4.76,83.0,21.0,50005.0,-  ,12.0,2.0,5,1,29,0,1,29,21.0,82.48,4.8,21.0,87.86,4.8,1.0,0,0,0,0,1,82.48,4.8,21.0,87.86,4.8,21.0,0,,,2.0,50005.0,2
51203,69,33,36,20,2,1,1,6,2,2,28.95,70.0,38.0,26.32,56.0,38.0,50005.0,-  ,12.0,35.0,5,2,35,0,2,69,16.0,57.56,31.3,16.0,69.81,37.5,1.0,0,0,1,0,2,57.56,31.3,16.0,69.81,37.5,16.0,0,,,35.0,50005.0,35
51203,69,33,36,20,2,1,1,6,2,2,28.95,70.0,38.0,26.32,56.0,38.0,50005.0,-  ,12.0,35.0,5,1,34,0,2,69,22.0,54.865456,22.698181,22.0,70.13818,22.731817,,1,0,1,0,2,57.56,31.3,16.0,69.81,37.5,16.0,1,22.0,22.0,35.0,50005.0,35
51208,12,0,12,9,2,1,1,6,1,1,58.33,59.0,12.0,83.33,46.0,12.0,50005.0,-  ,12.0,28.0,5,1,12,0,1,12,12.0,46.5,83.3,12.0,58.83,58.3,1.0,0,0,0,0,1,46.5,83.3,12.0,58.83,58.3,12.0,0,,,28.0,50005.0,28
51244,50,34,16,12,1,1,1,1,2,2,12.5,83.0,48.0,16.67,70.0,48.0,50005.0,-  ,11.0,1.0,5,1,27,0,2,50,25.0,70.56,16.0,25.0,81.96,16.0,1.0,0,0,1,0,2,70.56,16.0,25.0,81.96,16.0,25.0,0,,,1.0,50005.0,1
51244,50,34,16,12,1,1,1,1,2,2,12.5,83.0,48.0,16.67,70.0,48.0,50005.0,-  ,11.0,1.0,5,2,23,0,2,50,23.0,69.391304,17.39826,23.0,84.13043,8.695652,,1,0,1,0,2,70.56,16.0,25.0,81.96,16.0,25.0,1,23.0,23.0,1.0,50005.0,1
51246,79,43,36,14,1,1,1,1,3,2,11.11,81.0,72.0,4.17,81.0,72.0,50005.0,-  ,11.0,4.0,5,1,35,0,2,70,35.0,78.8,8.6,35.0,82.37,8.6,1.0,0,0,0,0,2,81.22041,4.1805553,72.0,80.66389,11.118055,72.0,0,,,4.0,50005.0,4
51246,79,43,36,14,1,1,1,1,3,2,11.11,81.0,72.0,4.17,81.0,72.0,50005.0,-  ,11.0,4.0,5,2,35,0,2,70,37.0,83.51,0.0,37.0,79.05,13.5,1.0,0,0,0,0,2,81.22041,4.1805553,72.0,80.66389,11.118055,72.0,0,,,4.0,50005.0,4
51247,59,38,21,14,2,1,1,1,2,2,12.07,81.0,58.0,12.07,79.0,58.0,86009.0, ,12.0,5.0,5,2,21,0,2,59,37.0,75.35,16.2,37.0,79.0,18.9,1.0,0,0,1,0,2,75.35,16.2,37.0,79.0,18.9,37.0,0,,,5.0,86009.0,5
51247,59,38,21,14,2,1,1,1,2,2,12.07,81.0,58.0,12.07,79.0,58.0,86009.0, ,12.0,5.0,5,1,38,0,2,59,21.0,85.430954,4.7933335,21.0,84.52381,0.036190476,,1,0,1,0,2,75.35,16.2,37.0,79.0,18.9,37.0,1,21.0,21.0,5.0,86009.0,5
51255,118,50,68,22,1,1,1,2,5,2,22.54,73.0,71.0,37.14,62.0,70.0,62000.0, ,11.0,9.0,5,1,40,0,2,80,37.0,62.16,40.5,38.0,74.89,23.7,1.0,0,0,0,0,2,61.78648,38.00986,71.0,73.21833,23.605556,72.0,0,,,9.0,62000.0,9
51255,118,50,68,22,1,1,1,2,5,2,22.54,73.0,71.0,37.14,62.0,70.0,62000.0, ,11.0,9.0,5,2,40,0,2,80,34.0,61.38,35.3,34.0,71.35,23.5,1.0,0,0,0,0,2,61.78648,38.00986,71.0,73.21833,23.605556,72.0,0,,,9.0,62000.0,9
51256,79,40,39,17,1,1,1,2,2,2,18.84,71.0,69.0,49.3,61.0,71.0,62000.0, ,11.0,10.0,5,1,40,0,2,79,39.0,61.08,43.6,38.0,68.89,18.4,1.0,0,0,0,0,2,60.778027,49.323944,71.0,70.79493,18.849276,69.0,0,,,10.0,62000.0,10
51256,79,40,39,17,1,1,1,2,2,2,18.84,71.0,69.0,49.3,61.0,71.0,62000.0, ,11.0,10.0,5,2,39,0,2,79,32.0,60.41,56.3,31.0,73.13,19.4,1.0,0,0,0,0,2,60.778027,49.323944,71.0,70.79493,18.849276,69.0,0,,,10.0,62000.0,10
51257,106,65,41,23,2,1,1,3,3,3,27.72,71.0,101.0,30.69,60.0,101.0,62000.0, ,12.0,20.0,5,2,30,0,3,106,29.0,63.86,20.7,29.0,73.52,20.7,1.0,0,0,1,0,3,63.14803,28.772728,66.0,73.985306,24.231817,66.0,0,,,20.0,62000.0,20
51257,106,65,41,23,2,1,1,3,3,3,27.72,71.0,101.0,30.69,60.0,101.0,62000.0, ,12.0,20.0,5,3,39,0,3,106,37.0,62.59,35.1,37.0,74.35,27.0,1.0,0,0,1,0,3,63.14803,28.772728,66.0,73.985306,24.231817,66.0,0,,,20.0,62000.0,20
51257,106,65,41,23,2,1,1,3,3,3,27.72,71.0,101.0,30.69,60.0,101.0,62000.0, ,12.0,20.0,5,1,37,0,3,106,35.0,54.063713,34.305428,35.0,65.370575,34.297714,,1,0,1,0,3,63.14803,28.772728,66.0,73.985306,24.231817,66.0,1,35.0,35.0,20.0,62000.0,20
51259,90,47,43,24,1,1,1,1,3,3,23.17,77.0,82.0,23.17,73.0,82.0,63008.0,,11.0,4.0,5,1,29,0,3,90,26.0,69.31,15.4,26.0,78.88,19.2,1.0,0,0,1,0,3,74.73547,18.864151,53.0,77.12755,18.843397,53.0,0,,,4.0,63008.0,4
51259,90,47,43,24,1,1,1,1,3,3,23.17,77.0,82.0,23.17,73.0,82.0,63008.0,,11.0,4.0,5,3,30,0,3,90,27.0,79.96,22.2,27.0,75.44,18.5,1.0,0,0,1,0,3,74.73547,18.864151,53.0,77.12755,18.843397,53.0,0,,,4.0,63008.0,4
51259,90,47,43,24,1,1,1,1,3,3,23.17,77.0,82.0,23.17,73.0,82.0,63008.0,,11.0,4.0,5,2,31,0,3,90,29.0,69.82828,31.03931,29.0,76.7669,31.077242,,1,0,1,0,3,74.73547,18.864151,53.0,77.12755,18.843397,53.0,1,29.0,29.0,4.0,63008.0,4
51263,33,33,0,9,2,1,1,1,1,1,9.09,79.0,33.0,24.24,72.0,33.0,61002.0, ,12.0,2.0,5,1,33,0,1,33,33.0,71.82,24.2,33.0,79.39,9.1,1.0,0,0,0,0,1,71.82,24.2,33.0,79.39,9.1,33.0,0,,,2.0,61002.0,2
51266,122,73,49,20,1,1,1,1,3,3,13.91,83.0,115.0,13.04,77.0,115.0,64006.0,,11.0,1.0,5,1,41,0,3,122,39.0,78.92,2.6,39.0,82.08,12.8,1.0,0,0,0,0,3,77.058784,13.069565,115.0,82.58435,13.913043,115.0,0,,,1.0,64006.0,1
51266,122,73,49,20,1,1,1,1,3,3,13.91,83.0,115.0,13.04,77.0,115.0,64006.0,,11.0,1.0,5,2,41,0,3,122,36.0,80.33,5.6,36.0,85.78,2.8,1.0,0,0,0,0,3,77.058784,13.069565,115.0,82.58435,13.913043,115.0,0,,,1.0,64006.0,1
51266,122,73,49,20,1,1,1,1,3,3,13.91,83.0,115.0,13.04,77.0,115.0,64006.0,,11.0,1.0,5,3,40,0,3,122,40.0,72.3,30.0,40.0,80.2,25.0,1.0,0,0,0,0,3,77.058784,13.069565,115.0,82.58435,13.913043,115.0,0,,,1.0,64006.0,1
51267,52,26,26,16,1,1,1,3,2,2,46.51,59.0,43.0,65.91,48.0,44.0,66001.0,,11.0,17.0,5,1,28,0,2,52,24.0,48.79,66.7,24.0,56.5,54.2,1.0,0,0,1,0,2,48.79,66.7,24.0,56.5,54.2,24.0,0,,,17.0,66001.0,17
51267,52,26,26,16,1,1,1,3,2,2,46.51,59.0,43.0,65.91,48.0,44.0,66001.0,,11.0,17.0,5,2,24,0,2,52,20.0,47.052,64.962,19.0,62.157894,36.796314,,1,0,1,0,2,48.79,66.7,24.0,56.5,54.2,24.0,1,19.0,20.0,17.0,66001.0,17
51269,66,32,34,16,1,1,1,2,2,2,24.19,76.0,62.0,17.74,67.0,62.0,26500.0, ,11.0,14.0,5,1,33,0,2,66,32.0,63.94,21.9,32.0,75.44,25.0,1.0,0,0,0,0,2,66.630325,17.73871,62.0,76.325485,24.17742,62.0,0,,,14.0,26500.0,14
51269,66,32,34,16,1,1,1,2,2,2,24.19,76.0,62.0,17.74,67.0,62.0,26500.0, ,11.0,14.0,5,2,33,0,2,66,30.0,69.5,13.3,30.0,77.27,23.3,1.0,0,0,0,0,2,66.630325,17.73871,62.0,76.325485,24.17742,62.0,0,,,14.0,26500.0,14
51273,43,26,17,17,1,1,1,1,2,2,23.68,78.0,38.0,18.42,68.0,38.0,66001.0,,11.0,8.0,5,2,22,0,2,43,19.0,68.11,21.1,19.0,78.58,31.6,1.0,0,0,1,0,2,68.11,21.1,19.0,78.58,31.6,19.0,0,,,8.0,66001.0,8
51273,43,26,17,17,1,1,1,1,2,2,23.68,78.0,38.0,18.42,68.0,38.0,66001.0,,11.0,8.0,5,1,21,0,2,43,19.0,67.89,15.74,19.0,77.42,15.76,,1,0,1,0,2,68.11,21.1,19.0,78.58,31.6,19.0,1,19.0,19.0,8.0,66001.0,8
51275,83,39,44,17,1,1,1,1,3,2,11.59,86.0,69.0,1.47,86.0,68.0,26203.0, ,11.0,8.0,5,1,32,0,2,70,33.0,82.27,3.0,34.0,81.5,17.6,1.0,0,0,0,0,2,85.57441,1.4558823,68.0,85.69493,11.563768,69.0,0,,,8.0,26203.0,8
51275,83,39,44,17,1,1,1,1,3,2,11.59,86.0,69.0,1.47,86.0,68.0,26203.0, ,11.0,8.0,5,2,38,0,2,70,35.0,88.69,0.0,35.0,89.77,5.7,1.0,0,0,0,0,2,85.57441,1.4558823,68.0,85.69493,11.563768,69.0,0,,,8.0,26203.0,8
51276,82,42,40,24,2,1,1,3,3,3,28.99,72.0,69.0,45.71,62.0,70.0,61002.0, ,12.0,14.0,5,1,28,0,3,82,27.0,75.74,22.2,27.0,83.41,0.0,1.0,0,0,0,0,3,61.701286,45.70714,70.0,71.9871,28.994204,69.0,0,,,14.0,61002.0,14
51276,82,42,40,24,2,1,1,3,3,3,28.99,72.0,69.0,45.71,62.0,70.0,61002.0, ,12.0,14.0,5,2,30,0,3,82,22.0,57.14,59.1,23.0,68.48,26.1,1.0,0,0,0,0,3,61.701286,45.70714,70.0,71.9871,28.994204,69.0,0,,,14.0,61002.0,14
51276,82,42,40,24,2,1,1,3,3,3,28.99,72.0,69.0,45.71,62.0,70.0,61002.0, ,12.0,14.0,5,3,24,0,3,82,21.0,48.43,61.9,19.0,60.0,73.7,1.0,0,0,0,0,3,61.701286,45.70714,70.0,71.9871,28.994204,69.0,0,,,14.0,61002.0,14
51277,81,44,37,23,1,1,1,2,3,3,37.66,67.0,77.0,38.96,58.0,77.0,66001.0,,11.0,13.0,5,1,26,0,3,81,23.0,61.78,26.1,23.0,68.65,43.5,1.0,0,0,0,0,3,57.87104,38.955845,77.0,66.921036,37.675323,77.0,0,,,13.0,66001.0,13
51277,81,44,37,23,1,1,1,2,3,3,37.66,67.0,77.0,38.96,58.0,77.0,66001.0,,11.0,13.0,5,2,26,0,3,81,25.0,55.32,36.0,25.0,66.48,36.0,1.0,0,0,0,0,3,57.87104,38.955845,77.0,66.921036,37.675323,77.0,0,,,13.0,66001.0,13
51277,81,44,37,23,1,1,1,2,3,3,37.66,67.0,77.0,38.96,58.0,77.0,66001.0,,11.0,13.0,5,3,29,0,3,81,29.0,56.97,51.7,29.0,65.93,34.5,1.0,0,0,0,0,3,57.87104,38.955845,77.0,66.921036,37.675323,77.0,0,,,13.0,66001.0,13
51278,79,39,40,22,1,1,1,1,3,3,7.89,79.0,76.0,17.11,73.0,76.0,86009.0, ,11.0,0.0,5,1,29,0,3,79,28.0,75.07,10.7,28.0,79.36,7.1,1.0,0,0,1,0,3,75.28693,17.3,52.0,78.90769,5.7615385,52.0,0,,,4.0,86009.0,0
51278,79,39,40,22,1,1,1,1,3,3,7.89,79.0,76.0,17.11,73.0,76.0,86009.0, ,11.0,0.0,5,3,25,0,3,79,24.0,75.54,25.0,24.0,78.38,4.2,1.0,0,0,1,0,3,75.28693,17.3,52.0,78.90769,5.7615385,52.0,0,,,4.0,86009.0,0
51278,79,39,40,22,1,1,1,1,3,3,7.89,79.0,76.0,17.11,73.0,76.0,86009.0, ,11.0,0.0,5,2,25,0,3,79,24.0,68.045,16.698334,24.0,79.2,12.501667,,1,0,1,0,3,75.28693,17.3,52.0,78.90769,5.7615385,52.0,1,24.0,24.0,4.0,86009.0,0
51279,87,52,35,15,1,1,1,2,3,3,16.67,79.0,84.0,15.48,78.0,84.0,26500.0, ,11.0,7.0,5,1,28,0,3,88,26.0,69.5,30.8,26.0,75.35,23.1,1.0,0,0,1,0,3,74.563774,20.76415,53.0,78.2283,20.756603,53.0,0,,,7.0,26500.0,7
51279,87,52,35,15,1,1,1,2,3,3,16.67,79.0,84.0,15.48,78.0,84.0,26500.0, ,11.0,7.0,5,2,28,0,3,88,27.0,79.44,11.1,27.0,81.0,18.5,1.0,0,0,1,0,3,74.563774,20.76415,53.0,78.2283,20.756603,53.0,0,,,7.0,26500.0,7
51279,87,52,35,15,1,1,1,2,3,3,16.67,79.0,84.0,15.48,78.0,84.0,26500.0, ,11.0,7.0,5,3,32,0,3,88,31.0,83.87484,6.4458065,31.0,80.31935,9.683226,,1,0,1,0,3,74.563774,20.76415,53.0,78.2283,20.756603,53.0,1,31.0,31.0,7.0,26500.0,7
51281,49,24,25,14,1,1,1,2,2,2,28.57,74.0,42.0,29.17,63.0,48.0,5652.0,,11.0,13.0,5,1,26,0,2,49,26.0,62.46,34.6,23.0,76.13,26.1,1.0,0,0,0,0,2,62.478333,29.145834,48.0,73.71429,28.588095,42.0,0,,,13.0,5652.0,13
51281,49,24,25,14,1,1,1,2,2,2,28.57,74.0,42.0,29.17,63.0,48.0,5652.0,,11.0,13.0,5,2,23,0,2,49,22.0,62.5,22.7,19.0,70.79,31.6,1.0,0,0,0,0,2,62.478333,29.145834,48.0,73.71429,28.588095,42.0,0,,,13.0,5652.0,13
51282,70,35,35,20,1,1,1,2,2,2,19.64,72.0,56.0,36.51,63.0,63.0,62000.0, ,11.0,12.0,5,1,37,0,2,71,33.0,64.36,30.3,33.0,66.82,33.3,1.0,0,0,0,0,2,63.265312,35.91875,64.0,69.5741,24.578688,61.0,0,,,12.0,62000.0,12
51282,70,35,35,20,1,1,1,2,2,2,19.64,72.0,56.0,36.51,63.0,63.0,62000.0, ,11.0,12.0,5,2,34,0,2,71,31.0,62.1,41.9,28.0,72.82,14.3,1.0,0,0,0,0,2,63.265312,35.91875,64.0,69.5741,24.578688,61.0,0,,,12.0,62000.0,12
51283,87,51,36,23,1,1,1,2,3,3,26.67,74.0,75.0,30.67,67.0,75.0,62000.0, ,11.0,15.0,5,1,30,0,3,87,27.0,72.11,25.9,27.0,77.63,29.6,1.0,0,0,1,0,3,68.86294,27.452942,51.0,75.2347,27.435293,51.0,0,,,15.0,62000.0,15
51283,87,51,36,23,1,1,1,2,3,3,26.67,74.0,75.0,30.67,67.0,75.0,62000.0, ,11.0,15.0,5,2,29,0,3,87,24.0,65.21,29.2,24.0,72.54,25.0,1.0,0,0,1,0,3,68.86294,27.452942,51.0,75.2347,27.435293,51.0,0,,,15.0,62000.0,15
51283,87,51,36,23,1,1,1,2,3,3,26.67,74.0,75.0,30.67,67.0,75.0,62000.0, ,11.0,15.0,5,3,28,0,3,87,24.0,63.04125,37.50625,24.0,71.37625,25.04375,,1,0,1,0,3,68.86294,27.452942,51.0,75.2347,27.435293,51.0,1,24.0,24.0,15.0,62000.0,15
51287,99,55,44,15,1,1,1,2,3,3,,,,,,,,,,,5,1,33,0,3,99,29.0,71.41,6.9,28.0,75.86,21.4,1.0,0,1,0,3,3,62.72871,35.49355,93.0,69.665215,32.6,92.0,0,,,7.0,62000.0,7
51287,99,55,44,15,1,1,1,2,3,3,,,,,,,,,,,5,2,33,0,3,99,32.0,56.59,65.6,32.0,67.19,37.5,1.0,0,1,0,3,3,62.72871,35.49355,93.0,69.665215,32.6,92.0,0,,,7.0,62000.0,7
51287,99,55,44,15,1,1,1,2,3,3,,,,,,,,,,,5,3,33,0,3,99,32.0,61.0,31.3,32.0,66.72,37.5,1.0,0,1,0,3,3,62.72871,35.49355,93.0,69.665215,32.6,92.0,0,,,7.0,62000.0,7
51288,41,23,18,13,2,1,1,4,2,2,37.5,70.0,40.0,40.0,53.0,40.0,62000.0, ,12.0,21.0,5,1,20,0,2,41,20.0,55.75,35.0,20.0,70.15,45.0,1.0,0,0,0,0,2,52.95,40.0,40.0,70.425,37.5,40.0,0,,,21.0,62000.0,21
51288,41,23,18,13,2,1,1,4,2,2,37.5,70.0,40.0,40.0,53.0,40.0,62000.0, ,12.0,21.0,5,2,21,0,2,41,20.0,50.15,45.0,20.0,70.7,30.0,1.0,0,0,0,0,2,52.95,40.0,40.0,70.425,37.5,40.0,0,,,21.0,62000.0,21
51289,40,18,22,17,1,1,1,2,1,1,33.33,69.0,33.0,30.3,65.0,33.0,66001.0,,11.0,14.0,5,1,40,0,1,40,36.0,62.47,33.3,35.0,67.97,37.1,1.0,0,0,0,0,1,62.47,33.3,36.0,67.97,37.1,35.0,0,,,14.0,66001.0,14
51290,99,52,47,18,1,1,1,1,3,3,10.31,85.0,97.0,4.12,82.0,97.0,50005.0,-  ,11.0,1.0,5,1,33,0,3,99,33.0,80.03,3.0,33.0,87.36,12.1,1.0,0,0,0,0,3,81.73,4.1185565,97.0,84.64619,10.312371,97.0,0,,,1.0,50005.0,1
51290,99,52,47,18,1,1,1,1,3,3,10.31,85.0,97.0,4.12,82.0,97.0,50005.0,-  ,11.0,1.0,5,2,33,0,3,99,33.0,84.36,3.0,33.0,87.18,9.1,1.0,0,0,0,0,3,81.73,4.1185565,97.0,84.64619,10.312371,97.0,0,,,1.0,50005.0,1
51290,99,52,47,18,1,1,1,1,3,3,10.31,85.0,97.0,4.12,82.0,97.0,50005.0,-  ,11.0,1.0,5,3,33,0,3,99,31.0,80.74,6.5,31.0,79.06,9.7,1.0,0,0,0,0,3,81.73,4.1185565,97.0,84.64619,10.312371,97.0,0,,,1.0,50005.0,1
51291,77,36,41,17,1,1,1,5,3,2,41.51,68.0,53.0,32.14,57.0,56.0,50005.0,-  ,11.0,31.0,5,1,31,0,2,62,29.0,63.66,24.1,27.0,72.85,29.6,1.0,0,0,1,0,2,63.66,24.1,29.0,72.85,29.6,27.0,0,,,31.0,50005.0,31
51291,77,36,41,17,1,1,1,5,3,2,41.51,68.0,53.0,32.14,57.0,56.0,50005.0,-  ,11.0,31.0,5,2,31,0,2,62,27.0,49.84667,40.775555,26.0,62.963463,53.87808,,1,0,1,0,2,63.66,24.1,29.0,72.85,29.6,27.0,1,26.0,27.0,31.0,50005.0,31
51295,47,21,26,17,1,1,1,1,2,2,17.78,79.0,45.0,20.0,71.0,45.0,10496.0, ,11.0,3.0,5,1,26,0,2,47,24.0,68.71,12.5,24.0,78.54,29.2,1.0,0,0,0,0,2,70.80067,20.013334,45.0,79.333336,17.813334,45.0,0,,,3.0,10496.0,3
51295,47,21,26,17,1,1,1,1,2,2,17.78,79.0,45.0,20.0,71.0,45.0,10496.0, ,11.0,3.0,5,2,21,0,2,47,21.0,73.19,28.6,21.0,80.24,4.8,1.0,0,0,0,0,2,70.80067,20.013334,45.0,79.333336,17.813334,45.0,0,,,3.0,10496.0,3
51296,85,38,47,22,2,1,1,2,3,3,13.25,82.0,83.0,21.69,73.0,83.0,26203.0, ,12.0,18.0,5,1,29,0,3,85,27.0,66.63,33.3,27.0,79.78,22.2,1.0,0,0,0,0,3,72.892166,21.692772,83.0,82.2547,13.248193,83.0,0,,,18.0,26203.0,18
51296,85,38,47,22,2,1,1,2,3,3,13.25,82.0,83.0,21.69,73.0,83.0,26203.0, ,12.0,18.0,5,2,26,0,3,85,26.0,73.04,15.4,26.0,81.23,7.7,1.0,0,0,0,0,3,72.892166,21.692772,83.0,82.2547,13.248193,83.0,0,,,18.0,26203.0,18
51296,85,38,47,22,2,1,1,2,3,3,13.25,82.0,83.0,21.69,73.0,83.0,26203.0, ,12.0,18.0,5,3,30,0,3,85,30.0,78.4,16.7,30.0,85.37,10.0,1.0,0,0,0,0,3,72.892166,21.692772,83.0,82.2547,13.248193,83.0,0,,,18.0,26203.0,18
51297,56,38,18,16,1,1,1,2,2,2,23.08,74.0,52.0,40.38,63.0,52.0,26203.0, ,11.0,9.0,5,1,31,0,2,56,28.0,59.86,39.3,28.0,70.36,25.0,1.0,0,0,1,0,2,59.86,39.3,28.0,70.36,25.0,28.0,0,,,9.0,26203.0,9
51297,56,38,18,16,1,1,1,2,2,2,23.08,74.0,52.0,40.38,63.0,52.0,26203.0, ,11.0,9.0,5,2,25,0,2,56,24.0,66.66333,41.64,24.0,78.246666,20.84,,1,0,1,0,2,59.86,39.3,28.0,70.36,25.0,28.0,1,24.0,24.0,9.0,26203.0,9
51298,98,44,54,26,1,1,1,2,3,3,29.89,73.0,87.0,36.67,60.0,90.0,62000.0, ,11.0,8.0,5,1,33,0,3,98,27.0,56.63,48.1,27.0,73.33,33.3,1.0,0,0,0,0,3,59.632,36.633335,90.0,73.34414,29.868965,87.0,0,,,8.0,62000.0,8
51298,98,44,54,26,1,1,1,2,3,3,29.89,73.0,87.0,36.67,60.0,90.0,62000.0, ,11.0,8.0,5,2,30,0,3,98,33.0,69.09,12.1,33.0,76.55,18.2,1.0,0,0,0,0,3,59.632,36.633335,90.0,73.34414,29.868965,87.0,0,,,8.0,62000.0,8
51298,98,44,54,26,1,1,1,2,3,3,29.89,73.0,87.0,36.67,60.0,90.0,62000.0, ,11.0,8.0,5,3,35,0,3,98,30.0,51.93,53.3,27.0,69.44,40.7,1.0,0,0,0,0,3,59.632,36.633335,90.0,73.34414,29.868965,87.0,0,,,8.0,62000.0,8
51299,59,29,30,14,1,1,1,1,2,2,22.81,79.0,57.0,15.79,72.0,57.0,63008.0,,11.0,3.0,5,1,30,0,2,59,28.0,70.75,25.0,28.0,77.75,17.9,1.0,0,0,0,0,2,72.08807,15.791228,57.0,78.65053,22.835087,57.0,0,,,3.0,63008.0,3
51299,59,29,30,14,1,1,1,1,2,2,22.81,79.0,57.0,15.79,72.0,57.0,63008.0,,11.0,3.0,5,2,29,0,2,59,29.0,73.38,6.9,29.0,79.52,27.6,1.0,0,0,0,0,2,72.08807,15.791228,57.0,78.65053,22.835087,57.0,0,,,3.0,63008.0,3
51300,71,38,33,19,1,1,1,1,2,2,20.63,70.0,63.0,52.38,59.0,63.0,62000.0, ,11.0,5.0,5,1,35,0,2,71,35.0,57.66,57.1,35.0,72.11,22.9,1.0,0,0,0,0,2,59.495556,52.344444,63.0,70.20333,20.677778,63.0,0,,,5.0,62000.0,5
51300,71,38,33,19,1,1,1,1,2,2,20.63,70.0,63.0,52.38,59.0,63.0,62000.0, ,11.0,5.0,5,2,36,0,2,71,28.0,61.79,46.4,28.0,67.82,17.9,1.0,0,0,0,0,2,59.495556,52.344444,63.0,70.20333,20.677778,63.0,0,,,5.0,62000.0,5
51302,76,39,37,22,1,1,1,2,2,2,17.91,75.0,67.0,26.47,69.0,68.0,62000.0, ,11.0,10.0,5,1,38,0,2,76,32.0,63.16,34.4,32.0,72.78,15.6,1.0,0,0,0,0,2,68.59177,26.458824,68.0,75.07328,17.898508,67.0,0,,,10.0,62000.0,10
51302,76,39,37,22,1,1,1,2,2,2,17.91,75.0,67.0,26.47,69.0,68.0,62000.0, ,11.0,10.0,5,2,38,0,2,76,36.0,73.42,19.4,35.0,77.17,20.0,1.0,0,0,0,0,2,68.59177,26.458824,68.0,75.07328,17.898508,67.0,0,,,10.0,62000.0,10
51303,95,49,46,22,1,1,1,2,3,3,21.05,76.0,76.0,25.97,66.0,77.0,62000.0, ,11.0,13.0,5,2,33,0,3,96,31.0,67.06,29.0,31.0,74.94,29.0,1.0,0,0,1,0,3,62.148136,35.59661,59.0,73.51153,30.471186,59.0,0,,,13.0,62000.0,13
51303,95,49,46,22,1,1,1,2,3,3,21.05,76.0,76.0,25.97,66.0,77.0,62000.0, ,11.0,13.0,5,3,29,0,3,96,28.0,56.71,42.9,28.0,71.93,32.1,1.0,0,0,1,0,3,62.148136,35.59661,59.0,73.51153,30.471186,59.0,0,,,13.0,62000.0,13
51303,95,49,46,22,1,1,1,2,3,3,21.05,76.0,76.0,25.97,66.0,77.0,62000.0, ,11.0,13.0,5,1,34,0,3,96,18.0,78.62556,,17.0,84.63647,,,1,0,1,0,3,62.148136,35.59661,59.0,73.51153,30.471186,59.0,1,17.0,18.0,13.0,62000.0,13
51304,92,45,47,23,1,1,1,2,4,3,18.18,75.0,77.0,15.79,68.0,76.0,50005.0,-  ,11.0,15.0,5,2,28,0,3,69,22.0,64.55,18.2,22.0,71.05,18.2,1.0,0,0,1,0,3,67.0196,18.032,50.0,76.5044,16.016,50.0,0,,,15.0,50005.0,15
51304,92,45,47,23,1,1,1,2,4,3,18.18,75.0,77.0,15.79,68.0,76.0,50005.0,-  ,11.0,15.0,5,4,12,0,3,69,28.0,68.96,17.9,28.0,80.79,14.3,1.0,0,0,1,0,3,67.0196,18.032,50.0,76.5044,16.016,50.0,0,,,15.0,50005.0,15
51304,92,45,47,23,1,1,1,2,4,3,18.18,75.0,77.0,15.79,68.0,76.0,50005.0,-  ,11.0,15.0,5,3,29,0,3,69,26.0,69.88538,11.478461,27.0,72.21407,22.187407,,1,0,1,0,3,67.0196,18.032,50.0,76.5044,16.016,50.0,1,27.0,26.0,15.0,50005.0,15
51305,45,22,23,9,1,1,1,1,2,2,9.3,83.0,43.0,20.93,76.0,43.0,50005.0,-  ,11.0,1.0,5,1,23,0,2,45,22.0,76.32,22.7,22.0,85.09,13.6,1.0,0,0,0,0,2,76.41767,20.893023,43.0,82.906975,9.302325,43.0,0,,,1.0,50005.0,1
51305,45,22,23,9,1,1,1,1,2,2,9.3,83.0,43.0,20.93,76.0,43.0,50005.0,-  ,11.0,1.0,5,2,22,0,2,45,21.0,76.52,19.0,21.0,80.62,4.8,1.0,0,0,0,0,2,76.41767,20.893023,43.0,82.906975,9.302325,43.0,0,,,1.0,50005.0,1
51307,80,41,39,16,1,1,1,1,3,3,3.95,86.0,76.0,6.49,85.0,77.0,50005.0,-  ,11.0,0.0,5,1,26,0,3,80,24.0,85.29,4.2,24.0,84.58,12.5,1.0,0,0,0,0,3,84.96052,6.498701,77.0,86.09039,3.9473684,76.0,0,,,0.0,50005.0,0
51307,80,41,39,16,1,1,1,1,3,3,3.95,86.0,76.0,6.49,85.0,77.0,50005.0,-  ,11.0,0.0,5,2,29,0,3,80,28.0,83.0,10.7,27.0,87.85,0.0,1.0,0,0,0,0,3,84.96052,6.498701,77.0,86.09039,3.9473684,76.0,0,,,0.0,50005.0,0
51307,80,41,39,16,1,1,1,1,3,3,3.95,86.0,76.0,6.49,85.0,77.0,50005.0,-  ,11.0,0.0,5,3,25,0,3,80,25.0,86.84,4.0,25.0,85.64,0.0,1.0,0,0,0,0,3,84.96052,6.498701,77.0,86.09039,3.9473684,76.0,0,,,0.0,50005.0,0
51308,34,18,16,13,1,1,1,4,2,1,21.74,72.0,23.0,34.78,59.0,23.0,50005.0,-  ,11.0,14.0,5,1,27,0,1,27,25.0,55.68,40.0,25.0,69.76,28.0,1.0,0,0,0,0,1,55.68,40.0,25.0,69.76,28.0,25.0,0,,,14.0,50005.0,14
51309,94,53,41,21,1,1,1,1,3,3,14.94,78.0,87.0,18.39,72.0,87.0,64006.0,,11.0,5.0,5,1,32,0,3,94,31.0,64.87,35.5,31.0,75.71,25.8,1.0,0,0,0,0,3,71.771034,18.37931,87.0,78.03207,14.937931,87.0,0,,,5.0,64006.0,5
51309,94,53,41,21,1,1,1,1,3,3,14.94,78.0,87.0,18.39,72.0,87.0,64006.0,,11.0,5.0,5,2,32,0,3,94,29.0,79.0,10.3,29.0,81.41,6.9,1.0,0,0,0,0,3,71.771034,18.37931,87.0,78.03207,14.937931,87.0,0,,,5.0,64006.0,5
51309,94,53,41,21,1,1,1,1,3,3,14.94,78.0,87.0,18.39,72.0,87.0,64006.0,,11.0,5.0,5,3,30,0,3,94,27.0,71.93,7.4,27.0,77.07,11.1,1.0,0,0,0,0,3,71.771034,18.37931,87.0,78.03207,14.937931,87.0,0,,,5.0,64006.0,5
51310,79,37,42,23,1,1,1,1,3,3,49.32,62.0,73.0,59.46,46.0,74.0,62000.0, ,11.0,14.0,5,1,28,0,3,79,25.0,52.52,56.0,24.0,68.92,33.3,1.0,0,0,0,0,3,45.703648,59.456757,74.0,62.37137,49.29863,73.0,0,,,14.0,62000.0,14
51310,79,37,42,23,1,1,1,1,3,3,49.32,62.0,73.0,59.46,46.0,74.0,62000.0, ,11.0,14.0,5,2,24,0,3,79,23.0,38.83,65.2,23.0,61.09,52.2,1.0,0,0,0,0,3,45.703648,59.456757,74.0,62.37137,49.29863,73.0,0,,,14.0,62000.0,14
51310,79,37,42,23,1,1,1,1,3,3,49.32,62.0,73.0,59.46,46.0,74.0,62000.0, ,11.0,14.0,5,3,27,0,3,79,26.0,45.23,57.7,26.0,57.46,61.5,1.0,0,0,0,0,3,45.703648,59.456757,74.0,62.37137,49.29863,73.0,0,,,14.0,62000.0,14
51311,108,58,50,23,1,1,1,2,3,3,21.65,76.0,97.0,33.67,63.0,98.0,66001.0,,11.0,5.0,5,2,36,0,3,108,36.0,59.75,38.9,33.0,73.58,24.2,1.0,0,0,1,0,3,58.014324,37.82162,74.0,73.565,27.25,66.0,0,,,5.0,66001.0,5
51311,108,58,50,23,1,1,1,2,3,3,21.65,76.0,97.0,33.67,63.0,98.0,66001.0,,11.0,5.0,5,3,36,0,3,108,38.0,56.37,36.8,33.0,73.55,30.3,1.0,0,0,1,0,3,58.014324,37.82162,74.0,73.565,27.25,66.0,0,,,5.0,66001.0,5
51311,108,58,50,23,1,1,1,2,3,3,21.65,76.0,97.0,33.67,63.0,98.0,66001.0,,11.0,5.0,5,1,36,0,3,108,24.0,78.3725,20.869167,31.0,81.1842,9.727419,,1,0,1,0,3,58.014324,37.82162,74.0,73.565,27.25,66.0,1,31.0,24.0,5.0,66001.0,5
51312,54,27,27,14,1,1,1,5,2,2,22.22,72.0,45.0,31.11,65.0,45.0,50005.0,-  ,11.0,23.0,5,1,27,0,2,54,22.0,64.55,22.7,22.0,69.05,31.8,1.0,0,0,0,0,2,64.84644,31.082222,45.0,72.244446,22.19111,45.0,0,,,23.0,50005.0,23
51312,54,27,27,14,1,1,1,5,2,2,22.22,72.0,45.0,31.11,65.0,45.0,50005.0,-  ,11.0,23.0,5,2,27,0,2,54,23.0,65.13,39.1,23.0,75.3,13.0,1.0,0,0,0,0,2,64.84644,31.082222,45.0,72.244446,22.19111,45.0,0,,,23.0,50005.0,23
51313,84,42,42,23,1,1,1,2,3,3,17.65,77.0,85.0,25.88,65.0,85.0,66001.0,,11.0,9.0,5,1,29,0,3,84,30.0,65.27,20.0,30.0,77.7,16.7,1.0,0,0,0,0,3,65.16706,25.882353,85.0,76.56588,17.647058,85.0,0,,,9.0,66001.0,9
51313,84,42,42,23,1,1,1,2,3,3,17.65,77.0,85.0,25.88,65.0,85.0,66001.0,,11.0,9.0,5,2,30,0,3,84,30.0,67.77,30.0,30.0,77.37,13.3,1.0,0,0,0,0,3,65.16706,25.882353,85.0,76.56588,17.647058,85.0,0,,,9.0,66001.0,9
51313,84,42,42,23,1,1,1,2,3,3,17.65,77.0,85.0,25.88,65.0,85.0,66001.0,,11.0,9.0,5,3,25,0,3,84,25.0,61.92,28.0,25.0,74.24,24.0,1.0,0,0,0,0,3,65.16706,25.882353,85.0,76.56588,17.647058,85.0,0,,,9.0,66001.0,9
51314,119,63,56,30,1,1,1,2,3,3,28.18,75.0,110.0,29.09,67.0,110.0,66001.0,,11.0,11.0,5,1,41,0,3,119,38.0,68.24,18.4,38.0,74.63,31.6,1.0,0,0,0,0,3,66.67398,29.171682,113.0,75.05286,29.452679,112.0,0,,,11.0,66001.0,11
51314,119,63,56,30,1,1,1,2,3,3,28.18,75.0,110.0,29.09,67.0,110.0,66001.0,,11.0,11.0,5,2,40,0,3,119,38.0,65.55,36.8,37.0,75.35,29.7,1.0,0,0,0,0,3,66.67398,29.171682,113.0,75.05286,29.452679,112.0,0,,,11.0,66001.0,11
51314,119,63,56,30,1,1,1,2,3,3,28.18,75.0,110.0,29.09,67.0,110.0,66001.0,,11.0,11.0,5,3,38,0,3,119,37.0,66.22,32.4,37.0,75.19,27.0,1.0,0,0,0,0,3,66.67398,29.171682,113.0,75.05286,29.452679,112.0,0,,,11.0,66001.0,11
51315,80,40,40,19,1,1,1,1,2,2,26.92,73.0,78.0,36.71,59.0,79.0,66001.0,,11.0,9.0,5,2,40,0,2,80,39.0,59.54,33.3,38.0,70.74,28.9,1.0,0,0,1,0,2,59.54,33.3,39.0,70.74,28.9,38.0,0,,,9.0,66001.0,9
51315,80,40,40,19,1,1,1,1,2,2,26.92,73.0,78.0,36.71,59.0,79.0,66001.0,,11.0,9.0,5,1,40,0,2,80,40.0,58.4735,40.03475,40.0,75.147,25.039,,1,0,1,0,2,59.54,33.3,39.0,70.74,28.9,38.0,1,40.0,40.0,9.0,66001.0,9
51316,46,15,31,16,1,1,1,1,2,2,10.87,83.0,46.0,13.04,77.0,46.0,86009.0, ,11.0,2.0,5,1,22,0,2,46,22.0,77.73,13.6,22.0,81.86,4.5,1.0,0,0,0,0,2,77.34913,13.026087,46.0,83.1487,10.865217,46.0,0,,,2.0,86009.0,2
51316,46,15,31,16,1,1,1,1,2,2,10.87,83.0,46.0,13.04,77.0,46.0,86009.0, ,11.0,2.0,5,2,24,0,2,46,24.0,77.0,12.5,24.0,84.33,16.7,1.0,0,0,0,0,2,77.34913,13.026087,46.0,83.1487,10.865217,46.0,0,,,2.0,86009.0,2
51317,74,35,39,23,1,1,1,2,2,2,20.83,76.0,72.0,13.89,71.0,72.0,62000.0, ,11.0,8.0,5,1,37,0,2,74,37.0,70.73,5.4,37.0,75.16,24.3,1.0,0,0,0,0,2,70.63764,13.906944,72.0,76.0982,20.8,72.0,0,,,8.0,62000.0,8
51317,74,35,39,23,1,1,1,2,2,2,20.83,76.0,72.0,13.89,71.0,72.0,62000.0, ,11.0,8.0,5,2,37,0,2,74,35.0,70.54,22.9,35.0,77.09,17.1,1.0,0,0,0,0,2,70.63764,13.906944,72.0,76.0982,20.8,72.0,0,,,8.0,62000.0,8
51318,92,48,44,18,1,1,1,1,3,3,11.84,81.0,76.0,5.13,78.0,78.0,64006.0,,11.0,4.0,5,2,30,0,3,92,28.0,82.29,3.6,27.0,86.0,11.1,1.0,0,0,1,0,3,79.42561,3.4982457,57.0,80.49164,12.729091,55.0,0,,,4.0,64006.0,4
51318,92,48,44,18,1,1,1,1,3,3,11.84,81.0,76.0,5.13,78.0,78.0,64006.0,,11.0,4.0,5,3,29,0,3,92,29.0,76.66,3.4,28.0,75.18,14.3,1.0,0,0,1,0,3,79.42561,3.4982457,57.0,80.49164,12.729091,55.0,0,,,4.0,64006.0,4
51318,92,48,44,18,1,1,1,1,3,3,11.84,81.0,76.0,5.13,78.0,78.0,64006.0,,11.0,4.0,5,1,33,0,3,92,21.0,74.13048,9.559048,21.0,82.33143,9.511429,,1,0,1,0,3,79.42561,3.4982457,57.0,80.49164,12.729091,55.0,1,21.0,21.0,4.0,64006.0,4
51319,70,39,31,14,1,1,1,1,3,2,29.63,73.0,54.0,27.27,69.0,55.0,26203.0, ,11.0,8.0,5,1,28,0,2,59,27.0,66.52,29.6,27.0,69.96,29.6,1.0,0,0,0,0,2,68.48268,28.564285,56.0,72.235634,30.872726,55.0,0,,,8.0,26203.0,8
51319,70,39,31,14,1,1,1,1,3,2,29.63,73.0,54.0,27.27,69.0,55.0,26203.0, ,11.0,8.0,5,2,31,0,2,59,29.0,70.31,27.6,28.0,74.43,32.1,1.0,0,0,0,0,2,68.48268,28.564285,56.0,72.235634,30.872726,55.0,0,,,8.0,26203.0,8
51320,118,57,61,22,1,1,1,1,3,3,24.78,72.0,113.0,24.56,63.0,114.0,66001.0,,11.0,5.0,5,1,39,0,3,118,39.0,63.67,33.3,39.0,75.54,15.4,1.0,0,0,0,0,3,63.106052,24.554386,114.0,72.488144,24.77876,113.0,0,,,5.0,66001.0,5
51320,118,57,61,22,1,1,1,1,3,3,24.78,72.0,113.0,24.56,63.0,114.0,66001.0,,11.0,5.0,5,2,39,0,3,118,37.0,66.78,8.1,36.0,75.64,19.4,1.0,0,0,0,0,3,63.106052,24.554386,114.0,72.488144,24.77876,113.0,0,,,5.0,66001.0,5
51320,118,57,61,22,1,1,1,1,3,3,24.78,72.0,113.0,24.56,63.0,114.0,66001.0,,11.0,5.0,5,3,40,0,3,118,38.0,58.95,31.6,38.0,66.37,39.5,1.0,0,0,0,0,3,63.106052,24.554386,114.0,72.488144,24.77876,113.0,0,,,5.0,66001.0,5
51322,45,22,23,9,1,1,1,1,2,2,7.14,85.0,42.0,18.18,79.0,44.0,50005.0,-  ,11.0,1.0,5,1,22,0,2,45,21.0,70.57,28.6,21.0,80.38,9.5,1.0,0,0,0,0,2,78.65659,18.197727,44.0,85.405,7.15,42.0,0,,,1.0,50005.0,1
51322,45,22,23,9,1,1,1,1,2,2,7.14,85.0,42.0,18.18,79.0,44.0,50005.0,-  ,11.0,1.0,5,2,23,0,2,45,23.0,86.04,8.7,21.0,90.43,4.8,1.0,0,0,0,0,2,78.65659,18.197727,44.0,85.405,7.15,42.0,0,,,1.0,50005.0,1
51323,41,19,22,10,1,1,1,0,1,1,3.03,89.0,33.0,2.94,86.0,34.0,50005.0,-  ,11.0,2.0,5,1,41,0,1,41,34.0,85.91,2.9,33.0,89.27,3.0,1.0,0,0,0,0,1,85.91,2.9,34.0,89.27,3.0,33.0,0,,,2.0,50005.0,2
51324,93,46,47,29,1,1,1,1,3,3,27.27,73.0,88.0,32.18,63.0,87.0,66001.0,,11.0,10.0,5,1,32,0,3,93,28.0,60.14,46.4,28.0,70.32,32.1,1.0,0,0,0,0,3,62.95437,32.20345,87.0,72.83837,26.718605,86.0,0,,,10.0,66001.0,10
51324,93,46,47,29,1,1,1,1,3,3,27.27,73.0,88.0,32.18,63.0,87.0,66001.0,,11.0,10.0,5,2,31,0,3,93,31.0,58.97,32.3,30.0,72.77,23.3,1.0,0,0,0,0,3,62.95437,32.20345,87.0,72.83837,26.718605,86.0,0,,,10.0,66001.0,10
51324,93,46,47,29,1,1,1,1,3,3,27.27,73.0,88.0,32.18,63.0,87.0,66001.0,,11.0,10.0,5,3,30,0,3,93,28.0,70.18,17.9,28.0,75.43,25.0,1.0,0,0,0,0,3,62.95437,32.20345,87.0,72.83837,26.718605,86.0,0,,,10.0,66001.0,10
51330,114,52,62,24,1,1,1,1,3,3,22.12,72.0,104.0,25.96,67.0,104.0,62000.0, ,11.0,8.0,5,1,38,0,3,114,37.0,56.78,43.2,36.0,64.22,41.7,1.0,0,0,0,0,3,65.579735,28.55625,112.0,69.93327,25.485455,110.0,0,,,8.0,62000.0,8
51330,114,52,62,24,1,1,1,1,3,3,22.12,72.0,104.0,25.96,67.0,104.0,62000.0, ,11.0,8.0,5,2,38,0,3,114,38.0,65.55,23.7,38.0,71.55,21.1,1.0,0,0,0,0,3,65.579735,28.55625,112.0,69.93327,25.485455,110.0,0,,,8.0,62000.0,8
51330,114,52,62,24,1,1,1,1,3,3,22.12,72.0,104.0,25.96,67.0,104.0,62000.0, ,11.0,8.0,5,3,38,0,3,114,37.0,74.41,18.9,36.0,73.94,13.9,1.0,0,0,0,0,3,65.579735,28.55625,112.0,69.93327,25.485455,110.0,0,,,8.0,62000.0,8
51331,85,42,43,17,1,1,1,1,3,2,7.04,84.0,71.0,4.05,79.0,74.0,26500.0, ,11.0,6.0,5,1,37,0,2,76,35.0,78.94,2.9,32.0,84.41,6.3,1.0,0,0,1,0,2,78.94,2.9,35.0,84.41,6.3,32.0,0,,,6.0,26500.0,6
51331,85,42,43,17,1,1,1,1,3,2,7.04,84.0,71.0,4.05,79.0,74.0,26500.0, ,11.0,6.0,5,2,39,0,2,76,39.0,79.05385,5.0820513,39.0,83.66359,7.6471796,,1,0,1,0,2,78.94,2.9,35.0,84.41,6.3,32.0,1,39.0,39.0,6.0,26500.0,6
51332,107,58,49,19,1,1,1,1,3,3,20.59,79.0,102.0,14.71,73.0,102.0,26500.0, ,11.0,4.0,5,1,35,0,3,107,34.0,76.21,17.6,34.0,78.59,20.6,1.0,0,0,0,0,3,72.51151,16.954718,106.0,77.39453,22.637735,106.0,0,,,4.0,26500.0,4
51332,107,58,49,19,1,1,1,1,3,3,20.59,79.0,102.0,14.71,73.0,102.0,26500.0, ,11.0,4.0,5,2,36,0,3,107,36.0,72.53,19.4,36.0,76.58,22.2,1.0,0,0,0,0,3,72.51151,16.954718,106.0,77.39453,22.637735,106.0,0,,,4.0,26500.0,4
51332,107,58,49,19,1,1,1,1,3,3,20.59,79.0,102.0,14.71,73.0,102.0,26500.0, ,11.0,4.0,5,3,36,0,3,107,36.0,69.0,13.9,36.0,77.08,25.0,1.0,0,0,0,0,3,72.51151,16.954718,106.0,77.39453,22.637735,106.0,0,,,4.0,26500.0,4
51333,119,66,53,21,1,1,1,1,4,3,15.69,78.0,102.0,12.75,74.0,102.0,64006.0,,11.0,6.0,5,1,36,0,3,108,34.0,71.32,14.7,34.0,75.12,20.6,1.0,0,0,0,0,3,74.32147,12.745098,102.0,77.80461,15.691176,102.0,0,,,6.0,64006.0,6
51333,119,66,53,21,1,1,1,1,4,3,15.69,78.0,102.0,12.75,74.0,102.0,64006.0,,11.0,6.0,5,2,34,0,3,108,31.0,75.61,9.7,31.0,80.48,9.7,1.0,0,0,0,0,3,74.32147,12.745098,102.0,77.80461,15.691176,102.0,0,,,6.0,64006.0,6
51333,119,66,53,21,1,1,1,1,4,3,15.69,78.0,102.0,12.75,74.0,102.0,64006.0,,11.0,6.0,5,3,38,0,3,108,37.0,76.0,13.5,37.0,78.03,16.2,1.0,0,0,0,0,3,74.32147,12.745098,102.0,77.80461,15.691176,102.0,0,,,6.0,64006.0,6
51334,119,59,60,21,1,1,1,1,3,3,7.69,86.0,104.0,9.62,75.0,104.0,50005.0,-  ,11.0,0.0,5,1,39,0,3,119,34.0,74.91,8.8,34.0,86.82,5.9,1.0,0,0,0,0,3,75.41289,9.607693,104.0,86.16981,7.725,104.0,0,,,0.0,50005.0,0
51334,119,59,60,21,1,1,1,1,3,3,7.69,86.0,104.0,9.62,75.0,104.0,50005.0,-  ,11.0,0.0,5,2,38,0,3,119,34.0,72.88,11.8,34.0,86.79,11.8,1.0,0,0,0,0,3,75.41289,9.607693,104.0,86.16981,7.725,104.0,0,,,0.0,50005.0,0
51334,119,59,60,21,1,1,1,1,3,3,7.69,86.0,104.0,9.62,75.0,104.0,50005.0,-  ,11.0,0.0,5,3,42,0,3,119,36.0,78.28,8.3,36.0,84.97,5.6,1.0,0,0,0,0,3,75.41289,9.607693,104.0,86.16981,7.725,104.0,0,,,0.0,50005.0,0
51335,72,30,42,16,1,1,1,1,2,2,15.28,78.0,72.0,16.67,71.0,72.0,86009.0, ,11.0,3.0,5,2,36,0,2,72,36.0,71.53,19.4,36.0,79.5,11.1,1.0,0,0,1,0,2,71.53,19.4,36.0,79.5,11.1,36.0,0,,,3.0,86009.0,3
51335,72,30,42,16,1,1,1,1,2,2,15.28,78.0,72.0,16.67,71.0,72.0,86009.0, ,11.0,3.0,5,1,36,0,2,72,36.0,70.47,13.94,36.0,76.5,19.46,,1,0,1,0,2,71.53,19.4,36.0,79.5,11.1,36.0,1,36.0,36.0,3.0,86009.0,3
51338,80,43,37,17,2,1,1,2,2,2,49.33,64.0,75.0,53.33,53.0,75.0,66001.0,,12.0,12.0,5,1,39,0,2,80,36.0,52.39,55.6,36.0,62.86,52.8,1.0,0,0,0,0,2,53.092,53.364,75.0,64.0248,49.368,75.0,0,,,12.0,66001.0,12
51338,80,43,37,17,2,1,1,2,2,2,49.33,64.0,75.0,53.33,53.0,75.0,66001.0,,12.0,12.0,5,2,41,0,2,80,39.0,53.74,51.3,39.0,65.1,46.2,1.0,0,0,0,0,2,53.092,53.364,75.0,64.0248,49.368,75.0,0,,,12.0,66001.0,12
51339,71,39,32,22,1,1,1,3,2,2,20.9,81.0,67.0,19.4,77.0,67.0,62000.0, ,11.0,18.0,5,1,39,0,2,73,40.0,82.05,15.0,40.0,83.25,20.0,1.0,0,0,0,0,2,76.92403,19.392538,67.0,80.642685,20.886568,67.0,0,,,18.0,62000.0,18
51339,71,39,32,22,1,1,1,3,2,2,20.9,81.0,67.0,19.4,77.0,67.0,62000.0, ,11.0,18.0,5,2,34,0,2,73,27.0,69.33,25.9,27.0,76.78,22.2,1.0,0,0,0,0,2,76.92403,19.392538,67.0,80.642685,20.886568,67.0,0,,,18.0,62000.0,18
51340,67,41,26,20,1,1,1,2,3,3,18.64,74.0,59.0,11.86,71.0,59.0,50005.0,-  ,11.0,8.0,5,1,23,0,3,67,22.0,76.86,0.0,22.0,77.59,9.1,1.0,0,0,1,0,3,71.565,13.65,44.0,74.385,20.45,44.0,0,,,8.0,50005.0,8
51340,67,41,26,20,1,1,1,2,3,3,18.64,74.0,59.0,11.86,71.0,59.0,50005.0,-  ,11.0,8.0,5,2,24,0,3,67,22.0,66.27,27.3,22.0,71.18,31.8,1.0,0,0,1,0,3,71.565,13.65,44.0,74.385,20.45,44.0,0,,,8.0,50005.0,8
51340,67,41,26,20,1,1,1,2,3,3,18.64,74.0,59.0,11.86,71.0,59.0,50005.0,-  ,11.0,8.0,5,3,20,0,3,67,15.0,69.34267,6.6093335,15.0,72.87067,13.330667,,1,0,1,0,3,71.565,13.65,44.0,74.385,20.45,44.0,1,15.0,15.0,8.0,50005.0,8
51341,85,48,37,27,1,1,1,2,3,3,19.23,77.0,78.0,26.25,71.0,80.0,66001.0,,11.0,10.0,5,1,29,0,3,85,27.0,69.11,25.9,27.0,73.41,25.9,1.0,0,0,0,0,3,70.749,26.235,80.0,76.808846,19.22436,78.0,0,,,10.0,66001.0,10
51341,85,48,37,27,1,1,1,2,3,3,19.23,77.0,78.0,26.25,71.0,80.0,66001.0,,11.0,10.0,5,2,28,0,3,85,26.0,63.54,42.3,25.0,75.32,24.0,1.0,0,0,0,0,3,70.749,26.235,80.0,76.808846,19.22436,78.0,0,,,10.0,66001.0,10
51341,85,48,37,27,1,1,1,2,3,3,19.23,77.0,78.0,26.25,71.0,80.0,66001.0,,11.0,10.0,5,3,28,0,3,85,27.0,79.33,11.1,26.0,81.77,7.7,1.0,0,0,0,0,3,70.749,26.235,80.0,76.808846,19.22436,78.0,0,,,10.0,66001.0,10
51346,99,53,46,24,1,1,1,3,3,3,51.69,62.0,89.0,49.45,57.0,91.0,62000.0, ,11.0,13.0,5,1,33,0,3,99,31.0,56.65,51.6,31.0,63.94,41.9,1.0,0,0,0,0,3,56.584064,49.45165,91.0,62.037754,51.661797,89.0,0,,,13.0,62000.0,13
51346,99,53,46,24,1,1,1,3,3,3,51.69,62.0,89.0,49.45,57.0,91.0,62000.0, ,11.0,13.0,5,2,33,0,3,99,31.0,55.68,45.2,30.0,57.97,63.3,1.0,0,0,0,0,3,56.584064,49.45165,91.0,62.037754,51.661797,89.0,0,,,13.0,62000.0,13
51346,99,53,46,24,1,1,1,3,3,3,51.69,62.0,89.0,49.45,57.0,91.0,62000.0, ,11.0,13.0,5,3,33,0,3,99,29.0,57.48,51.7,28.0,64.29,50.0,1.0,0,0,0,0,3,56.584064,49.45165,91.0,62.037754,51.661797,89.0,0,,,13.0,62000.0,13
51347,154,88,66,28,1,1,1,1,4,4,36.18,71.0,152.0,27.63,65.0,152.0,66001.0,,11.0,4.0,5,1,38,0,4,154,37.0,65.0,24.3,37.0,67.49,43.2,1.0,0,0,0,0,4,64.560524,27.609869,152.0,71.00612,36.151974,152.0,0,,,4.0,66001.0,4
51347,154,88,66,28,1,1,1,1,4,4,36.18,71.0,152.0,27.63,65.0,152.0,66001.0,,11.0,4.0,5,2,39,0,4,154,39.0,60.36,25.6,39.0,74.82,33.3,1.0,0,0,0,0,4,64.560524,27.609869,152.0,71.00612,36.151974,152.0,0,,,4.0,66001.0,4
51347,154,88,66,28,1,1,1,1,4,4,36.18,71.0,152.0,27.63,65.0,152.0,66001.0,,11.0,4.0,5,3,40,0,4,154,39.0,64.36,35.9,39.0,70.05,41.0,1.0,0,0,0,0,4,64.560524,27.609869,152.0,71.00612,36.151974,152.0,0,,,4.0,66001.0,4
51347,154,88,66,28,1,1,1,1,4,4,36.18,71.0,152.0,27.63,65.0,152.0,66001.0,,11.0,4.0,5,4,37,0,4,154,37.0,68.76,24.3,37.0,71.51,27.0,1.0,0,0,0,0,4,64.560524,27.609869,152.0,71.00612,36.151974,152.0,0,,,4.0,66001.0,4
51352,118,63,55,20,1,1,1,1,3,3,9.28,83.0,97.0,4.12,82.0,97.0,64006.0,,11.0,3.0,5,1,39,0,3,118,34.0,82.06,0.0,34.0,83.29,11.8,1.0,0,0,0,0,3,81.54814,4.15567,97.0,83.09216,9.314433,97.0,0,,,3.0,64006.0,3
51352,118,63,55,20,1,1,1,1,3,3,9.28,83.0,97.0,4.12,82.0,97.0,64006.0,,11.0,3.0,5,2,39,0,3,118,32.0,82.63,6.3,32.0,84.25,6.3,1.0,0,0,0,0,3,81.54814,4.15567,97.0,83.09216,9.314433,97.0,0,,,3.0,64006.0,3
51352,118,63,55,20,1,1,1,1,3,3,9.28,83.0,97.0,4.12,82.0,97.0,64006.0,,11.0,3.0,5,3,40,0,3,118,31.0,79.87,6.5,31.0,81.68,9.7,1.0,0,0,0,0,3,81.54814,4.15567,97.0,83.09216,9.314433,97.0,0,,,3.0,64006.0,3
51353,70,36,34,17,1,1,1,1,2,2,32.81,72.0,64.0,44.78,61.0,67.0,66001.0,,11.0,9.0,5,2,34,0,2,70,34.0,56.79,44.1,33.0,73.85,39.4,1.0,0,0,1,0,2,56.79,44.1,34.0,73.85,39.4,33.0,0,,,9.0,66001.0,9
51353,70,36,34,17,1,1,1,1,2,2,32.81,72.0,64.0,44.78,61.0,67.0,66001.0,,11.0,9.0,5,1,36,0,2,70,33.0,65.33758,45.480606,31.0,70.03065,25.794838,,1,0,1,0,2,56.79,44.1,34.0,73.85,39.4,33.0,1,31.0,33.0,9.0,66001.0,9
51354,104,55,49,21,1,1,1,1,3,3,22.45,73.0,98.0,32.65,61.0,98.0,62000.0, ,11.0,6.0,5,1,34,0,3,104,32.0,65.5,28.1,32.0,73.69,21.9,1.0,0,0,1,0,3,62.89046,32.313847,65.0,72.27862,20.021538,65.0,0,,,6.0,62000.0,6
51354,104,55,49,21,1,1,1,1,3,3,22.45,73.0,98.0,32.65,61.0,98.0,62000.0, ,11.0,6.0,5,2,35,0,3,104,33.0,60.36,36.4,33.0,70.91,18.2,1.0,0,0,1,0,3,62.89046,32.313847,65.0,72.27862,20.021538,65.0,0,,,6.0,62000.0,6
51354,104,55,49,21,1,1,1,1,3,3,22.45,73.0,98.0,32.65,61.0,98.0,62000.0, ,11.0,6.0,5,3,35,0,3,104,33.0,57.276363,33.312122,33.0,74.420906,27.233334,,1,0,1,0,3,62.89046,32.313847,65.0,72.27862,20.021538,65.0,1,33.0,33.0,6.0,62000.0,6
51356,27,11,16,6,2,1,1,3,1,1,30.77,70.0,26.0,34.62,56.0,26.0,26500.0, ,12.0,23.0,5,1,27,0,1,27,26.0,56.12,34.6,26.0,69.73,30.8,1.0,0,0,0,0,1,56.12,34.6,26.0,69.73,30.8,26.0,0,,,23.0,26500.0,23
51360,99,43,56,24,1,1,1,1,3,3,12.77,79.0,94.0,7.45,73.0,94.0,66001.0,,11.0,3.0,5,1,30,0,3,98,30.0,71.97,6.7,30.0,80.23,6.7,1.0,0,0,1,0,3,72.36846,10.792308,65.0,78.754616,10.792308,65.0,0,,,3.0,66001.0,3
51360,99,43,56,24,1,1,1,1,3,3,12.77,79.0,94.0,7.45,73.0,94.0,66001.0,,11.0,3.0,5,3,35,0,3,98,35.0,72.71,14.3,35.0,77.49,14.3,1.0,0,0,1,0,3,72.36846,10.792308,65.0,78.754616,10.792308,65.0,0,,,3.0,66001.0,3
51360,99,43,56,24,1,1,1,1,3,3,12.77,79.0,94.0,7.45,73.0,94.0,66001.0,,11.0,3.0,5,2,33,0,3,98,29.0,74.41552,,29.0,79.55,17.202759,,1,0,1,0,3,72.36846,10.792308,65.0,78.754616,10.792308,65.0,1,29.0,29.0,3.0,66001.0,3
51361,74,37,37,20,1,1,1,1,2,2,18.31,79.0,71.0,28.17,69.0,71.0,66001.0,,11.0,5.0,5,1,37,0,2,74,34.0,65.79,35.3,34.0,76.76,26.5,1.0,0,0,0,0,2,69.25028,28.160563,71.0,79.125916,18.31831,71.0,0,,,5.0,66001.0,5
51361,74,37,37,20,1,1,1,1,2,2,18.31,79.0,71.0,28.17,69.0,71.0,66001.0,,11.0,5.0,5,2,37,0,2,74,37.0,72.43,21.6,37.0,81.3,10.8,1.0,0,0,0,0,2,69.25028,28.160563,71.0,79.125916,18.31831,71.0,0,,,5.0,66001.0,5
51364,63,32,31,12,1,1,1,2,2,2,18.64,77.0,59.0,17.46,73.0,63.0,64006.0,,11.0,9.0,5,1,31,0,2,63,30.0,73.3,23.3,29.0,76.17,20.7,1.0,0,0,0,0,2,73.46238,17.433332,63.0,76.88187,18.666101,59.0,0,,,9.0,64006.0,9
51364,63,32,31,12,1,1,1,2,2,2,18.64,77.0,59.0,17.46,73.0,63.0,64006.0,,11.0,9.0,5,2,32,0,2,63,33.0,73.61,12.1,30.0,77.57,16.7,1.0,0,0,0,0,2,73.46238,17.433332,63.0,76.88187,18.666101,59.0,0,,,9.0,64006.0,9
51365,68,31,37,18,1,1,1,0,2,2,7.81,87.0,64.0,10.94,73.0,64.0,50005.0,-  ,11.0,0.0,5,1,34,0,2,68,32.0,70.22,15.6,32.0,85.97,9.4,1.0,0,0,1,0,2,70.22,15.6,32.0,85.97,9.4,32.0,0,,,0.0,50005.0,0
51365,68,31,37,18,1,1,1,0,2,2,7.81,87.0,64.0,10.94,73.0,64.0,50005.0,-  ,11.0,0.0,5,2,34,0,2,68,32.0,75.78,6.28,32.0,88.03,6.22,,1,0,1,0,2,70.22,15.6,32.0,85.97,9.4,32.0,1,32.0,32.0,0.0,50005.0,0
51367,12,12,0,6,2,1,1,,1,1,50.0,74.0,12.0,25.0,65.0,12.0,62000.0, ,12.0,24.0,5,1,12,0,1,12,12.0,64.42,25.0,12.0,74.0,50.0,1.0,0,0,0,0,1,64.42,25.0,12.0,74.0,50.0,12.0,0,,,24.0,62000.0,24
51368,66,34,32,17,1,1,1,,2,2,0.0,89.0,62.0,8.06,79.0,62.0,50005.0,-  ,11.0,1.0,5,1,32,0,2,66,30.0,77.8,10.0,30.0,88.07,0.0,1.0,0,0,0,0,2,78.744514,8.0903225,62.0,88.72549,0.0,62.0,0,,,1.0,50005.0,1
51368,66,34,32,17,1,1,1,,2,2,0.0,89.0,62.0,8.06,79.0,62.0,50005.0,-  ,11.0,1.0,5,2,34,0,2,66,32.0,79.63,6.3,32.0,89.34,0.0,1.0,0,0,0,0,2,78.744514,8.0903225,62.0,88.72549,0.0,62.0,0,,,1.0,50005.0,1
51369,76,33,43,19,1,1,1,,3,3,25.0,72.0,60.0,30.0,63.0,60.0,62000.0, ,11.0,10.0,5,1,23,0,3,76,23.0,56.96,43.5,22.0,69.73,54.5,1.0,0,0,0,0,3,58.270428,38.58286,70.0,69.10116,33.32464,69.0,0,,,10.0,62000.0,10
51369,76,33,43,19,1,1,1,,3,3,25.0,72.0,60.0,30.0,63.0,60.0,62000.0, ,11.0,10.0,5,2,27,0,3,76,26.0,63.42,38.5,26.0,68.15,23.1,1.0,0,0,0,0,3,58.270428,38.58286,70.0,69.10116,33.32464,69.0,0,,,10.0,62000.0,10
51369,76,33,43,19,1,1,1,,3,3,25.0,72.0,60.0,30.0,63.0,60.0,62000.0, ,11.0,10.0,5,3,26,0,3,76,21.0,53.33,33.3,21.0,69.62,23.8,1.0,0,0,0,0,3,58.270428,38.58286,70.0,69.10116,33.32464,69.0,0,,,10.0,62000.0,10
51371,142,71,71,24,1,1,1,,4,4,16.3,76.0,135.0,21.32,73.0,136.0,66001.0,,11.0,4.0,5,1,37,0,4,142,37.0,76.76,13.5,37.0,75.59,8.1,1.0,0,0,0,0,4,73.17198,21.314707,136.0,76.16089,16.271852,135.0,0,,,4.0,66001.0,4
51371,142,71,71,24,1,1,1,,4,4,16.3,76.0,135.0,21.32,73.0,136.0,66001.0,,11.0,4.0,5,2,37,0,4,142,35.0,69.46,20.0,35.0,77.94,17.1,1.0,0,0,0,0,4,73.17198,21.314707,136.0,76.16089,16.271852,135.0,0,,,4.0,66001.0,4
51371,142,71,71,24,1,1,1,,4,4,16.3,76.0,135.0,21.32,73.0,136.0,66001.0,,11.0,4.0,5,3,38,0,4,142,35.0,73.83,31.4,35.0,77.37,17.1,1.0,0,0,0,0,4,73.17198,21.314707,136.0,76.16089,16.271852,135.0,0,,,4.0,66001.0,4
51371,142,71,71,24,1,1,1,,4,4,16.3,76.0,135.0,21.32,73.0,136.0,66001.0,,11.0,4.0,5,4,30,0,4,142,29.0,72.28,20.7,28.0,73.18,25.0,1.0,0,0,0,0,4,73.17198,21.314707,136.0,76.16089,16.271852,135.0,0,,,4.0,66001.0,4
51372,106,51,55,30,1,1,1,,3,3,27.27,75.0,99.0,33.33,65.0,102.0,66001.0,,11.0,9.0,5,1,34,0,3,106,32.0,57.16,37.5,31.0,71.39,35.5,1.0,0,0,0,0,3,64.689606,33.317646,102.0,74.75657,27.264647,99.0,0,,,9.0,66001.0,9
51372,106,51,55,30,1,1,1,,3,3,27.27,75.0,99.0,33.33,65.0,102.0,66001.0,,11.0,9.0,5,2,37,0,3,106,37.0,70.14,21.6,37.0,77.08,32.4,1.0,0,0,0,0,3,64.689606,33.317646,102.0,74.75657,27.264647,99.0,0,,,9.0,66001.0,9
51372,106,51,55,30,1,1,1,,3,3,27.27,75.0,99.0,33.33,65.0,102.0,66001.0,,11.0,9.0,5,3,35,0,3,106,33.0,65.88,42.4,31.0,75.35,12.9,1.0,0,0,0,0,3,64.689606,33.317646,102.0,74.75657,27.264647,99.0,0,,,9.0,66001.0,9
51375,28,11,17,10,1,1,1,,1,1,59.09,58.0,22.0,34.78,55.0,23.0,24000.0, ,11.0,16.0,5,1,28,0,1,28,23.0,54.52,34.8,22.0,57.59,59.1,1.0,0,0,0,0,1,54.52,34.8,23.0,57.59,59.1,22.0,0,,,16.0,24000.0,16
51412,37,20,17,8,1,1,1,,1,1,21.62,72.0,37.0,40.54,67.0,37.0,66001.0,,11.0,3.0,5,1,37,0,1,37,37.0,66.97,40.5,37.0,71.78,21.6,1.0,0,0,0,0,1,66.97,40.5,37.0,71.78,21.6,37.0,0,,,3.0,66001.0,3
61001,55,27,28,13,2,2,1,1,2,2,32.08,68.0,53.0,35.85,60.0,53.0,4002.0, ,12.0,45.0,5,1,28,0,2,55,27.0,62.0,37.0,27.0,63.59,44.4,1.0,0,0,0,0,2,59.527546,35.822643,53.0,68.14736,32.037735,53.0,0,,,45.0,4002.0,45
61001,55,27,28,13,2,2,1,1,2,2,32.08,68.0,53.0,35.85,60.0,53.0,4002.0, ,12.0,45.0,5,2,27,0,2,55,26.0,56.96,34.6,26.0,72.88,19.2,1.0,0,0,0,0,2,59.527546,35.822643,53.0,68.14736,32.037735,53.0,0,,,45.0,4002.0,45
61003,69,40,29,15,1,1,1,2,3,2,27.78,76.0,54.0,16.67,64.0,54.0,26005.0,,11.0,10.0,5,1,29,0,2,55,28.0,66.32,10.7,28.0,78.64,17.9,1.0,0,0,0,0,2,64.46148,16.67037,54.0,76.03519,27.818518,54.0,0,,,10.0,26005.0,10
61003,69,40,29,15,1,1,1,2,3,2,27.78,76.0,54.0,16.67,64.0,54.0,26005.0,,11.0,10.0,5,2,26,0,2,55,26.0,62.46,23.1,26.0,73.23,38.5,1.0,0,0,0,0,2,64.46148,16.67037,54.0,76.03519,27.818518,54.0,0,,,10.0,26005.0,10
61004,18,9,9,8,2,1,1,4,1,1,11.76,74.0,17.0,5.88,71.0,17.0,26005.0,,12.0,14.0,5,1,18,0,1,18,17.0,70.76,5.9,17.0,73.88,11.8,1.0,0,0,0,0,1,70.76,5.9,17.0,73.88,11.8,17.0,0,,,14.0,26005.0,14
61005,49,28,21,11,1,2,1,5,2,1,18.42,76.0,38.0,18.42,67.0,38.0,7724.0,,11.0,26.0,5,1,38,0,1,38,38.0,66.58,18.4,38.0,76.18,18.4,1.0,0,0,0,0,1,66.58,18.4,38.0,76.18,18.4,38.0,0,,,26.0,7724.0,26
61006,24,12,12,8,1,2,1,5,1,1,36.84,64.0,19.0,28.57,68.0,21.0,315.0,,11.0,33.0,5,1,24,0,1,24,21.0,67.48,28.6,19.0,64.05,36.8,1.0,0,0,0,0,1,67.48,28.6,21.0,64.05,36.8,19.0,0,,,33.0,315.0,33
61007,44,28,16,12,1,2,1,5,2,1,20.0,72.0,35.0,19.44,69.0,36.0,315.0,,11.0,32.0,5,1,36,0,1,36,36.0,68.86,19.4,35.0,71.8,20.0,1.0,0,0,0,0,1,68.86,19.4,36.0,71.8,20.0,35.0,0,,,32.0,315.0,32
61008,33,16,17,9,2,2,1,7,2,1,36.36,74.0,22.0,45.45,58.0,22.0,315.0,,12.0,50.0,5,1,24,0,1,24,22.0,58.09,45.5,22.0,74.14,36.4,1.0,0,0,0,0,1,58.09,45.5,22.0,74.14,36.4,22.0,0,,,50.0,315.0,50
61009,88,49,39,15,1,2,1,3,3,2,18.84,76.0,69.0,27.54,62.0,69.0,703.0,,11.0,15.0,5,1,41,0,2,81,34.0,63.18,29.4,34.0,76.21,17.6,1.0,0,0,1,0,2,63.18,29.4,34.0,76.21,17.6,34.0,0,,,15.0,703.0,15
61009,88,49,39,15,1,2,1,3,3,2,18.84,76.0,69.0,27.54,62.0,69.0,703.0,,11.0,15.0,5,2,40,0,2,81,35.0,60.853714,25.733143,35.0,75.796,20.04457,,1,0,1,0,2,63.18,29.4,34.0,76.21,17.6,34.0,1,35.0,35.0,15.0,703.0,15
61012,61,27,34,19,1,1,1,1,2,2,13.79,79.0,58.0,15.52,70.0,58.0,71001.0,,11.0,7.0,5,1,29,0,2,61,29.0,71.79,10.3,29.0,80.76,17.2,1.0,0,0,0,0,2,70.395,15.5,58.0,79.05,13.75,58.0,0,,,7.0,71001.0,7
61012,61,27,34,19,1,1,1,1,2,2,13.79,79.0,58.0,15.52,70.0,58.0,71001.0,,11.0,7.0,5,2,32,0,2,61,29.0,69.0,20.7,29.0,77.34,10.3,1.0,0,0,0,0,2,70.395,15.5,58.0,79.05,13.75,58.0,0,,,7.0,71001.0,7
61013,36,21,15,15,1,1,1,6,2,2,41.67,66.0,36.0,25.0,66.0,36.0,71001.0,,11.0,32.0,5,2,18,0,2,36,18.0,64.22,11.1,18.0,64.11,38.9,1.0,0,0,1,0,2,64.22,11.1,18.0,64.11,38.9,18.0,0,,,32.0,71001.0,32
61013,36,21,15,15,1,1,1,6,2,2,41.67,66.0,36.0,25.0,66.0,36.0,71001.0,,11.0,32.0,5,1,18,0,2,36,18.0,67.78,38.9,18.0,67.89,44.44,,1,0,1,0,2,64.22,11.1,18.0,64.11,38.9,18.0,1,18.0,18.0,32.0,71001.0,32
61016,61,27,34,17,1,1,1,4,2,2,31.91,69.0,47.0,34.04,68.0,47.0,71001.0,,11.0,28.0,5,1,30,0,2,61,23.0,69.96,21.7,23.0,69.0,26.1,1.0,0,0,0,0,2,68.38724,34.006382,47.0,68.57617,31.921276,47.0,0,,,28.0,71001.0,28
61016,61,27,34,17,1,1,1,4,2,2,31.91,69.0,47.0,34.04,68.0,47.0,71001.0,,11.0,28.0,5,2,31,0,2,61,24.0,66.88,45.8,24.0,68.17,37.5,1.0,0,0,0,0,2,68.38724,34.006382,47.0,68.57617,31.921276,47.0,0,,,28.0,71001.0,28
61018,66,30,36,19,2,1,1,3,2,2,15.38,79.0,65.0,27.69,71.0,65.0,71001.0,,12.0,14.0,5,1,34,0,2,66,33.0,76.55,18.2,33.0,79.85,12.1,1.0,0,0,0,0,2,71.11,27.701538,65.0,79.21492,15.398461,65.0,0,,,14.0,71001.0,14
61018,66,30,36,19,2,1,1,3,2,2,15.38,79.0,65.0,27.69,71.0,65.0,71001.0,,12.0,14.0,5,2,32,0,2,66,32.0,65.5,37.5,32.0,78.56,18.8,1.0,0,0,0,0,2,71.11,27.701538,65.0,79.21492,15.398461,65.0,0,,,14.0,71001.0,14
61019,30,19,11,12,2,1,1,8,1,1,10.71,78.0,28.0,7.14,75.0,28.0,71001.0,,12.0,44.0,5,1,30,0,1,30,28.0,75.29,7.1,28.0,78.07,10.7,1.0,0,0,0,0,1,75.29,7.1,28.0,78.07,10.7,28.0,0,,,44.0,71001.0,44
61020,72,36,36,22,2,1,1,8,3,2,37.7,68.0,61.0,30.0,61.0,60.0,71001.0,,12.0,48.0,5,2,31,0,2,61,31.0,55.84,41.9,31.0,66.77,35.5,1.0,0,0,1,0,2,55.84,41.9,31.0,66.77,35.5,31.0,0,,,48.0,71001.0,48
61020,72,36,36,22,2,1,1,8,3,2,37.7,68.0,61.0,30.0,61.0,60.0,71001.0,,12.0,48.0,5,1,30,0,2,61,29.0,66.51586,17.27931,30.0,69.271,39.97333,,1,0,1,0,2,55.84,41.9,31.0,66.77,35.5,31.0,1,30.0,29.0,48.0,71001.0,48
61021,110,56,54,21,1,1,1,1,4,3,22.58,76.0,93.0,27.17,63.0,92.0,1552.0, ,11.0,4.0,5,1,30,0,3,95,30.0,62.17,23.3,30.0,76.77,23.3,1.0,0,0,1,0,3,62.604763,23.77143,63.0,73.85762,28.538095,63.0,0,,,4.0,1552.0,4
61021,110,56,54,21,1,1,1,1,4,3,22.58,76.0,93.0,27.17,63.0,92.0,1552.0, ,11.0,4.0,5,2,34,0,3,95,33.0,63.0,24.2,33.0,71.21,33.3,1.0,0,0,1,0,3,62.604763,23.77143,63.0,73.85762,28.538095,63.0,0,,,4.0,1552.0,4
61021,110,56,54,21,1,1,1,1,4,3,22.58,76.0,93.0,27.17,63.0,92.0,1552.0, ,11.0,4.0,5,3,31,0,3,95,29.0,63.85862,34.553104,30.0,80.499,10.068,,1,0,1,0,3,62.604763,23.77143,63.0,73.85762,28.538095,63.0,1,30.0,29.0,4.0,1552.0,4
61022,13,7,6,5,1,1,1,0,1,1,23.08,73.0,13.0,46.15,68.0,13.0,3996.0,,11.0,1.0,5,1,12,0,1,12,13.0,67.85,46.2,13.0,72.92,23.1,1.0,0,0,0,0,1,67.85,46.2,13.0,72.92,23.1,13.0,0,,,1.0,3996.0,1
61023,89,42,47,19,1,1,1,2,3,3,30.0,73.0,80.0,34.52,58.0,84.0,90001.0, ,11.0,23.0,5,1,32,0,3,93,29.0,58.48,34.5,29.0,73.83,24.1,1.0,0,0,1,0,3,59.326183,30.907272,55.0,73.757545,26.409433,53.0,0,,,23.0,90001.0,23
61023,89,42,47,19,1,1,1,2,3,3,30.0,73.0,80.0,34.52,58.0,84.0,90001.0, ,11.0,23.0,5,3,29,0,3,93,26.0,60.27,26.9,24.0,73.67,29.2,1.0,0,0,1,0,3,59.326183,30.907272,55.0,73.757545,26.409433,53.0,0,,,23.0,90001.0,23
61023,89,42,47,19,1,1,1,2,3,3,30.0,73.0,80.0,34.52,58.0,84.0,90001.0, ,11.0,23.0,5,2,32,0,3,93,29.0,55.48483,41.371723,27.0,71.51296,37.04815,,1,0,1,0,3,59.326183,30.907272,55.0,73.757545,26.409433,53.0,1,27.0,29.0,23.0,90001.0,23
61024,89,43,46,12,1,1,1,4,3,3,,,,,,,,,,,5,1,35,0,3,90,35.0,58.63,48.6,35.0,79.0,14.3,1.0,0,1,0,3,3,59.744,34.447777,90.0,74.640564,20.21573,89.0,0,,,20.0,90001.0,20
61024,89,43,46,12,1,1,1,4,3,3,,,,,,,,,,,5,2,28,0,3,90,28.0,61.96,25.0,27.0,75.96,18.5,1.0,0,1,0,3,3,59.744,34.447777,90.0,74.640564,20.21573,89.0,0,,,20.0,90001.0,20
61024,89,43,46,12,1,1,1,4,3,3,,,,,,,,,,,5,3,27,0,3,90,27.0,58.89,25.9,27.0,67.67,29.6,1.0,0,1,0,3,3,59.744,34.447777,90.0,74.640564,20.21573,89.0,0,,,20.0,90001.0,20
61025,62,32,30,16,1,1,1,4,2,2,40.0,68.0,55.0,23.33,63.0,60.0,90001.0, ,11.0,23.0,5,2,33,0,2,65,31.0,65.55,12.9,29.0,65.79,48.3,1.0,0,0,1,0,2,65.55,12.9,31.0,65.79,48.3,29.0,0,,,23.0,90001.0,23
61025,62,32,30,16,1,1,1,4,2,2,40.0,68.0,55.0,23.33,63.0,60.0,90001.0, ,11.0,23.0,5,1,32,0,2,65,29.0,60.27414,34.47931,26.0,70.465,30.742308,,1,0,1,0,2,65.55,12.9,31.0,65.79,48.3,29.0,1,26.0,29.0,23.0,90001.0,23
61026,55,28,27,19,1,1,1,5,2,2,46.15,62.0,52.0,41.51,57.0,53.0,90001.0, ,11.0,31.0,5,1,28,0,2,56,25.0,62.64,40.0,25.0,63.68,48.0,1.0,0,0,0,0,2,57.436226,41.532074,53.0,61.655,46.130768,52.0,0,,,31.0,90001.0,31
61026,55,28,27,19,1,1,1,5,2,2,46.15,62.0,52.0,41.51,57.0,53.0,90001.0, ,11.0,31.0,5,2,28,0,2,56,28.0,52.79,42.9,27.0,59.78,44.4,1.0,0,0,0,0,2,57.436226,41.532074,53.0,61.655,46.130768,52.0,0,,,31.0,90001.0,31
61027,69,32,37,22,1,1,1,4,2,2,41.94,62.0,62.0,43.48,55.0,69.0,90001.0, ,11.0,31.0,5,1,35,0,2,71,34.0,57.29,41.2,32.0,62.38,34.4,1.0,0,0,0,0,2,55.387825,43.48261,69.0,61.988064,41.948387,62.0,0,,,31.0,90001.0,31
61027,69,32,37,22,1,1,1,4,2,2,41.94,62.0,62.0,43.48,55.0,69.0,90001.0, ,11.0,31.0,5,2,36,0,2,71,35.0,53.54,45.7,30.0,61.57,50.0,1.0,0,0,0,0,2,55.387825,43.48261,69.0,61.988064,41.948387,62.0,0,,,31.0,90001.0,31
61030,57,31,26,17,1,1,1,4,2,2,29.09,73.0,55.0,12.73,70.0,55.0,90001.0, ,11.0,15.0,5,1,28,0,2,57,27.0,70.96,3.7,27.0,72.41,18.5,1.0,0,0,0,0,2,69.616,12.710909,55.0,73.14818,29.08909,55.0,0,,,15.0,90001.0,15
61030,57,31,26,17,1,1,1,4,2,2,29.09,73.0,55.0,12.73,70.0,55.0,90001.0, ,11.0,15.0,5,2,29,0,2,57,28.0,68.32,21.4,28.0,73.86,39.3,1.0,0,0,0,0,2,69.616,12.710909,55.0,73.14818,29.08909,55.0,0,,,15.0,90001.0,15
61031,38,23,15,13,1,1,1,4,1,1,50.0,67.0,36.0,21.62,67.0,37.0,90001.0, ,11.0,28.0,5,1,38,0,1,38,37.0,66.59,21.6,36.0,66.83,50.0,1.0,0,0,0,0,1,66.59,21.6,37.0,66.83,50.0,36.0,0,,,28.0,90001.0,28
61032,109,59,50,20,1,1,1,2,5,3,45.78,65.0,83.0,27.91,60.0,86.0,90001.0, ,11.0,17.0,5,1,28,0,3,86,30.0,58.8,26.7,28.0,66.46,46.4,1.0,0,0,0,0,3,59.653023,27.93721,86.0,65.39651,45.79518,83.0,0,,,17.0,90001.0,17
61032,109,59,50,20,1,1,1,2,5,3,45.78,65.0,83.0,27.91,60.0,86.0,90001.0, ,11.0,17.0,5,2,30,0,3,86,28.0,63.79,28.6,28.0,69.18,28.6,1.0,0,0,0,0,3,59.653023,27.93721,86.0,65.39651,45.79518,83.0,0,,,17.0,90001.0,17
61032,109,59,50,20,1,1,1,2,5,3,45.78,65.0,83.0,27.91,60.0,86.0,90001.0, ,11.0,17.0,5,3,28,0,3,86,28.0,56.43,28.6,27.0,60.37,63.0,1.0,0,0,0,0,3,59.653023,27.93721,86.0,65.39651,45.79518,83.0,0,,,17.0,90001.0,17
61033,93,50,43,22,1,1,1,2,3,3,46.05,63.0,76.0,32.56,60.0,86.0,90001.0, ,11.0,10.0,5,1,33,0,3,98,31.0,59.71,41.9,23.0,66.22,47.8,1.0,0,0,0,0,3,59.64,32.544186,86.0,63.383553,46.055264,76.0,0,,,10.0,90001.0,10
61033,93,50,43,22,1,1,1,2,3,3,46.05,63.0,76.0,32.56,60.0,86.0,90001.0, ,11.0,10.0,5,2,32,0,3,98,29.0,64.55,20.7,27.0,64.89,55.6,1.0,0,0,0,0,3,59.64,32.544186,86.0,63.383553,46.055264,76.0,0,,,10.0,90001.0,10
61033,93,50,43,22,1,1,1,2,3,3,46.05,63.0,76.0,32.56,60.0,86.0,90001.0, ,11.0,10.0,5,3,33,0,3,98,26.0,54.08,34.6,26.0,59.31,34.6,1.0,0,0,0,0,3,59.64,32.544186,86.0,63.383553,46.055264,76.0,0,,,10.0,90001.0,10
61035,23,12,11,10,2,1,1,6,1,1,42.86,71.0,21.0,63.64,52.0,22.0,90001.0, ,12.0,38.0,5,1,22,0,1,22,22.0,51.59,63.6,21.0,70.9,42.9,1.0,0,0,0,0,1,51.59,63.6,22.0,70.9,42.9,21.0,0,,,38.0,90001.0,38
61037,73,31,42,19,2,1,1,3,2,2,20.59,77.0,68.0,34.85,64.0,66.0,90001.0, ,12.0,20.0,5,1,31,0,2,73,28.0,61.64,39.3,29.0,72.72,34.5,1.0,0,0,0,0,2,64.25394,34.866665,66.0,77.394264,20.620588,68.0,0,,,20.0,90001.0,20
61037,73,31,42,19,2,1,1,3,2,2,20.59,77.0,68.0,34.85,64.0,66.0,90001.0, ,12.0,20.0,5,2,42,0,2,73,38.0,66.18,31.6,39.0,80.87,10.3,1.0,0,0,0,0,2,64.25394,34.866665,66.0,77.394264,20.620588,68.0,0,,,20.0,90001.0,20
61038,47,21,26,16,2,1,1,7,2,2,41.86,68.0,43.0,39.53,61.0,43.0,90001.0, ,12.0,40.0,5,1,25,0,2,47,22.0,64.95,31.8,22.0,69.18,40.9,1.0,0,0,0,0,2,60.60349,39.516277,43.0,67.5586,41.876743,43.0,0,,,40.0,90001.0,40
61038,47,21,26,16,2,1,1,7,2,2,41.86,68.0,43.0,39.53,61.0,43.0,90001.0, ,12.0,40.0,5,2,22,0,2,47,21.0,56.05,47.6,21.0,65.86,42.9,1.0,0,0,0,0,2,60.60349,39.516277,43.0,67.5586,41.876743,43.0,0,,,40.0,90001.0,40
61040,21,15,6,9,2,1,1,6,1,1,66.67,58.0,18.0,55.56,47.0,18.0,90001.0, ,12.0,53.0,5,1,21,0,1,21,18.0,47.22,55.6,18.0,57.89,66.7,1.0,0,0,0,0,1,47.22,55.6,18.0,57.89,66.7,18.0,0,,,53.0,90001.0,53
61042,31,19,12,9,2,2,1,8,2,1,25.0,66.0,24.0,33.33,56.0,24.0,7237.0, ,12.0,45.0,5,1,23,0,1,23,24.0,55.88,33.3,24.0,66.33,25.0,1.0,0,0,0,0,1,55.88,33.3,24.0,66.33,25.0,24.0,0,,,45.0,7237.0,45
61047,20,8,12,7,2,2,1,8,1,1,33.33,77.0,18.0,22.22,71.0,18.0,7468.0,,12.0,36.0,5,1,20,0,1,20,18.0,70.83,22.2,18.0,76.89,33.3,1.0,0,0,0,0,1,70.83,22.2,18.0,76.89,33.3,18.0,0,,,36.0,7468.0,36
61049,98,47,51,17,1,1,1,1,4,3,14.63,78.0,82.0,33.73,67.0,83.0,4242.0,,11.0,2.0,5,1,33,0,3,94,29.0,69.97,27.6,29.0,77.9,6.9,1.0,0,0,0,0,3,66.7853,33.715664,83.0,78.35415,14.628049,82.0,0,,,2.0,4242.0,2
61049,98,47,51,17,1,1,1,1,4,3,14.63,78.0,82.0,33.73,67.0,83.0,4242.0,,11.0,2.0,5,2,30,0,3,94,27.0,65.22,40.7,26.0,78.73,7.7,1.0,0,0,0,0,3,66.7853,33.715664,83.0,78.35415,14.628049,82.0,0,,,2.0,4242.0,2
61049,98,47,51,17,1,1,1,1,4,3,14.63,78.0,82.0,33.73,67.0,83.0,4242.0,,11.0,2.0,5,3,31,0,3,94,27.0,64.93,33.3,27.0,78.48,29.6,1.0,0,0,0,0,3,66.7853,33.715664,83.0,78.35415,14.628049,82.0,0,,,2.0,4242.0,2
61055,62,30,32,13,2,1,1,2,2,2,16.42,81.0,67.0,28.36,70.0,67.0,6924.0,,12.0,9.0,5,2,29,0,2,62,33.0,68.88,33.3,33.0,79.18,21.2,1.0,0,0,1,0,2,68.88,33.3,33.0,79.18,21.2,33.0,0,,,9.0,6924.0,9
61055,62,30,32,13,2,1,1,2,2,2,16.42,81.0,67.0,28.36,70.0,67.0,6924.0,,12.0,9.0,5,1,33,0,2,62,34.0,71.08706,23.565294,34.0,82.76647,11.780588,,1,0,1,0,2,68.88,33.3,33.0,79.18,21.2,33.0,1,34.0,34.0,9.0,6924.0,9
61058,57,33,24,8,1,2,1,5,2,2,20.59,71.0,34.0,23.53,69.0,34.0,22004.0,,11.0,32.0,5,1,29,0,2,57,14.0,79.36,21.4,14.0,74.29,21.4,1.0,0,0,0,0,2,69.001175,23.517647,34.0,71.060585,20.576471,34.0,0,,,32.0,22004.0,32
61058,57,33,24,8,1,2,1,5,2,2,20.59,71.0,34.0,23.53,69.0,34.0,22004.0,,11.0,32.0,5,2,28,0,2,57,20.0,61.75,25.0,20.0,68.8,20.0,1.0,0,0,0,0,2,69.001175,23.517647,34.0,71.060585,20.576471,34.0,0,,,32.0,22004.0,32
61063,21,12,9,6,1,1,1,1,1,1,52.38,70.0,21.0,47.62,60.0,21.0,4069.0,-,11.0,0.0,5,1,21,0,1,21,21.0,59.86,47.6,21.0,70.05,52.4,1.0,0,0,0,0,1,59.86,47.6,21.0,70.05,52.4,21.0,0,,,0.0,4069.0,0
61064,14,6,8,9,1,1,1,1,1,1,20.0,83.0,15.0,13.33,77.0,15.0,3970.0,,11.0,1.0,5,1,16,0,1,16,15.0,77.2,13.3,15.0,82.67,20.0,1.0,0,0,0,0,1,77.2,13.3,15.0,82.67,20.0,15.0,0,,,1.0,3970.0,1
61065,24,14,10,5,1,1,1,0,1,1,8.33,87.0,24.0,16.67,75.0,24.0,3582.0, ,11.0,1.0,5,1,24,0,1,24,24.0,74.88,16.7,24.0,87.17,8.3,1.0,0,0,0,0,1,74.88,16.7,24.0,87.17,8.3,24.0,0,,,1.0,3582.0,1
61070,101,53,48,20,1,2,1,5,4,3,44.44,60.0,81.0,65.43,45.0,81.0,8318.0,,11.0,35.0,5,2,31,0,3,93,26.0,49.0,65.4,26.0,57.81,50.0,1.0,0,0,1,0,3,44.602547,67.29818,55.0,59.12818,45.465454,55.0,0,,,35.0,8318.0,35
61070,101,53,48,20,1,2,1,5,4,3,44.44,60.0,81.0,65.43,45.0,81.0,8318.0,,11.0,35.0,5,3,31,0,3,93,29.0,40.66,69.0,29.0,60.31,41.4,1.0,0,0,1,0,3,44.602547,67.29818,55.0,59.12818,45.465454,55.0,0,,,35.0,8318.0,35
61070,101,53,48,20,1,2,1,5,4,3,44.44,60.0,81.0,65.43,45.0,81.0,8318.0,,11.0,35.0,5,1,31,0,3,93,26.0,45.84077,61.478077,26.0,61.84423,42.27077,,1,0,1,0,3,44.602547,67.29818,55.0,59.12818,45.465454,55.0,1,26.0,26.0,35.0,8318.0,35
61073,68,35,33,16,1,2,1,5,3,2,14.81,80.0,54.0,3.7,79.0,54.0,10801.0,,11.0,30.0,5,1,29,0,2,58,28.0,77.57,3.6,28.0,82.0,17.9,1.0,0,0,0,0,2,79.13,3.6962962,54.0,79.794815,14.818519,54.0,0,,,30.0,10801.0,30
61073,68,35,33,16,1,2,1,5,3,2,14.81,80.0,54.0,3.7,79.0,54.0,10801.0,,11.0,30.0,5,2,29,0,2,58,26.0,80.81,3.8,26.0,77.42,11.5,1.0,0,0,0,0,2,79.13,3.6962962,54.0,79.794815,14.818519,54.0,0,,,30.0,10801.0,30
61074,92,42,50,20,1,2,1,1,4,3,18.57,77.0,70.0,10.14,73.0,69.0,8292.0,,11.0,5.0,5,1,24,0,3,80,22.0,73.23,18.2,22.0,74.91,18.2,1.0,0,0,0,0,3,73.37753,10.123188,69.0,76.83,18.577143,70.0,0,,,5.0,8292.0,5
61074,92,42,50,20,1,2,1,1,4,3,18.57,77.0,70.0,10.14,73.0,69.0,8292.0,,11.0,5.0,5,2,28,0,3,80,24.0,73.75,8.3,24.0,78.92,8.3,1.0,0,0,0,0,3,73.37753,10.123188,69.0,76.83,18.577143,70.0,0,,,5.0,8292.0,5
61074,92,42,50,20,1,2,1,1,4,3,18.57,77.0,70.0,10.14,73.0,69.0,8292.0,,11.0,5.0,5,3,28,0,3,80,23.0,73.13,4.3,24.0,76.5,29.2,1.0,0,0,0,0,3,73.37753,10.123188,69.0,76.83,18.577143,70.0,0,,,5.0,8292.0,5
61077,24,15,9,6,2,2,1,6,1,1,16.67,71.0,24.0,29.17,67.0,24.0,10827.0,,12.0,34.0,5,1,23,0,1,23,24.0,67.0,29.17,24.0,71.0,16.67,,1,0,1,0,1,,,,,,,1,,,34.0,10827.0,34
61079,52,34,18,13,1,2,1,2,2,2,17.02,76.0,47.0,25.53,72.0,47.0,992.0, ,11.0,12.0,5,1,28,0,2,56,25.0,75.56,16.0,25.0,79.24,20.0,1.0,0,0,0,0,2,71.61872,25.548937,47.0,76.25362,17.004255,47.0,0,,,12.0,992.0,12
61079,52,34,18,13,1,2,1,2,2,2,17.02,76.0,47.0,25.53,72.0,47.0,992.0, ,11.0,12.0,5,2,28,0,2,56,22.0,67.14,36.4,22.0,72.86,13.6,1.0,0,0,0,0,2,71.61872,25.548937,47.0,76.25362,17.004255,47.0,0,,,12.0,992.0,12
61080,25,14,11,8,1,1,1,0,1,1,25.0,81.0,20.0,28.57,64.0,21.0,4218.0, ,11.0,2.0,5,1,26,0,1,26,21.0,64.14,28.6,20.0,80.7,25.0,1.0,0,0,0,0,1,64.14,28.6,21.0,80.7,25.0,20.0,0,,,2.0,4218.0,2
61081,15,6,9,7,1,1,1,1,1,1,,,,,,,,,,,5,1,15,0,1,15,12.0,75.83,8.3,12.0,80.17,8.3,1.0,0,1,0,1,1,75.83,8.3,12.0,80.17,8.3,12.0,0,,,2.0,3954.0,2
61084,27,13,14,7,1,1,1,1,1,1,15.38,80.0,26.0,42.31,64.0,26.0,3152.0,,11.0,3.0,5,1,27,0,1,27,26.0,63.85,42.3,26.0,79.92,15.4,1.0,0,0,0,0,1,63.85,42.3,26.0,79.92,15.4,26.0,0,,,3.0,3152.0,3
61085,55,30,25,13,1,2,1,5,2,2,16.36,81.0,55.0,7.27,73.0,55.0,3095.0,,11.0,25.0,5,1,24,0,2,55,25.0,72.68,4.0,25.0,80.84,24.0,1.0,0,0,1,0,2,72.68,4.0,25.0,80.84,24.0,25.0,0,,,25.0,3095.0,25
61085,55,30,25,13,1,2,1,5,2,2,16.36,81.0,55.0,7.27,73.0,55.0,3095.0,,11.0,25.0,5,2,31,0,2,55,30.0,73.26667,9.995,30.0,81.13333,9.993333,,1,0,1,0,2,72.68,4.0,25.0,80.84,24.0,25.0,1,30.0,30.0,25.0,3095.0,25
61089,66,33,33,15,1,1,1,1,2,2,26.15,75.0,65.0,16.92,66.0,65.0,3590.0,,11.0,4.0,5,1,32,0,2,66,34.0,65.97,14.7,33.0,76.85,27.3,1.0,0,0,0,0,2,65.64569,16.941538,65.0,75.40262,26.167692,65.0,0,,,4.0,3590.0,4
61089,66,33,33,15,1,1,1,1,2,2,26.15,75.0,65.0,16.92,66.0,65.0,3590.0,,11.0,4.0,5,2,34,0,2,66,31.0,65.29,19.4,32.0,73.91,25.0,1.0,0,0,0,0,2,65.64569,16.941538,65.0,75.40262,26.167692,65.0,0,,,4.0,3590.0,4
61093,59,0,59,14,2,2,1,7,3,2,35.42,66.0,48.0,70.83,46.0,48.0,2469.0,,12.0,50.0,5,2,24,0,2,50,23.0,41.3,87.0,23.0,67.91,47.8,1.0,0,0,1,0,2,41.3,87.0,23.0,67.91,47.8,23.0,0,,,50.0,2469.0,50
61093,59,0,59,14,2,2,1,7,3,2,35.42,66.0,48.0,70.83,46.0,48.0,2469.0,,12.0,50.0,5,1,26,0,2,50,25.0,50.324,55.9536,25.0,64.2428,24.0304,,1,0,1,0,2,41.3,87.0,23.0,67.91,47.8,23.0,1,25.0,25.0,50.0,2469.0,50
61095,26,15,11,9,2,1,1,1,1,1,16.67,79.0,24.0,25.0,66.0,24.0,4192.0,,12.0,5.0,5,1,26,0,1,26,24.0,65.83,25.0,24.0,78.5,16.7,1.0,0,0,0,0,1,65.83,25.0,24.0,78.5,16.7,24.0,0,,,5.0,4192.0,5
61101,62,30,32,14,1,2,1,4,2,2,24.07,74.0,54.0,9.26,68.0,54.0,26302.0, ,11.0,24.0,5,2,32,0,2,64,29.0,71.28,0.0,29.0,77.0,20.7,1.0,0,0,1,0,2,71.28,0.0,29.0,77.0,20.7,29.0,0,,,24.0,26302.0,24
61101,62,30,32,14,1,2,1,4,2,2,24.07,74.0,54.0,9.26,68.0,54.0,26302.0, ,11.0,24.0,5,1,32,0,2,64,25.0,64.1952,20.0016,25.0,70.52,27.9792,,1,0,1,0,2,71.28,0.0,29.0,77.0,20.7,29.0,1,25.0,25.0,24.0,26302.0,24
61102,66,29,37,14,1,2,1,2,3,2,9.09,83.0,55.0,10.91,75.0,55.0,26302.0, ,11.0,17.0,5,1,31,0,2,62,27.0,76.41,7.4,27.0,81.37,11.1,1.0,0,0,0,0,2,74.92854,10.912727,55.0,82.67327,9.063637,55.0,0,,,17.0,26302.0,17
61102,66,29,37,14,1,2,1,2,3,2,9.09,83.0,55.0,10.91,75.0,55.0,26302.0, ,11.0,17.0,5,2,31,0,2,62,28.0,73.5,14.3,28.0,83.93,7.1,1.0,0,0,0,0,2,74.92854,10.912727,55.0,82.67327,9.063637,55.0,0,,,17.0,26302.0,17
61103,69,36,33,18,2,2,1,7,2,2,22.39,73.0,67.0,26.87,64.0,67.0,26302.0, ,12.0,54.0,5,1,35,0,2,69,35.0,65.06,17.1,35.0,71.43,22.9,1.0,0,0,0,0,2,63.91373,26.843283,67.0,72.81985,22.422388,67.0,0,,,54.0,26302.0,54
61103,69,36,33,18,2,2,1,7,2,2,22.39,73.0,67.0,26.87,64.0,67.0,26302.0, ,12.0,54.0,5,2,34,0,2,69,32.0,62.66,37.5,32.0,74.34,21.9,1.0,0,0,0,0,2,63.91373,26.843283,67.0,72.81985,22.422388,67.0,0,,,54.0,26302.0,54
61104,34,20,14,16,2,2,1,8,2,2,34.48,69.0,29.0,46.67,56.0,30.0,26302.0, ,12.0,35.0,5,1,20,0,2,34,11.0,66.64,18.2,11.0,76.45,9.1,1.0,0,0,0,0,2,56.468666,46.7,30.0,69.47965,34.486206,29.0,0,,,35.0,26302.0,35
61104,34,20,14,16,2,2,1,8,2,2,34.48,69.0,29.0,46.67,56.0,30.0,26302.0, ,12.0,35.0,5,2,14,0,2,34,19.0,50.58,63.2,18.0,65.22,50.0,1.0,0,0,0,0,2,56.468666,46.7,30.0,69.47965,34.486206,29.0,0,,,35.0,26302.0,35
61105,80,44,36,18,1,2,1,5,3,2,29.23,68.0,65.0,27.27,62.0,66.0,10348.0, ,11.0,24.0,5,1,36,0,2,71,33.0,61.55,30.3,31.0,64.68,32.3,1.0,0,0,0,0,2,61.7,27.25,66.0,68.26308,29.266153,65.0,0,,,24.0,10348.0,24
61105,80,44,36,18,1,2,1,5,3,2,29.23,68.0,65.0,27.27,62.0,66.0,10348.0, ,11.0,24.0,5,2,35,0,2,71,33.0,61.85,24.2,34.0,71.53,26.5,1.0,0,0,0,0,2,61.7,27.25,66.0,68.26308,29.266153,65.0,0,,,24.0,10348.0,24
61106,62,39,23,15,2,2,1,6,3,2,43.64,67.0,55.0,56.36,56.0,55.0,10348.0, ,12.0,46.0,5,2,25,0,2,60,24.0,47.0,62.5,24.0,61.63,54.2,1.0,0,0,1,0,2,47.0,62.5,24.0,61.63,54.2,24.0,0,,,46.0,10348.0,46
61106,62,39,23,15,2,2,1,6,3,2,43.64,67.0,55.0,56.36,56.0,55.0,10348.0, ,12.0,46.0,5,1,35,0,2,60,31.0,62.967743,51.606453,31.0,71.15742,35.464516,,1,0,1,0,2,47.0,62.5,24.0,61.63,54.2,24.0,1,31.0,31.0,46.0,10348.0,46
61108,13,6,7,7,1,1,1,1,1,1,,,,,,,,,,,5,1,14,0,1,14,14.0,62.79,50.0,13.0,80.0,46.2,1.0,0,1,0,1,1,62.79,50.0,14.0,80.0,46.2,13.0,0,,,0.0,3541.0,0
61116,42,20,22,9,1,2,1,6,1,1,32.5,58.0,40.0,12.82,66.0,39.0,10314.0,,11.0,38.0,5,1,44,0,1,44,39.0,66.23,12.8,40.0,58.03,32.5,1.0,0,0,0,0,1,66.23,12.8,39.0,58.03,32.5,40.0,0,,,38.0,10314.0,38
61117,41,23,18,13,2,2,1,9,2,2,31.58,69.0,38.0,42.11,62.0,38.0,10314.0,,12.0,52.0,5,1,23,0,2,41,22.0,73.05,27.3,22.0,77.82,13.6,1.0,0,0,0,0,2,61.504738,42.12105,38.0,69.5,31.578947,38.0,0,,,52.0,10314.0,52
61117,41,23,18,13,2,2,1,9,2,2,31.58,69.0,38.0,42.11,62.0,38.0,10314.0,,12.0,52.0,5,2,18,0,2,41,16.0,45.63,62.5,16.0,58.06,56.3,1.0,0,0,0,0,2,61.504738,42.12105,38.0,69.5,31.578947,38.0,0,,,52.0,10314.0,52
61121,28,11,17,8,2,2,1,6,2,1,33.33,68.0,21.0,47.62,55.0,21.0,10959.0, ,12.0,32.0,5,1,22,0,1,22,21.0,55.0,47.62,21.0,68.0,33.33,,1,0,1,0,1,,,,,,,1,,,32.0,10959.0,32
61124,20,9,11,9,2,2,1,8,1,1,31.58,64.0,19.0,57.89,52.0,19.0,8144.0,,12.0,58.0,5,1,20,0,1,20,19.0,52.16,57.9,19.0,64.0,31.6,1.0,0,0,0,0,1,52.16,57.9,19.0,64.0,31.6,19.0,0,,,58.0,8144.0,58
61136,36,17,19,12,1,2,1,4,1,1,30.0,85.0,20.0,15.0,76.0,20.0,703.0,,11.0,27.0,5,1,39,0,1,39,20.0,76.2,15.0,20.0,85.05,30.0,1.0,0,0,0,0,1,76.2,15.0,20.0,85.05,30.0,20.0,0,,,27.0,703.0,27
61137,51,28,23,12,2,2,1,7,2,2,30.95,70.0,42.0,43.18,54.0,44.0,703.0,,12.0,35.0,5,1,24,0,2,50,23.0,59.74,47.8,23.0,71.09,26.1,1.0,0,0,0,0,2,54.160683,43.170456,44.0,69.97714,30.940475,42.0,0,,,35.0,703.0,35
61137,51,28,23,12,2,2,1,7,2,2,30.95,70.0,42.0,43.18,54.0,44.0,703.0,,12.0,35.0,5,2,26,0,2,50,21.0,48.05,38.1,19.0,68.63,36.8,1.0,0,0,0,0,2,54.160683,43.170456,44.0,69.97714,30.940475,42.0,0,,,35.0,703.0,35
61138,72,40,32,17,1,1,1,6,3,2,51.92,61.0,52.0,32.08,58.0,53.0,71001.0,,11.0,31.0,5,1,30,0,2,42,24.0,58.67,33.3,25.0,55.84,64.0,1.0,0,0,0,0,2,58.434715,32.041508,53.0,60.616924,51.901924,52.0,0,,,31.0,71001.0,31
61138,72,40,32,17,1,1,1,6,3,2,51.92,61.0,52.0,32.08,58.0,53.0,71001.0,,11.0,31.0,5,2,12,0,2,42,29.0,58.24,31.0,27.0,65.04,40.7,1.0,0,0,0,0,2,58.434715,32.041508,53.0,60.616924,51.901924,52.0,0,,,31.0,71001.0,31
61139,28,14,14,12,2,1,1,8,1,1,40.74,68.0,27.0,25.93,58.0,27.0,71001.0,,12.0,49.0,5,1,28,0,1,28,27.0,58.04,25.9,27.0,67.56,40.7,1.0,0,0,0,0,1,58.04,25.9,27.0,67.56,40.7,27.0,0,,,49.0,71001.0,49
61140,36,17,19,8,1,1,1,4,1,1,50.0,65.0,28.0,54.84,51.0,31.0,90001.0, ,11.0,25.0,5,1,34,0,1,34,31.0,51.19,54.8,28.0,64.57,50.0,1.0,0,0,0,0,1,51.19,54.8,31.0,64.57,50.0,28.0,0,,,25.0,90001.0,25
61141,47,23,24,14,2,2,1,8,2,2,22.73,70.0,44.0,48.89,57.0,45.0,22004.0,,12.0,52.0,5,2,23,0,2,50,22.0,50.5,50.0,22.0,66.59,27.3,1.0,0,0,1,0,2,50.5,50.0,22.0,66.59,27.3,22.0,0,,,52.0,22004.0,52
61141,47,23,24,14,2,2,1,8,2,2,22.73,70.0,44.0,48.89,57.0,45.0,22004.0,,12.0,52.0,5,1,27,0,2,50,23.0,63.217392,47.828262,22.0,73.41,18.16,,1,0,1,0,2,50.5,50.0,22.0,66.59,27.3,22.0,1,22.0,23.0,52.0,22004.0,52
61142,27,14,13,8,2,2,1,9,2,1,66.67,46.0,15.0,40.0,50.0,15.0,8318.0,,12.0,51.0,5,2,9,0,1,9,15.0,49.67,40.0,15.0,46.0,66.7,1.0,0,0,0,0,1,49.67,40.0,15.0,46.0,66.7,15.0,0,,,51.0,8318.0,51
61143,110,60,50,30,1,2,1,3,4,3,19.35,75.0,93.0,22.45,70.0,98.0,26302.0, ,11.0,21.0,5,2,33,0,3,78,33.0,72.58,24.2,31.0,75.48,19.4,1.0,0,0,0,0,3,69.87704,22.443878,98.0,74.5243,19.350538,93.0,0,,,21.0,26302.0,21
61143,110,60,50,30,1,2,1,3,4,3,19.35,75.0,93.0,22.45,70.0,98.0,26302.0, ,11.0,21.0,5,3,33,0,3,78,32.0,64.56,31.3,30.0,70.0,23.3,1.0,0,0,0,0,3,69.87704,22.443878,98.0,74.5243,19.350538,93.0,0,,,21.0,26302.0,21
61143,110,60,50,30,1,2,1,3,4,3,19.35,75.0,93.0,22.45,70.0,98.0,26302.0, ,11.0,21.0,5,4,12,0,3,78,33.0,72.33,12.1,32.0,77.84,15.6,1.0,0,0,0,0,3,69.87704,22.443878,98.0,74.5243,19.350538,93.0,0,,,21.0,26302.0,21
61145,65,34,31,13,1,2,1,2,2,2,18.33,79.0,60.0,31.25,62.0,64.0,25601.0,,11.0,6.0,5,1,33,0,2,65,33.0,64.3,33.3,31.0,78.0,16.1,1.0,0,0,1,0,2,64.3,33.3,33.0,78.0,16.1,31.0,0,,,6.0,25601.0,6
61145,65,34,31,13,1,2,1,2,2,2,18.33,79.0,60.0,31.25,62.0,64.0,25601.0,,11.0,6.0,5,2,32,0,2,65,31.0,59.551613,29.067741,29.0,80.06896,20.713793,,1,0,1,0,2,64.3,33.3,33.0,78.0,16.1,31.0,1,29.0,31.0,6.0,25601.0,6
61149,62,28,34,13,1,2,1,5,2,2,44.44,61.0,54.0,30.36,59.0,56.0,22004.0,,11.0,37.0,5,1,32,0,2,63,28.0,65.89,25.0,27.0,64.33,33.3,1.0,0,0,0,0,2,58.945,30.35,56.0,60.83,44.45,54.0,0,,,37.0,22004.0,37
61149,62,28,34,13,1,2,1,5,2,2,44.44,61.0,54.0,30.36,59.0,56.0,22004.0,,11.0,37.0,5,2,31,0,2,63,28.0,52.0,35.7,27.0,57.33,55.6,1.0,0,0,0,0,2,58.945,30.35,56.0,60.83,44.45,54.0,0,,,37.0,22004.0,37
61150,38,22,16,11,1,2,1,6,1,1,50.0,65.0,34.0,47.06,50.0,34.0,22004.0,,11.0,46.0,5,1,39,0,1,39,34.0,50.35,47.1,34.0,64.85,50.0,1.0,0,0,0,0,1,50.35,47.1,34.0,64.85,50.0,34.0,0,,,46.0,22004.0,46
61151,42,42,0,12,2,2,1,7,2,2,10.0,73.0,40.0,25.0,68.0,40.0,2469.0,,12.0,42.0,5,1,20,0,2,42,19.0,63.37,26.3,19.0,69.63,10.5,1.0,0,0,0,0,2,68.49925,24.9875,40.0,72.84825,9.975,40.0,0,,,42.0,2469.0,42
61151,42,42,0,12,2,2,1,7,2,2,10.0,73.0,40.0,25.0,68.0,40.0,2469.0,,12.0,42.0,5,2,22,0,2,42,21.0,73.14,23.8,21.0,75.76,9.5,1.0,0,0,0,0,2,68.49925,24.9875,40.0,72.84825,9.975,40.0,0,,,42.0,2469.0,42
61152,30,13,17,9,1,2,1,8,1,1,25.0,78.0,28.0,26.67,70.0,30.0,10314.0,,11.0,32.0,5,1,30,0,1,30,30.0,70.13,26.7,28.0,78.21,25.0,1.0,0,0,0,0,1,70.13,26.7,30.0,78.21,25.0,28.0,0,,,32.0,10314.0,32
61156,15,9,6,12,2,1,1,9,1,1,71.43,59.0,14.0,57.14,53.0,14.0,71001.0,,12.0,67.0,5,1,15,0,1,15,14.0,53.0,57.14,14.0,59.0,71.43,,1,0,1,0,1,,,,,,,1,,,67.0,71001.0,67
61157,60,28,32,15,1,1,1,1,2,2,25.93,73.0,54.0,12.96,71.0,54.0,26005.0,,11.0,10.0,5,1,32,0,2,66,26.0,68.31,19.2,26.0,75.38,19.2,1.0,0,0,0,0,2,71.29667,12.925926,54.0,73.33185,25.88889,54.0,0,,,10.0,26005.0,10
61157,60,28,32,15,1,1,1,1,2,2,25.93,73.0,54.0,12.96,71.0,54.0,26005.0,,11.0,10.0,5,2,34,0,2,66,28.0,74.07,7.1,28.0,71.43,32.1,1.0,0,0,0,0,2,71.29667,12.925926,54.0,73.33185,25.88889,54.0,0,,,10.0,26005.0,10
61163,53,28,25,21,2,1,1,8,3,2,27.5,67.0,40.0,27.5,66.0,40.0,71001.0,,12.0,51.0,5,2,21,0,2,43,18.0,70.94,16.7,18.0,71.22,27.8,1.0,0,0,1,0,2,70.94,16.7,18.0,71.22,27.8,18.0,0,,,51.0,71001.0,51
61163,53,28,25,21,2,1,1,8,3,2,27.5,67.0,40.0,27.5,66.0,40.0,71001.0,,12.0,51.0,5,1,22,0,2,43,22.0,61.958183,36.336365,22.0,63.54727,27.254545,,1,0,1,0,2,70.94,16.7,18.0,71.22,27.8,18.0,1,22.0,22.0,51.0,71001.0,51
61165,56,33,23,17,2,1,1,8,2,2,51.85,54.0,54.0,63.64,49.0,55.0,90001.0, ,12.0,60.0,5,1,28,0,2,57,27.0,54.11,48.1,27.0,69.26,22.2,1.0,0,0,0,0,2,48.800182,63.627274,55.0,53.535,51.85,54.0,0,,,60.0,90001.0,60
61165,56,33,23,17,2,1,1,8,2,2,51.85,54.0,54.0,63.64,49.0,55.0,90001.0, ,12.0,60.0,5,2,29,0,2,57,28.0,43.68,78.6,27.0,37.81,81.5,1.0,0,0,0,0,2,48.800182,63.627274,55.0,53.535,51.85,54.0,0,,,60.0,90001.0,60
61168,20,12,8,3,1,1,1,,1,1,,,,,,,,,,,5,1,19,0,1,19,,,,,,,,1,1,1,1,1,,,,,,,1,,,0.0,20230.0,0
61169,50,23,27,8,1,2,1,4,3,2,16.22,76.0,37.0,28.0,65.0,50.0,26302.0, ,11.0,25.0,5,1,24,0,2,48,25.0,61.0,44.0,18.0,74.17,27.8,1.0,0,0,0,0,2,64.94,28.0,50.0,76.111084,16.245947,37.0,0,,,25.0,26302.0,25
61169,50,23,27,8,1,2,1,4,3,2,16.22,76.0,37.0,28.0,65.0,50.0,26302.0, ,11.0,25.0,5,2,24,0,2,48,25.0,68.88,12.0,19.0,77.95,5.3,1.0,0,0,0,0,2,64.94,28.0,50.0,76.111084,16.245947,37.0,0,,,25.0,26302.0,25
61171,19,12,7,8,1,1,1,1,1,1,26.32,85.0,19.0,15.79,77.0,19.0,8854.0, ,11.0,2.0,5,1,19,0,1,19,19.0,76.63,15.8,19.0,84.79,26.3,1.0,0,0,0,0,1,76.63,15.8,19.0,84.79,26.3,19.0,0,,,2.0,11403.0,2
61172,38,18,20,10,1,2,1,6,1,1,29.73,71.0,37.0,23.68,60.0,38.0,22004.0,,11.0,43.0,5,1,38,0,1,38,38.0,60.0,23.68,37.0,71.0,29.73,,1,0,1,0,1,,,,,,,1,,,43.0,22004.0,43
61173,9,5,4,9,2,2,1,6,1,1,33.33,67.0,9.0,40.0,56.0,10.0,992.0, ,12.0,36.0,5,1,11,0,1,11,10.0,55.6,40.0,9.0,66.56,33.3,1.0,0,0,0,0,1,55.6,40.0,10.0,66.56,33.3,9.0,0,,,36.0,992.0,36
61174,55,30,25,14,1,2,1,2,2,2,30.61,71.0,49.0,28.57,64.0,49.0,703.0,,11.0,13.0,5,1,28,0,2,57,25.0,62.16,28.0,25.0,70.6,28.0,1.0,0,0,0,0,2,63.95755,28.587755,49.0,71.00163,30.595919,49.0,0,,,13.0,703.0,13
61174,55,30,25,14,1,2,1,2,2,2,30.61,71.0,49.0,28.57,64.0,49.0,703.0,,11.0,13.0,5,2,29,0,2,57,24.0,65.83,29.2,24.0,71.42,33.3,1.0,0,0,0,0,2,63.95755,28.587755,49.0,71.00163,30.595919,49.0,0,,,13.0,703.0,13
61178,57,33,24,14,2,2,1,7,3,2,44.19,67.0,43.0,34.88,56.0,43.0,22004.0,,12.0,52.0,5,1,21,0,2,46,18.0,62.28,27.8,18.0,68.83,44.4,1.0,0,0,0,0,2,55.67535,34.893024,43.0,67.39395,44.167442,43.0,0,,,52.0,22004.0,52
61178,57,33,24,14,2,2,1,7,3,2,44.19,67.0,43.0,34.88,56.0,43.0,22004.0,,12.0,52.0,5,2,25,0,2,46,25.0,50.92,40.0,25.0,66.36,44.0,1.0,0,0,0,0,2,55.67535,34.893024,43.0,67.39395,44.167442,43.0,0,,,52.0,22004.0,52
61179,88,48,40,20,1,2,1,3,3,3,17.5,73.0,80.0,10.98,70.0,82.0,10348.0, ,11.0,21.0,5,2,29,0,3,88,28.0,62.54,14.3,28.0,66.32,17.9,1.0,0,0,1,0,3,69.18,12.5,56.0,70.12852,22.233334,54.0,0,,,21.0,10348.0,21
61179,88,48,40,20,1,2,1,3,3,3,17.5,73.0,80.0,10.98,70.0,82.0,10348.0, ,11.0,21.0,5,3,31,0,3,88,28.0,75.82,10.7,26.0,74.23,26.9,1.0,0,0,1,0,3,69.18,12.5,56.0,70.12852,22.233334,54.0,0,,,21.0,10348.0,21
61179,88,48,40,20,1,2,1,3,3,3,17.5,73.0,80.0,10.98,70.0,82.0,10348.0, ,11.0,21.0,5,1,28,0,3,88,26.0,71.76615,7.706154,26.0,78.963844,7.669231,,1,0,1,0,3,69.18,12.5,56.0,70.12852,22.233334,54.0,1,26.0,26.0,21.0,10348.0,21
61183,85,42,43,22,1,1,1,2,3,3,20.48,79.0,83.0,14.46,72.0,83.0,71001.0,,11.0,11.0,5,1,28,0,3,87,28.0,72.89,10.7,28.0,81.43,17.9,1.0,0,0,1,0,3,73.0537,12.962963,54.0,81.44444,16.696297,54.0,0,,,11.0,71001.0,11
61183,85,42,43,22,1,1,1,2,3,3,20.48,79.0,83.0,14.46,72.0,83.0,71001.0,,11.0,11.0,5,3,30,0,3,87,26.0,73.23,15.4,26.0,81.46,15.4,1.0,0,0,1,0,3,73.0537,12.962963,54.0,81.44444,16.696297,54.0,0,,,11.0,71001.0,11
61183,85,42,43,22,1,1,1,2,3,3,20.48,79.0,83.0,14.46,72.0,83.0,71001.0,,11.0,11.0,5,2,29,0,3,87,29.0,70.03793,17.247585,29.0,74.44827,27.525517,,1,0,1,0,3,73.0537,12.962963,54.0,81.44444,16.696297,54.0,1,29.0,29.0,11.0,71001.0,11
61186,60,27,33,11,1,1,1,1,2,2,16.67,81.0,60.0,20.0,75.0,60.0,6668.0,,11.0,4.0,5,1,30,0,2,60,30.0,72.17,16.7,30.0,81.9,16.7,1.0,0,0,0,0,2,75.4,20.0,60.0,81.135,16.7,60.0,0,,,4.0,6668.0,4
61186,60,27,33,11,1,1,1,1,2,2,16.67,81.0,60.0,20.0,75.0,60.0,6668.0,,11.0,4.0,5,2,30,0,2,60,30.0,78.63,23.3,30.0,80.37,16.7,1.0,0,0,0,0,2,75.4,20.0,60.0,81.135,16.7,60.0,0,,,4.0,6668.0,4
61188,56,24,32,14,1,2,1,4,3,2,16.28,73.0,43.0,27.27,60.0,44.0,703.0,,11.0,20.0,5,1,25,0,2,50,21.0,55.24,38.1,21.0,74.33,4.8,1.0,0,0,0,0,2,59.73023,27.279545,44.0,72.53419,16.311628,43.0,0,,,20.0,703.0,20
61188,56,24,32,14,1,2,1,4,3,2,16.28,73.0,43.0,27.27,60.0,44.0,703.0,,11.0,20.0,5,2,25,0,2,50,23.0,63.83,17.4,22.0,70.82,27.3,1.0,0,0,0,0,2,59.73023,27.279545,44.0,72.53419,16.311628,43.0,0,,,20.0,703.0,20
61190,36,16,20,6,2,2,1,6,1,1,46.43,58.0,28.0,22.22,60.0,27.0,703.0,,12.0,44.0,5,1,43,0,1,43,27.0,60.15,22.2,28.0,58.07,46.4,1.0,0,0,0,0,1,60.15,22.2,27.0,58.07,46.4,28.0,0,,,44.0,703.0,44
61193,68,36,32,16,1,1,1,3,2,2,52.38,61.0,63.0,43.94,57.0,66.0,90001.0, ,11.0,17.0,5,2,36,0,2,71,35.0,54.63,48.6,32.0,59.81,56.3,1.0,0,0,1,0,2,54.63,48.6,35.0,59.81,56.3,32.0,0,,,17.0,90001.0,17
61193,68,36,32,16,1,1,1,3,2,2,52.38,61.0,63.0,43.94,57.0,66.0,90001.0, ,11.0,17.0,5,1,35,0,2,71,31.0,59.675808,38.67871,31.0,62.228386,48.33355,,1,0,1,0,2,54.63,48.6,35.0,59.81,56.3,32.0,1,31.0,31.0,17.0,90001.0,17
61196,49,27,22,12,1,2,1,3,2,2,36.17,66.0,47.0,37.74,57.0,53.0,703.0,,11.0,23.0,5,1,27,0,2,55,25.0,62.32,44.0,24.0,67.17,29.2,1.0,0,0,0,0,2,56.714718,37.713207,53.0,65.96127,36.197872,47.0,0,,,23.0,703.0,23
61196,49,27,22,12,1,2,1,3,2,2,36.17,66.0,47.0,37.74,57.0,53.0,703.0,,11.0,23.0,5,2,28,0,2,55,28.0,51.71,32.1,23.0,64.7,43.5,1.0,0,0,0,0,2,56.714718,37.713207,53.0,65.96127,36.197872,47.0,0,,,23.0,703.0,23
61197,56,20,36,14,2,2,1,6,3,2,41.86,60.0,43.0,65.12,47.0,43.0,703.0,,12.0,42.0,5,1,21,0,2,45,23.0,48.91,56.5,23.0,63.04,39.1,1.0,0,0,0,0,2,47.11465,65.10465,43.0,60.021397,41.844185,43.0,0,,,42.0,703.0,42
61197,56,20,36,14,2,2,1,6,3,2,41.86,60.0,43.0,65.12,47.0,43.0,703.0,,12.0,42.0,5,2,24,0,2,45,20.0,45.05,75.0,20.0,56.55,45.0,1.0,0,0,0,0,2,47.11465,65.10465,43.0,60.021397,41.844185,43.0,0,,,42.0,703.0,42
61198,16,8,8,6,1,1,1,0,1,1,18.75,82.0,16.0,25.0,74.0,16.0,20420.0, ,11.0,0.0,5,1,16,0,1,16,16.0,73.5,25.0,16.0,82.13,18.8,1.0,0,0,0,0,1,73.5,25.0,16.0,82.13,18.8,16.0,0,,,0.0,20420.0,0
61199,43,24,19,18,1,1,1,6,2,2,27.03,67.0,37.0,37.84,62.0,37.0,71001.0,,11.0,46.0,5,2,22,0,2,43,20.0,70.05,30.0,20.0,67.65,30.0,1.0,0,0,1,0,2,70.05,30.0,20.0,67.65,30.0,20.0,0,,,46.0,71001.0,46
61199,43,24,19,18,1,1,1,6,2,2,27.03,67.0,37.0,37.84,62.0,37.0,71001.0,,11.0,46.0,5,1,21,0,2,43,17.0,52.52941,47.06353,17.0,66.23529,23.535883,,1,0,1,0,2,70.05,30.0,20.0,67.65,30.0,20.0,1,17.0,17.0,46.0,71001.0,46
61202,82,40,42,18,1,2,1,4,3,2,19.7,79.0,66.0,19.4,74.0,67.0,26302.0, ,11.0,19.0,5,1,36,0,2,68,35.0,73.54,17.1,34.0,78.03,26.5,1.0,0,0,0,0,2,73.998505,19.392538,67.0,78.69909,19.712122,66.0,0,,,19.0,26302.0,19
61202,82,40,42,18,1,2,1,4,3,2,19.7,79.0,66.0,19.4,74.0,67.0,26302.0, ,11.0,19.0,5,2,32,0,2,68,32.0,74.5,21.9,32.0,79.41,12.5,1.0,0,0,0,0,2,73.998505,19.392538,67.0,78.69909,19.712122,66.0,0,,,19.0,26302.0,19
61203,31,19,12,14,2,1,1,7,2,1,42.11,64.0,19.0,73.68,41.0,19.0,90001.0, ,12.0,52.0,5,1,19,0,1,19,19.0,41.0,73.68,19.0,64.0,42.11,,1,0,1,0,1,,,,,,,1,,,52.0,90001.0,52
61204,71,32,39,16,1,1,1,4,3,2,20.37,74.0,54.0,22.81,71.0,57.0,26005.0,,11.0,17.0,5,1,28,0,2,57,29.0,67.0,27.6,26.0,69.96,30.8,1.0,0,0,0,0,2,71.10667,22.835087,57.0,73.68296,20.377777,54.0,0,,,17.0,26005.0,17
61204,71,32,39,16,1,1,1,4,3,2,20.37,74.0,54.0,22.81,71.0,57.0,26005.0,,11.0,17.0,5,2,29,0,2,57,28.0,75.36,17.9,28.0,77.14,10.7,1.0,0,0,0,0,2,71.10667,22.835087,57.0,73.68296,20.377777,54.0,0,,,17.0,26005.0,17
61205,55,35,20,14,2,1,1,5,2,2,46.3,57.0,54.0,52.83,45.0,53.0,10348.0, ,12.0,35.0,5,2,27,0,2,55,25.0,43.88,48.0,26.0,52.27,57.7,1.0,0,0,1,0,2,43.88,48.0,25.0,52.27,57.7,26.0,0,,,35.0,10348.0,35
61205,55,35,20,14,2,1,1,5,2,2,46.3,57.0,54.0,52.83,45.0,53.0,10348.0, ,12.0,35.0,5,1,28,0,2,55,28.0,46.0,57.1425,28.0,61.392143,35.714287,,1,0,1,0,2,43.88,48.0,25.0,52.27,57.7,26.0,1,28.0,28.0,35.0,10348.0,35
61209,30,14,16,7,1,1,1,1,1,1,17.24,79.0,29.0,31.03,65.0,29.0,166.0, ,11.0,3.0,5,1,30,0,1,30,13.0,62.92,38.5,13.0,75.85,23.1,1.0,0,0,0,0,1,62.92,38.5,13.0,75.85,23.1,13.0,0,,,3.0,166.0,3
61211,22,13,9,8,2,2,1,8,1,1,42.11,70.0,19.0,31.58,62.0,19.0,315.0,,12.0,53.0,5,1,21,0,1,21,19.0,62.42,31.6,19.0,69.63,42.1,1.0,0,0,0,0,1,62.42,31.6,19.0,69.63,42.1,19.0,0,,,53.0,315.0,53
61213,48,21,27,9,1,1,1,0,2,2,18.18,81.0,44.0,31.82,64.0,44.0,8664.0,,11.0,0.0,5,1,23,0,2,46,23.0,66.61,30.4,23.0,80.96,21.7,1.0,0,0,0,0,2,64.34296,31.78409,44.0,81.02682,18.168182,44.0,0,,,0.0,8664.0,0
61213,48,21,27,9,1,1,1,0,2,2,18.18,81.0,44.0,31.82,64.0,44.0,8664.0,,11.0,0.0,5,2,23,0,2,46,21.0,61.86,33.3,21.0,81.1,14.3,1.0,0,0,0,0,2,64.34296,31.78409,44.0,81.02682,18.168182,44.0,0,,,0.0,8664.0,0
61218,30,14,16,8,1,1,1,6,1,1,59.09,54.0,22.0,47.62,52.0,21.0,90001.0, ,11.0,43.0,5,1,29,0,1,29,21.0,51.86,47.6,22.0,54.45,59.1,1.0,0,0,0,0,1,51.86,47.6,21.0,54.45,59.1,22.0,0,,,43.0,90001.0,43
61219,74,45,29,15,1,2,1,1,3,2,30.91,73.0,55.0,40.0,57.0,55.0,25601.0,,11.0,5.0,5,1,31,0,2,63,27.0,62.67,22.2,27.0,75.0,22.2,1.0,0,0,0,0,2,56.800182,39.967274,55.0,72.58182,30.905455,55.0,0,,,5.0,25601.0,5
61219,74,45,29,15,1,2,1,1,3,2,30.91,73.0,55.0,40.0,57.0,55.0,25601.0,,11.0,5.0,5,2,32,0,2,63,28.0,51.14,57.1,28.0,70.25,39.3,1.0,0,0,0,0,2,56.800182,39.967274,55.0,72.58182,30.905455,55.0,0,,,5.0,25601.0,5
61220,21,10,11,8,2,2,1,8,1,1,40.0,65.0,20.0,15.0,72.0,20.0,10314.0,,12.0,48.0,5,1,21,0,1,21,20.0,71.65,15.0,20.0,65.15,40.0,1.0,0,0,0,0,1,71.65,15.0,20.0,65.15,40.0,20.0,0,,,48.0,10314.0,48
61221,102,55,47,16,1,2,1,4,4,3,32.93,68.0,82.0,52.44,58.0,82.0,22004.0,,11.0,26.0,5,2,29,0,3,88,28.0,57.46,50.0,28.0,68.18,28.6,1.0,0,0,1,0,3,57.4,53.83077,52.0,67.058464,38.476925,52.0,0,,,26.0,22004.0,26
61221,102,55,47,16,1,2,1,4,4,3,32.93,68.0,82.0,52.44,58.0,82.0,22004.0,,11.0,26.0,5,3,28,0,3,88,24.0,57.33,58.3,24.0,65.75,50.0,1.0,0,0,1,0,3,57.4,53.83077,52.0,67.058464,38.476925,52.0,0,,,26.0,22004.0,26
61221,102,55,47,16,1,2,1,4,4,3,32.93,68.0,82.0,52.44,58.0,82.0,22004.0,,11.0,26.0,5,1,31,0,3,88,30.0,59.04,50.029335,30.0,69.632,23.315332,,1,0,1,0,3,57.4,53.83077,52.0,67.058464,38.476925,52.0,1,30.0,30.0,26.0,22004.0,26
61223,42,0,42,18,2,2,1,4,1,1,21.05,68.0,38.0,55.26,58.0,38.0,10348.0, ,12.0,24.0,5,1,21,0,2,43,19.0,55.89,63.2,19.0,68.79,21.1,1.0,0,0,0,0,2,57.55,55.3,38.0,68.395,21.1,38.0,0,,,24.0,10348.0,24
61223,42,0,42,18,2,2,1,4,1,1,21.05,68.0,38.0,55.26,58.0,38.0,10348.0, ,12.0,24.0,5,2,22,0,2,43,19.0,59.21,47.4,19.0,68.0,21.1,1.0,0,0,0,0,2,57.55,55.3,38.0,68.395,21.1,38.0,0,,,24.0,10348.0,24
61224,56,22,34,12,1,2,1,1,2,2,24.07,74.0,54.0,24.07,62.0,54.0,8060.0, ,11.0,1.0,5,1,29,0,2,56,28.0,64.61,28.6,28.0,74.5,17.9,1.0,0,0,0,0,2,62.371113,24.074074,54.0,73.88852,24.11111,54.0,0,,,1.0,11767.0,1
61224,56,22,34,12,1,2,1,1,2,2,24.07,74.0,54.0,24.07,62.0,54.0,8060.0, ,11.0,1.0,5,2,27,0,2,56,26.0,59.96,19.2,26.0,73.23,30.8,1.0,0,0,0,0,2,62.371113,24.074074,54.0,73.88852,24.11111,54.0,0,,,1.0,11767.0,1
61227,53,30,23,15,1,1,1,5,2,2,48.89,61.0,45.0,32.08,59.0,53.0,90001.0, ,11.0,33.0,5,1,29,0,2,57,28.0,62.71,21.4,23.0,58.22,52.2,1.0,0,0,1,0,2,62.71,21.4,28.0,58.22,52.2,23.0,0,,,33.0,90001.0,33
61227,53,30,23,15,1,1,1,5,2,2,48.89,61.0,45.0,32.08,59.0,53.0,90001.0, ,11.0,33.0,5,2,28,0,2,57,25.0,54.8448,44.0416,22.0,63.906364,45.429546,,1,0,1,0,2,62.71,21.4,28.0,58.22,52.2,23.0,1,22.0,25.0,33.0,90001.0,33
61228,57,25,32,14,1,2,1,3,2,2,28.3,71.0,53.0,15.09,69.0,53.0,703.0,,11.0,17.0,5,1,29,0,2,58,28.0,70.14,10.7,28.0,66.46,28.6,1.0,0,0,0,0,2,68.82868,15.086792,53.0,70.714714,28.31698,53.0,0,,,17.0,703.0,17
61228,57,25,32,14,1,2,1,3,2,2,28.3,71.0,53.0,15.09,69.0,53.0,703.0,,11.0,17.0,5,2,29,0,2,58,25.0,67.36,20.0,25.0,75.48,28.0,1.0,0,0,0,0,2,68.82868,15.086792,53.0,70.714714,28.31698,53.0,0,,,17.0,703.0,17
61231,37,37,0,6,2,1,1,4,1,1,,,,,,,,,,,5,1,37,0,1,37,36.0,65.56,47.2,36.0,78.69,30.6,1.0,0,1,0,1,1,65.56,47.2,36.0,78.69,30.6,36.0,0,,,23.0,90001.0,23
61232,48,25,23,14,1,2,1,2,2,2,26.67,78.0,45.0,17.78,69.0,45.0,7484.0,,11.0,12.0,5,1,23,0,2,48,21.0,70.0,14.3,21.0,78.57,33.3,1.0,0,0,0,0,2,68.60267,17.766666,45.0,78.068665,26.633333,45.0,0,,,12.0,7484.0,12
61232,48,25,23,14,1,2,1,2,2,2,26.67,78.0,45.0,17.78,69.0,45.0,7484.0,,11.0,12.0,5,2,25,0,2,48,24.0,67.38,20.8,24.0,77.63,20.8,1.0,0,0,0,0,2,68.60267,17.766666,45.0,78.068665,26.633333,45.0,0,,,12.0,7484.0,12
61233,109,52,57,18,1,2,1,1,3,3,18.69,74.0,107.0,28.44,65.0,109.0,703.0,,11.0,8.0,5,1,36,0,3,110,35.0,64.57,31.4,34.0,72.59,17.6,1.0,0,0,1,0,3,63.97169,29.574648,71.0,72.19914,22.845715,70.0,0,,,8.0,703.0,8
61233,109,52,57,18,1,2,1,1,3,3,18.69,74.0,107.0,28.44,65.0,109.0,703.0,,11.0,8.0,5,3,36,0,3,110,36.0,63.39,27.8,36.0,71.83,27.8,1.0,0,0,1,0,3,63.97169,29.574648,71.0,72.19914,22.845715,70.0,0,,,8.0,703.0,8
61233,109,52,57,18,1,2,1,1,3,3,18.69,74.0,107.0,28.44,65.0,109.0,703.0,,11.0,8.0,5,2,38,0,3,110,38.0,66.92132,26.32,37.0,77.40703,10.827838,,1,0,1,0,3,63.97169,29.574648,71.0,72.19914,22.845715,70.0,1,37.0,38.0,8.0,703.0,8
61235,25,11,14,11,2,2,1,2,2,1,26.67,74.0,15.0,73.33,53.0,15.0,25601.0,,12.0,19.0,5,1,21,0,1,21,15.0,53.13,73.3,15.0,74.53,26.7,1.0,0,0,0,0,1,53.13,73.3,15.0,74.53,26.7,15.0,0,,,19.0,25601.0,19
61237,95,59,36,19,1,1,1,2,3,3,34.38,70.0,96.0,40.63,56.0,96.0,26005.0,,11.0,8.0,5,2,32,0,3,96,32.0,57.0,43.8,32.0,70.72,37.5,1.0,0,0,1,0,3,56.89,39.1,64.0,72.095,28.15,64.0,0,,,8.0,26005.0,8
61237,95,59,36,19,1,1,1,2,3,3,34.38,70.0,96.0,40.63,56.0,96.0,26005.0,,11.0,8.0,5,3,32,0,3,96,32.0,56.78,34.4,32.0,73.47,18.8,1.0,0,0,1,0,3,56.89,39.1,64.0,72.095,28.15,64.0,0,,,8.0,26005.0,8
61237,95,59,36,19,1,1,1,2,3,3,34.38,70.0,96.0,40.63,56.0,96.0,26005.0,,11.0,8.0,5,1,32,0,3,96,32.0,54.22,43.69,32.0,65.81,46.84,,1,0,1,0,3,56.89,39.1,64.0,72.095,28.15,64.0,1,32.0,32.0,8.0,26005.0,8
61238,48,24,24,13,2,2,1,4,2,2,29.55,69.0,44.0,31.11,58.0,45.0,703.0,,12.0,26.0,5,1,23,0,2,48,21.0,55.29,42.9,21.0,68.0,38.1,1.0,0,0,0,0,2,58.180668,31.113333,45.0,69.06636,29.527273,44.0,0,,,26.0,703.0,26
61238,48,24,24,13,2,2,1,4,2,2,29.55,69.0,44.0,31.11,58.0,45.0,703.0,,12.0,26.0,5,2,25,0,2,48,24.0,60.71,20.8,23.0,70.04,21.7,1.0,0,0,0,0,2,58.180668,31.113333,45.0,69.06636,29.527273,44.0,0,,,26.0,703.0,26
61239,71,30,41,18,1,1,1,6,2,2,47.83,65.0,69.0,39.13,57.0,69.0,90001.0, ,11.0,26.0,5,1,34,0,2,70,34.0,56.0,38.2,34.0,61.5,50.0,1.0,0,0,0,0,2,57.085506,39.113045,69.0,65.46159,47.81884,69.0,0,,,26.0,90001.0,26
61239,71,30,41,18,1,1,1,6,2,2,47.83,65.0,69.0,39.13,57.0,69.0,90001.0, ,11.0,26.0,5,2,36,0,2,70,35.0,58.14,40.0,35.0,69.31,45.7,1.0,0,0,0,0,2,57.085506,39.113045,69.0,65.46159,47.81884,69.0,0,,,26.0,90001.0,26
61240,54,31,23,14,2,2,1,6,3,2,47.37,66.0,38.0,50.0,53.0,38.0,703.0,,12.0,44.0,5,2,20,0,2,41,19.0,55.58,52.6,19.0,70.63,57.9,1.0,0,0,1,0,2,55.58,52.6,19.0,70.63,57.9,19.0,0,,,44.0,703.0,44
61240,54,31,23,14,2,2,1,6,3,2,47.37,66.0,38.0,50.0,53.0,38.0,703.0,,12.0,44.0,5,1,21,0,2,41,19.0,50.42,47.4,19.0,61.37,36.84,,1,0,1,0,2,55.58,52.6,19.0,70.63,57.9,19.0,1,19.0,19.0,44.0,703.0,44
61243,23,11,12,8,2,2,1,7,1,1,38.1,61.0,21.0,33.33,56.0,21.0,26302.0, ,12.0,66.0,5,1,22,0,1,22,21.0,56.43,33.3,21.0,61.48,38.1,1.0,0,0,0,0,1,56.43,33.3,21.0,61.48,38.1,21.0,0,,,66.0,26302.0,66
61244,100,58,42,19,2,2,1,4,4,3,28.41,74.0,88.0,23.86,67.0,88.0,703.0,,12.0,22.0,5,2,32,0,3,70,31.0,71.48,19.4,31.0,77.03,19.4,1.0,0,0,1,0,3,65.97967,23.363333,60.0,73.18266,30.033333,60.0,0,,,22.0,703.0,22
61244,100,58,42,19,2,2,1,4,4,3,28.41,74.0,88.0,23.86,67.0,88.0,703.0,,12.0,22.0,5,3,8,0,3,70,29.0,60.1,27.6,29.0,69.07,41.4,1.0,0,0,1,0,3,65.97967,23.363333,60.0,73.18266,30.033333,60.0,0,,,22.0,703.0,22
61244,100,58,42,19,2,2,1,4,4,3,28.41,74.0,88.0,23.86,67.0,88.0,703.0,,12.0,22.0,5,1,30,0,3,70,28.0,69.18643,24.924286,28.0,75.75143,24.931429,,1,0,1,0,3,65.97967,23.363333,60.0,73.18266,30.033333,60.0,1,28.0,28.0,22.0,703.0,22
61246,25,12,13,12,2,1,1,7,1,1,63.64,51.0,22.0,68.18,43.0,22.0,90001.0, ,12.0,59.0,5,1,26,0,1,26,22.0,42.59,68.2,22.0,50.86,63.6,1.0,0,0,0,0,1,42.59,68.2,22.0,50.86,63.6,22.0,0,,,59.0,90001.0,59
61248,62,30,32,16,1,1,1,3,2,2,46.55,61.0,58.0,37.93,58.0,58.0,90001.0, ,11.0,19.0,5,1,31,0,2,65,27.0,57.74,40.7,27.0,65.07,44.4,1.0,0,0,0,0,2,57.654484,37.92069,58.0,60.89569,46.53793,58.0,0,,,19.0,90001.0,19
61248,62,30,32,16,1,1,1,3,2,2,46.55,61.0,58.0,37.93,58.0,58.0,90001.0, ,11.0,19.0,5,2,34,0,2,65,31.0,57.58,35.5,31.0,57.26,48.4,1.0,0,0,0,0,2,57.654484,37.92069,58.0,60.89569,46.53793,58.0,0,,,19.0,90001.0,19
61251,59,35,24,22,1,1,1,4,2,2,37.93,68.0,58.0,31.03,59.0,58.0,71001.0,,11.0,27.0,5,1,30,0,2,59,30.0,57.77,33.3,30.0,69.7,40.0,1.0,0,0,0,0,2,58.81276,31.031034,58.0,68.135864,37.924137,58.0,0,,,27.0,71001.0,27
61251,59,35,24,22,1,1,1,4,2,2,37.93,68.0,58.0,31.03,59.0,58.0,71001.0,,11.0,27.0,5,2,29,0,2,59,28.0,59.93,28.6,28.0,66.46,35.7,1.0,0,0,0,0,2,58.81276,31.031034,58.0,68.135864,37.924137,58.0,0,,,27.0,71001.0,27
61252,96,48,48,26,2,1,1,5,4,3,25.93,73.0,81.0,16.05,68.0,81.0,71001.0,,12.0,42.0,5,2,26,0,3,84,29.0,70.24,6.9,29.0,76.66,10.3,1.0,0,0,1,0,3,67.65418,14.558182,55.0,72.45745,25.427273,55.0,0,,,42.0,71001.0,42
61252,96,48,48,26,2,1,1,5,4,3,25.93,73.0,81.0,16.05,68.0,81.0,71001.0,,12.0,42.0,5,3,29,0,3,84,26.0,64.77,23.1,26.0,67.77,42.3,1.0,0,0,1,0,3,67.65418,14.558182,55.0,72.45745,25.427273,55.0,0,,,42.0,71001.0,42
61252,96,48,48,26,2,1,1,5,4,3,25.93,73.0,81.0,16.05,68.0,81.0,71001.0,,12.0,42.0,5,1,29,0,3,84,26.0,68.73154,19.205769,26.0,74.14769,26.993462,,1,0,1,0,3,67.65418,14.558182,55.0,72.45745,25.427273,55.0,1,26.0,26.0,42.0,71001.0,42
61253,74,42,32,20,1,1,1,3,2,2,34.78,71.0,69.0,22.86,66.0,70.0,90001.0, ,11.0,16.0,5,1,37,0,2,74,34.0,61.06,23.5,34.0,68.41,44.1,1.0,0,0,0,0,2,66.00229,22.831429,70.0,71.39261,34.766666,69.0,0,,,16.0,90001.0,16
61253,74,42,32,20,1,1,1,3,2,2,34.78,71.0,69.0,22.86,66.0,70.0,90001.0, ,11.0,16.0,5,2,37,0,2,74,36.0,70.67,22.2,35.0,74.29,25.7,1.0,0,0,0,0,2,66.00229,22.831429,70.0,71.39261,34.766666,69.0,0,,,16.0,90001.0,16
61254,54,33,21,14,1,2,1,2,2,2,21.15,74.0,52.0,28.85,59.0,52.0,25601.0,,11.0,10.0,5,1,32,0,2,64,27.0,57.63,29.6,27.0,73.78,18.5,1.0,0,0,0,0,2,58.884808,28.830769,52.0,74.25115,21.14423,52.0,0,,,10.0,25601.0,10
61254,54,33,21,14,1,2,1,2,2,2,21.15,74.0,52.0,28.85,59.0,52.0,25601.0,,11.0,10.0,5,2,32,0,2,64,25.0,60.24,28.0,25.0,74.76,24.0,1.0,0,0,0,0,2,58.884808,28.830769,52.0,74.25115,21.14423,52.0,0,,,10.0,25601.0,10
61255,69,33,36,14,1,2,1,4,2,2,17.74,78.0,62.0,17.74,67.0,62.0,703.0,,11.0,23.0,5,1,35,0,2,70,30.0,68.1,6.7,30.0,73.73,23.3,1.0,0,0,1,0,2,68.1,6.7,30.0,73.73,23.3,30.0,0,,,23.0,703.0,23
61255,69,33,36,14,1,2,1,4,2,2,17.74,78.0,62.0,17.74,67.0,62.0,703.0,,11.0,23.0,5,2,35,0,2,70,32.0,65.96875,28.09,32.0,82.00313,12.5275,,1,0,1,0,2,68.1,6.7,30.0,73.73,23.3,30.0,1,32.0,32.0,23.0,703.0,23
61256,67,32,35,16,1,1,1,2,2,2,29.69,77.0,64.0,4.69,76.0,64.0,26005.0,,11.0,5.0,5,1,35,0,2,67,34.0,78.47,2.9,34.0,76.94,29.4,1.0,0,0,0,0,2,76.12625,4.68125,64.0,77.343124,29.68125,64.0,0,,,5.0,26005.0,5
61256,67,32,35,16,1,1,1,2,2,2,29.69,77.0,64.0,4.69,76.0,64.0,26005.0,,11.0,5.0,5,2,32,0,2,67,30.0,73.47,6.7,30.0,77.8,30.0,1.0,0,0,0,0,2,76.12625,4.68125,64.0,77.343124,29.68125,64.0,0,,,5.0,26005.0,5
61261,63,29,34,19,1,1,1,3,2,2,47.17,61.0,53.0,57.38,51.0,61.0,90001.0, ,11.0,23.0,5,2,30,0,2,63,29.0,47.24,72.4,24.0,61.33,45.8,1.0,0,0,1,0,2,47.24,72.4,29.0,61.33,45.8,24.0,0,,,23.0,90001.0,23
61261,63,29,34,19,1,1,1,3,2,2,47.17,61.0,53.0,57.38,51.0,61.0,90001.0, ,11.0,23.0,5,1,33,0,2,63,32.0,54.4075,43.768124,29.0,60.7269,48.303795,,1,0,1,0,2,47.24,72.4,29.0,61.33,45.8,24.0,1,29.0,32.0,23.0,90001.0,23
61262,61,38,23,17,1,1,1,2,2,2,40.82,71.0,49.0,44.83,57.0,58.0,90001.0, ,11.0,13.0,5,1,30,0,2,60,31.0,54.16,41.9,24.0,71.46,37.5,1.0,0,0,0,0,2,56.534138,44.786205,58.0,70.73551,40.816326,49.0,0,,,13.0,90001.0,13
61262,61,38,23,17,1,1,1,2,2,2,40.82,71.0,49.0,44.83,57.0,58.0,90001.0, ,11.0,13.0,5,2,30,0,2,60,27.0,59.26,48.1,25.0,70.04,44.0,1.0,0,0,0,0,2,56.534138,44.786205,58.0,70.73551,40.816326,49.0,0,,,13.0,90001.0,13
61265,43,13,30,9,2,2,1,6,2,2,21.62,77.0,37.0,24.32,71.0,37.0,7369.0,,12.0,36.0,5,2,22,0,2,43,19.0,71.47,26.3,19.0,79.84,10.5,1.0,0,0,1,0,2,71.47,26.3,19.0,79.84,10.5,19.0,0,,,36.0,7369.0,36
61265,43,13,30,9,2,2,1,6,2,2,21.62,77.0,37.0,24.32,71.0,37.0,7369.0,,12.0,36.0,5,1,21,0,2,43,18.0,70.50389,22.23,18.0,74.00222,33.357777,,1,0,1,0,2,71.47,26.3,19.0,79.84,10.5,19.0,1,18.0,18.0,36.0,7369.0,36
61269,89,38,51,13,1,2,1,2,3,3,18.42,73.0,76.0,22.37,64.0,76.0,703.0,,11.0,10.0,5,1,28,0,3,87,25.0,67.68,12.0,25.0,71.08,16.0,1.0,0,0,0,0,3,64.05316,22.361841,76.0,72.566185,18.411842,76.0,0,,,10.0,703.0,10
61269,89,38,51,13,1,2,1,2,3,3,18.42,73.0,76.0,22.37,64.0,76.0,703.0,,11.0,10.0,5,2,30,0,3,87,24.0,60.83,37.5,24.0,72.04,12.5,1.0,0,0,0,0,3,64.05316,22.361841,76.0,72.566185,18.411842,76.0,0,,,10.0,703.0,10
61269,89,38,51,13,1,2,1,2,3,3,18.42,73.0,76.0,22.37,64.0,76.0,703.0,,11.0,10.0,5,3,29,0,3,87,27.0,63.56,18.5,27.0,74.41,25.9,1.0,0,0,0,0,3,64.05316,22.361841,76.0,72.566185,18.411842,76.0,0,,,10.0,703.0,10
61270,9,2,7,6,1,2,1,0,1,1,12.5,83.0,8.0,37.5,71.0,8.0,11247.0, ,11.0,0.0,5,1,9,0,1,9,8.0,70.5,37.5,8.0,82.63,12.5,1.0,0,0,0,0,1,70.5,37.5,8.0,82.63,12.5,8.0,0,,,0.0,11247.0,0
61271,21,11,10,7,2,2,1,7,2,1,50.0,66.0,14.0,42.86,58.0,14.0,7633.0, ,12.0,34.0,5,1,15,0,1,15,14.0,57.93,42.9,14.0,66.21,50.0,1.0,0,0,0,0,1,57.93,42.9,14.0,66.21,50.0,14.0,0,,,34.0,1552.0,34
61274,45,23,22,10,1,1,1,4,3,1,34.78,69.0,23.0,39.13,60.0,23.0,703.0,,11.0,16.0,5,1,27,0,1,27,23.0,59.91,39.1,23.0,69.52,34.8,1.0,0,0,0,0,1,59.91,39.1,23.0,69.52,34.8,23.0,0,,,16.0,703.0,16
61277,62,30,32,16,1,1,1,4,2,2,47.54,65.0,61.0,52.38,55.0,63.0,22004.0,,11.0,24.0,5,1,32,0,2,64,31.0,54.9,54.8,29.0,68.31,37.9,1.0,0,0,0,0,2,55.31651,52.361904,63.0,64.59065,47.55246,61.0,0,,,24.0,22004.0,24
61277,62,30,32,16,1,1,1,4,2,2,47.54,65.0,61.0,52.38,55.0,63.0,22004.0,,11.0,24.0,5,2,32,0,2,64,32.0,55.72,50.0,32.0,61.22,56.3,1.0,0,0,0,0,2,55.31651,52.361904,63.0,64.59065,47.55246,61.0,0,,,24.0,22004.0,24
61278,77,40,37,21,1,1,1,3,3,2,28.57,75.0,56.0,21.67,67.0,60.0,90001.0, ,11.0,15.0,5,1,31,0,2,64,28.0,66.61,10.7,28.0,75.68,25.0,1.0,0,0,1,0,2,66.61,10.7,28.0,75.68,25.0,28.0,0,,,15.0,90001.0,15
61278,77,40,37,21,1,1,1,3,3,2,28.57,75.0,56.0,21.67,67.0,60.0,90001.0, ,11.0,15.0,5,2,33,0,2,64,32.0,67.34125,31.26875,28.0,74.32,32.14,,1,0,1,0,2,66.61,10.7,28.0,75.68,25.0,28.0,1,28.0,32.0,15.0,90001.0,15
61284,68,37,31,14,1,2,1,4,2,2,18.97,74.0,58.0,20.69,73.0,58.0,10314.0,,11.0,25.0,5,1,35,0,2,69,20.0,69.5,10.0,20.0,71.9,25.0,1.0,0,0,0,0,2,73.1231,20.67931,58.0,73.878624,18.972414,58.0,0,,,25.0,10314.0,25
61284,68,37,31,14,1,2,1,4,2,2,18.97,74.0,58.0,20.69,73.0,58.0,10314.0,,11.0,25.0,5,2,34,0,2,69,38.0,75.03,26.3,38.0,74.92,15.8,1.0,0,0,0,0,2,73.1231,20.67931,58.0,73.878624,18.972414,58.0,0,,,25.0,10314.0,25
61290,48,24,24,18,1,1,1,4,2,2,46.67,66.0,45.0,42.22,56.0,45.0,71001.0,,11.0,29.0,5,2,25,0,2,48,22.0,60.14,45.5,22.0,67.14,40.9,1.0,0,0,1,0,2,60.14,45.5,22.0,67.14,40.9,22.0,0,,,29.0,71001.0,29
61290,48,24,24,18,1,1,1,4,2,2,46.67,66.0,45.0,42.22,56.0,45.0,71001.0,,11.0,29.0,5,1,23,0,2,48,23.0,52.04,39.082607,23.0,64.90957,52.18913,,1,0,1,0,2,60.14,45.5,22.0,67.14,40.9,22.0,1,23.0,23.0,29.0,71001.0,29
61291,194,103,91,19,1,2,1,1,5,5,17.75,74.0,169.0,29.67,62.0,182.0,703.0,,11.0,8.0,5,1,40,0,5,195,37.0,58.05,37.8,33.0,66.55,24.2,1.0,0,0,1,0,5,61.314,32.39931,145.0,74.743484,19.248888,135.0,0,,,8.0,703.0,8
61291,194,103,91,19,1,2,1,1,5,5,17.75,74.0,169.0,29.67,62.0,182.0,703.0,,11.0,8.0,5,2,40,0,5,195,35.0,60.54,34.3,35.0,75.83,17.1,1.0,0,0,1,0,5,61.314,32.39931,145.0,74.743484,19.248888,135.0,0,,,8.0,703.0,8
61291,194,103,91,19,1,2,1,1,5,5,17.75,74.0,169.0,29.67,62.0,182.0,703.0,,11.0,8.0,5,3,39,0,5,195,36.0,64.86,25.0,35.0,78.03,22.9,1.0,0,0,1,0,5,61.314,32.39931,145.0,74.743484,19.248888,135.0,0,,,8.0,703.0,8
61291,194,103,91,19,1,2,1,1,5,5,17.75,74.0,169.0,29.67,62.0,182.0,703.0,,11.0,8.0,5,5,39,0,5,195,37.0,61.86,32.4,32.0,78.41,12.5,1.0,0,0,1,0,5,61.314,32.39931,145.0,74.743484,19.248888,135.0,0,,,8.0,703.0,8
61291,194,103,91,19,1,2,1,1,5,5,17.75,74.0,169.0,29.67,62.0,182.0,703.0,,11.0,8.0,5,4,37,0,5,195,37.0,64.68838,18.974054,34.0,71.04794,11.79853,,1,0,1,0,5,61.314,32.39931,145.0,74.743484,19.248888,135.0,1,34.0,37.0,8.0,703.0,8
61292,43,26,17,8,2,2,1,6,2,2,42.11,67.0,38.0,39.47,56.0,38.0,703.0,,12.0,49.0,5,1,22,0,2,43,20.0,48.2,60.0,20.0,61.7,55.0,1.0,0,0,0,0,2,55.603683,39.489475,38.0,66.76369,42.11579,38.0,0,,,49.0,703.0,49
61292,43,26,17,8,2,2,1,6,2,2,42.11,67.0,38.0,39.47,56.0,38.0,703.0,,12.0,49.0,5,2,21,0,2,43,18.0,63.83,16.7,18.0,72.39,27.8,1.0,0,0,0,0,2,55.603683,39.489475,38.0,66.76369,42.11579,38.0,0,,,49.0,703.0,49
61293,71,32,39,15,2,2,1,2,3,2,16.13,75.0,62.0,40.32,60.0,62.0,54239.0,,12.0,7.0,5,1,31,0,2,66,29.0,62.17,31.0,29.0,74.21,24.1,1.0,0,0,0,0,2,59.65774,40.314518,62.0,75.45548,16.116129,62.0,0,,,7.0,54239.0,7
61293,71,32,39,15,2,2,1,2,3,2,16.13,75.0,62.0,40.32,60.0,62.0,54239.0,,12.0,7.0,5,2,35,0,2,66,33.0,57.45,48.5,33.0,76.55,9.1,1.0,0,0,0,0,2,59.65774,40.314518,62.0,75.45548,16.116129,62.0,0,,,7.0,54239.0,7
61294,47,27,20,14,2,2,1,7,2,2,13.04,80.0,46.0,25.53,62.0,47.0,315.0,,12.0,36.0,5,1,23,0,2,47,23.0,64.83,21.7,22.0,78.0,18.2,1.0,0,0,0,0,2,62.343193,25.529787,47.0,79.82609,13.034782,46.0,0,,,36.0,315.0,36
61294,47,27,20,14,2,2,1,7,2,2,13.04,80.0,46.0,25.53,62.0,47.0,315.0,,12.0,36.0,5,2,24,0,2,47,24.0,59.96,29.2,24.0,81.5,8.3,1.0,0,0,0,0,2,62.343193,25.529787,47.0,79.82609,13.034782,46.0,0,,,36.0,315.0,36
61297,78,36,42,21,1,1,1,4,3,2,31.25,69.0,64.0,37.5,63.0,64.0,90001.0, ,11.0,23.0,5,1,34,0,2,68,34.0,65.97,38.2,34.0,67.38,32.4,1.0,0,0,0,0,2,62.68875,37.496876,64.0,68.70187,31.275,64.0,0,,,23.0,90001.0,23
61297,78,36,42,21,1,1,1,4,3,2,31.25,69.0,64.0,37.5,63.0,64.0,90001.0, ,11.0,23.0,5,2,34,0,2,68,30.0,58.97,36.7,30.0,70.2,30.0,1.0,0,0,0,0,2,62.68875,37.496876,64.0,68.70187,31.275,64.0,0,,,23.0,90001.0,23
61298,73,37,36,15,1,1,1,1,3,2,25.86,71.0,58.0,13.79,73.0,58.0,26005.0,,11.0,7.0,5,1,31,0,2,59,30.0,77.1,13.3,30.0,74.83,13.3,1.0,0,0,1,0,2,77.1,13.3,30.0,74.83,13.3,30.0,0,,,7.0,26005.0,7
61298,73,37,36,15,1,1,1,1,3,2,25.86,71.0,58.0,13.79,73.0,58.0,26005.0,,11.0,7.0,5,2,28,0,2,59,28.0,68.60714,14.315,28.0,66.89643,39.317142,,1,0,1,0,2,77.1,13.3,30.0,74.83,13.3,30.0,1,28.0,28.0,7.0,26005.0,7
61299,28,28,0,9,2,2,1,1,2,1,50.0,57.0,16.0,87.5,38.0,16.0,10348.0, ,12.0,19.0,5,1,20,0,1,20,16.0,37.75,87.5,16.0,56.75,50.0,1.0,0,0,0,0,1,37.75,87.5,16.0,56.75,50.0,16.0,0,,,19.0,10348.0,19
61300,65,24,41,13,1,2,1,2,2,2,50.94,60.0,53.0,57.69,50.0,52.0,703.0,,11.0,12.0,5,1,33,0,2,63,24.0,53.96,50.0,25.0,64.12,36.0,1.0,0,0,0,0,2,49.695385,57.7,52.0,59.94113,50.950943,53.0,0,,,12.0,703.0,12
61300,65,24,41,13,1,2,1,2,2,2,50.94,60.0,53.0,57.69,50.0,52.0,703.0,,11.0,12.0,5,2,30,0,2,63,28.0,46.04,64.3,28.0,56.21,64.3,1.0,0,0,0,0,2,49.695385,57.7,52.0,59.94113,50.950943,53.0,0,,,12.0,703.0,12
61305,30,15,15,8,2,1,1,4,1,1,48.0,61.0,25.0,32.0,58.0,25.0,90001.0, ,12.0,44.0,5,1,29,0,1,29,25.0,58.04,32.0,25.0,61.28,48.0,1.0,0,0,0,0,1,58.04,32.0,25.0,61.28,48.0,25.0,0,,,44.0,90001.0,44
61308,42,20,22,7,2,2,1,7,2,1,28.57,71.0,28.0,46.43,58.0,28.0,22004.0,,12.0,40.0,5,1,28,0,1,28,28.0,58.39,46.4,28.0,70.61,28.6,1.0,0,0,0,0,1,58.39,46.4,28.0,70.61,28.6,28.0,0,,,40.0,22004.0,40
61311,68,31,37,18,1,1,1,2,2,2,35.48,64.0,62.0,20.63,63.0,63.0,90001.0, ,11.0,25.0,5,1,33,0,2,68,31.0,57.55,25.8,31.0,64.23,45.2,1.0,0,0,1,0,2,57.55,25.8,31.0,64.23,45.2,31.0,0,,,25.0,90001.0,25
61311,68,31,37,18,1,1,1,2,2,2,35.48,64.0,62.0,20.63,63.0,63.0,90001.0, ,11.0,25.0,5,2,35,0,2,68,32.0,68.279686,15.621563,31.0,63.77,25.76,,1,0,1,0,2,57.55,25.8,31.0,64.23,45.2,31.0,1,31.0,32.0,25.0,90001.0,25
61312,34,20,14,11,2,2,1,6,1,1,50.0,59.0,32.0,45.45,52.0,33.0,703.0,,12.0,41.0,5,1,34,0,1,34,33.0,52.12,45.5,32.0,58.84,50.0,1.0,0,0,0,0,1,52.12,45.5,33.0,58.84,50.0,32.0,0,,,41.0,703.0,41
61314,22,12,10,11,2,1,1,8,1,1,31.58,70.0,19.0,26.32,68.0,19.0,90001.0, ,12.0,36.0,5,1,22,0,1,22,9.0,63.22,33.3,9.0,73.78,0.0,1.0,0,0,0,0,1,63.22,33.3,9.0,73.78,0.0,9.0,0,,,36.0,90001.0,36
61316,72,38,34,21,1,1,1,2,3,2,17.24,80.0,58.0,8.62,77.0,58.0,90001.0, ,11.0,9.0,5,1,35,0,2,63,31.0,73.9,12.9,31.0,77.19,22.6,1.0,0,0,0,0,2,77.37741,8.617241,58.0,80.015686,17.246552,58.0,0,,,9.0,90001.0,9
61316,72,38,34,21,1,1,1,2,3,2,17.24,80.0,58.0,8.62,77.0,58.0,90001.0, ,11.0,9.0,5,2,28,0,2,63,27.0,81.37,3.7,27.0,83.26,11.1,1.0,0,0,0,0,2,77.37741,8.617241,58.0,80.015686,17.246552,58.0,0,,,9.0,90001.0,9
61317,52,27,25,14,2,1,1,2,2,2,26.92,76.0,52.0,11.54,69.0,52.0,25601.0,,11.0,5.0,5,2,28,0,2,54,27.0,75.78,3.7,27.0,79.93,25.9,1.0,0,0,1,0,2,75.78,3.7,27.0,79.93,25.9,27.0,0,,,5.0,25601.0,5
61317,52,27,25,14,2,1,1,2,2,2,26.92,76.0,52.0,11.54,69.0,52.0,25601.0,,11.0,5.0,5,1,26,0,2,54,25.0,61.6776,20.0072,25.0,71.7556,28.0216,,1,0,1,0,2,75.78,3.7,27.0,79.93,25.9,27.0,1,25.0,25.0,5.0,25601.0,5
61318,28,16,12,7,2,2,1,6,1,1,38.46,67.0,26.0,23.08,64.0,26.0,26302.0, ,12.0,54.0,5,1,28,0,1,28,26.0,64.0,23.1,26.0,66.88,38.5,1.0,0,0,0,0,1,64.0,23.1,26.0,66.88,38.5,26.0,0,,,54.0,26302.0,54
61320,79,35,44,14,1,2,1,2,2,2,22.67,75.0,75.0,25.33,67.0,75.0,703.0,,11.0,11.0,5,1,39,0,2,79,38.0,62.47,26.3,38.0,74.84,21.1,1.0,0,0,1,0,2,62.47,26.3,38.0,74.84,21.1,38.0,0,,,11.0,703.0,11
61320,79,35,44,14,1,2,1,2,2,2,22.67,75.0,75.0,25.33,67.0,75.0,703.0,,11.0,11.0,5,2,40,0,2,79,37.0,71.652435,24.333784,37.0,75.16432,24.282433,,1,0,1,0,2,62.47,26.3,38.0,74.84,21.1,38.0,1,37.0,37.0,11.0,703.0,11
61321,64,31,33,15,1,1,1,3,2,2,63.16,59.0,57.0,74.14,44.0,58.0,90001.0, ,11.0,35.0,5,1,34,0,2,65,30.0,44.17,73.3,30.0,55.97,56.7,1.0,0,0,0,0,2,44.43069,74.12069,58.0,58.89737,63.189472,57.0,0,,,35.0,90001.0,35
61321,64,31,33,15,1,1,1,3,2,2,63.16,59.0,57.0,74.14,44.0,58.0,90001.0, ,11.0,35.0,5,2,31,0,2,65,28.0,44.71,75.0,27.0,62.15,70.4,1.0,0,0,0,0,2,44.43069,74.12069,58.0,58.89737,63.189472,57.0,0,,,35.0,90001.0,35
61325,49,23,26,13,1,1,1,4,2,2,27.66,73.0,47.0,17.02,73.0,47.0,22004.0,,11.0,17.0,5,2,24,0,2,49,23.0,71.04,26.1,23.0,74.22,21.7,1.0,0,0,1,0,2,71.04,26.1,23.0,74.22,21.7,23.0,0,,,17.0,22004.0,17
61325,49,23,26,13,1,1,1,4,2,2,27.66,73.0,47.0,17.02,73.0,47.0,22004.0,,11.0,17.0,5,1,25,0,2,49,24.0,74.878334,8.318334,24.0,71.83083,33.371666,,1,0,1,0,2,71.04,26.1,23.0,74.22,21.7,23.0,1,24.0,24.0,17.0,22004.0,17
61326,46,18,28,12,1,2,1,4,2,2,12.77,79.0,47.0,13.04,72.0,46.0,315.0,,11.0,18.0,5,1,23,0,2,46,23.0,72.35,8.7,22.0,79.77,18.2,1.0,0,0,0,0,2,72.025,13.05,46.0,79.48808,12.774468,47.0,0,,,18.0,315.0,18
61326,46,18,28,12,1,2,1,4,2,2,12.77,79.0,47.0,13.04,72.0,46.0,315.0,,11.0,18.0,5,2,23,0,2,46,23.0,71.7,17.4,25.0,79.24,8.0,1.0,0,0,0,0,2,72.025,13.05,46.0,79.48808,12.774468,47.0,0,,,18.0,315.0,18
61327,71,39,32,11,1,1,1,,2,2,14.49,80.0,69.0,14.49,70.0,69.0,6668.0,,11.0,5.0,5,1,36,0,2,71,35.0,68.6,8.6,35.0,80.77,14.3,1.0,0,0,0,0,2,70.53652,14.513043,69.0,80.232895,14.497102,69.0,0,,,5.0,6668.0,5
61327,71,39,32,11,1,1,1,,2,2,14.49,80.0,69.0,14.49,70.0,69.0,6668.0,,11.0,5.0,5,2,35,0,2,71,34.0,72.53,20.6,34.0,79.68,14.7,1.0,0,0,0,0,2,70.53652,14.513043,69.0,80.232895,14.497102,69.0,0,,,5.0,6668.0,5
61329,100,53,47,15,1,1,1,3,3,3,28.57,72.0,98.0,17.0,71.0,100.0,26302.0, ,11.0,16.0,5,1,34,0,3,100,34.0,74.47,8.8,34.0,69.38,35.3,1.0,0,0,1,0,3,73.04657,16.385075,67.0,70.0597,29.832836,67.0,0,,,16.0,26302.0,16
61329,100,53,47,15,1,1,1,3,3,3,28.57,72.0,98.0,17.0,71.0,100.0,26302.0, ,11.0,16.0,5,3,33,0,3,100,33.0,71.58,24.2,33.0,70.76,24.2,1.0,0,0,1,0,3,73.04657,16.385075,67.0,70.0597,29.832836,67.0,0,,,16.0,26302.0,16
61329,100,53,47,15,1,1,1,3,3,3,28.57,72.0,98.0,17.0,71.0,100.0,26302.0, ,11.0,16.0,5,2,33,0,3,100,33.0,66.84485,18.248486,31.0,76.19355,25.840645,,1,0,1,0,3,73.04657,16.385075,67.0,70.0597,29.832836,67.0,1,31.0,33.0,16.0,26302.0,16
61331,53,23,30,14,1,1,1,1,2,2,25.0,75.0,48.0,22.92,67.0,48.0,90001.0, ,11.0,8.0,5,1,27,0,2,55,24.0,67.13,25.0,24.0,75.58,29.2,1.0,0,0,0,0,2,67.42,22.9,48.0,74.98,25.0,48.0,0,,,8.0,90001.0,8
61331,53,23,30,14,1,1,1,1,2,2,25.0,75.0,48.0,22.92,67.0,48.0,90001.0, ,11.0,8.0,5,2,28,0,2,55,24.0,67.71,20.8,24.0,74.38,20.8,1.0,0,0,0,0,2,67.42,22.9,48.0,74.98,25.0,48.0,0,,,8.0,90001.0,8
61332,35,12,23,10,1,2,1,2,1,1,50.0,65.0,30.0,63.33,45.0,30.0,25601.0,,11.0,7.0,5,1,37,0,1,37,30.0,45.0,63.33,30.0,65.0,50.0,,1,0,1,0,1,,,,,,,1,,,7.0,25601.0,7
61334,15,10,5,6,2,1,1,0,1,1,6.67,85.0,15.0,21.43,69.0,14.0,37564.0,,12.0,3.0,5,1,16,0,1,16,14.0,69.5,21.4,15.0,84.6,6.7,1.0,0,0,0,0,1,69.5,21.4,14.0,84.6,6.7,15.0,0,,,3.0,37564.0,3
61335,54,31,23,16,1,1,1,3,2,2,42.59,69.0,54.0,53.7,59.0,54.0,71001.0,,11.0,30.0,5,1,26,0,2,54,27.0,63.7,29.6,27.0,72.7,33.3,1.0,0,0,0,0,2,58.755,53.7,54.0,69.24,42.6,54.0,0,,,30.0,71001.0,30
61335,54,31,23,16,1,1,1,3,2,2,42.59,69.0,54.0,53.7,59.0,54.0,71001.0,,11.0,30.0,5,2,28,0,2,54,27.0,53.81,77.8,27.0,65.78,51.9,1.0,0,0,0,0,2,58.755,53.7,54.0,69.24,42.6,54.0,0,,,30.0,71001.0,30
61338,61,29,32,16,1,1,1,1,2,2,45.9,66.0,61.0,57.38,54.0,61.0,90001.0, ,11.0,12.0,5,1,31,0,2,61,31.0,52.1,54.8,31.0,60.94,51.6,1.0,0,0,0,0,2,53.968853,57.357376,61.0,66.24656,45.89508,61.0,0,,,12.0,90001.0,12
61338,61,29,32,16,1,1,1,1,2,2,45.9,66.0,61.0,57.38,54.0,61.0,90001.0, ,11.0,12.0,5,2,30,0,2,61,30.0,55.9,60.0,30.0,71.73,40.0,1.0,0,0,0,0,2,53.968853,57.357376,61.0,66.24656,45.89508,61.0,0,,,12.0,90001.0,12
61339,60,36,24,14,2,1,1,5,3,2,34.15,71.0,41.0,51.22,57.0,41.0,2469.0,,12.0,36.0,5,1,24,0,2,51,21.0,59.43,38.1,21.0,72.0,28.6,1.0,0,0,1,0,2,59.43,38.1,21.0,72.0,28.6,21.0,0,,,36.0,2469.0,36
61339,60,36,24,14,2,1,1,5,3,2,34.15,71.0,41.0,51.22,57.0,41.0,2469.0,,12.0,36.0,5,2,27,0,2,51,20.0,54.4485,64.996,20.0,69.95,39.9775,,1,0,1,0,2,59.43,38.1,21.0,72.0,28.6,21.0,1,20.0,20.0,36.0,2469.0,36
61340,142,76,66,19,1,1,1,,5,4,,,,,,,,,,,5,1,32,0,4,131,27.0,61.89,25.9,27.0,74.48,22.2,1.0,0,1,0,4,4,66.45947,23.884956,113.0,76.84612,19.812613,111.0,0,,,15.0,71001.0,15
61340,142,76,66,19,1,1,1,,5,4,,,,,,,,,,,5,2,34,0,4,131,31.0,67.74,19.4,31.0,76.0,25.8,1.0,0,1,0,4,4,66.45947,23.884956,113.0,76.84612,19.812613,111.0,0,,,15.0,71001.0,15
61340,142,76,66,19,1,1,1,,5,4,,,,,,,,,,,5,3,35,0,4,131,29.0,68.17,24.1,27.0,81.22,14.8,1.0,0,1,0,4,4,66.45947,23.884956,113.0,76.84612,19.812613,111.0,0,,,15.0,71001.0,15
61340,142,76,66,19,1,1,1,,5,4,,,,,,,,,,,5,4,30,0,4,131,26.0,67.77,26.9,26.0,75.77,15.4,1.0,0,1,0,4,4,66.45947,23.884956,113.0,76.84612,19.812613,111.0,0,,,15.0,71001.0,15
61341,76,40,36,19,1,1,1,,2,2,19.48,77.0,77.0,21.52,72.0,79.0,12682.0,,11.0,2.0,5,1,39,0,2,78,38.0,70.76,15.8,38.0,74.26,23.7,1.0,0,0,0,0,2,71.87935,22.080519,77.0,77.44078,19.496103,77.0,0,,,2.0,12682.0,2
61341,76,40,36,19,1,1,1,,2,2,19.48,77.0,77.0,21.52,72.0,79.0,12682.0,,11.0,2.0,5,2,39,0,2,78,39.0,72.97,28.2,39.0,80.54,15.4,1.0,0,0,0,0,2,71.87935,22.080519,77.0,77.44078,19.496103,77.0,0,,,2.0,12682.0,2
61343,32,16,16,8,2,1,1,,1,1,15.63,76.0,32.0,15.63,69.0,32.0,90001.0, ,12.0,21.0,5,1,34,0,1,34,32.0,69.06,15.6,32.0,75.63,15.6,1.0,0,0,0,0,1,69.06,15.6,32.0,75.63,15.6,32.0,0,,,21.0,90001.0,21
61344,27,6,21,8,1,1,1,,1,1,7.69,86.0,26.0,0.0,93.0,26.0,71001.0,,11.0,4.0,5,1,27,0,1,27,26.0,93.27,0.0,26.0,85.77,7.7,1.0,0,0,0,0,1,93.27,0.0,26.0,85.77,7.7,26.0,0,,,4.0,71001.0,4
61345,14,14,0,6,2,1,1,,1,1,20.0,78.0,5.0,40.0,65.0,5.0,703.0,,12.0,16.0,5,1,15,0,1,15,5.0,64.6,40.0,5.0,78.2,20.0,1.0,0,0,0,0,1,64.6,40.0,5.0,78.2,20.0,5.0,0,,,16.0,703.0,16
61346,76,42,34,18,1,1,1,,2,2,21.33,80.0,75.0,17.11,75.0,76.0,12716.0,,11.0,5.0,5,1,39,0,2,77,38.0,69.18,18.4,38.0,79.61,23.7,1.0,0,0,0,0,2,74.5,17.1,76.0,79.8172,21.332,75.0,0,,,5.0,12716.0,5
61346,76,42,34,18,1,1,1,,2,2,21.33,80.0,75.0,17.11,75.0,76.0,12716.0,,11.0,5.0,5,2,38,0,2,77,38.0,79.82,15.8,37.0,80.03,18.9,1.0,0,0,0,0,2,74.5,17.1,76.0,79.8172,21.332,75.0,0,,,5.0,12716.0,5
61347,17,8,9,6,2,1,1,,1,1,42.86,63.0,14.0,57.14,49.0,14.0,90001.0, ,12.0,65.0,5,1,16,0,1,16,14.0,49.0,57.14,14.0,63.0,42.86,,1,0,1,0,1,,,,,,,1,,,65.0,90001.0,65
61348,31,12,19,7,2,1,1,,1,1,10.34,90.0,29.0,0.0,89.0,29.0,71001.0,,12.0,3.0,5,1,31,0,1,31,29.0,88.72,0.0,29.0,90.14,10.3,1.0,0,0,0,0,1,88.72,0.0,29.0,90.14,10.3,29.0,0,,,3.0,71001.0,3
61349,34,17,17,10,2,1,1,,1,1,36.36,72.0,33.0,30.3,66.0,33.0,26302.0, ,12.0,34.0,5,1,34,0,1,34,33.0,66.15,30.3,33.0,71.82,36.4,1.0,0,0,0,0,1,66.15,30.3,33.0,71.82,36.4,33.0,0,,,34.0,26302.0,34
61350,28,17,11,5,2,1,1,,1,1,16.67,79.0,24.0,12.5,71.0,24.0,71001.0,,12.0,20.0,5,1,28,0,1,28,24.0,71.0,12.5,24.0,79.0,16.67,,1,0,1,0,1,,,,,,,1,,,20.0,71001.0,20
61351,19,8,11,6,2,1,1,,1,1,5.88,81.0,17.0,29.41,69.0,17.0,12682.0,,12.0,26.0,5,1,19,0,1,19,17.0,68.47,29.4,17.0,81.29,5.9,1.0,0,0,0,0,1,68.47,29.4,17.0,81.29,5.9,17.0,0,,,26.0,12682.0,26
61363,27,14,13,7,1,1,1,,1,1,18.18,79.0,22.0,13.64,70.0,22.0,71001.0,,11.0,22.0,5,1,27,0,1,27,22.0,70.27,13.6,22.0,79.36,18.2,1.0,0,0,0,0,1,70.27,13.6,22.0,79.36,18.2,22.0,0,,,,,22
61364,70,42,28,15,1,1,1,,2,2,29.03,78.0,62.0,24.59,69.0,61.0,6957.0,,11.0,0.0,5,1,38,0,2,70,21.0,70.1,9.5,22.0,77.36,27.3,1.0,0,0,0,0,2,69.82925,24.985,40.0,79.29244,29.292683,41.0,0,,,,,0
61364,70,42,28,15,1,1,1,,2,2,29.03,78.0,62.0,24.59,69.0,61.0,6957.0,,11.0,0.0,5,2,32,0,2,70,19.0,69.53,42.1,19.0,81.53,31.6,1.0,0,0,0,0,2,69.82925,24.985,40.0,79.29244,29.292683,41.0,0,,,,,0
61365,20,9,11,6,2,1,1,,1,1,42.11,62.0,19.0,57.89,50.0,19.0,2469.0,,12.0,60.0,5,1,20,0,1,20,19.0,50.37,57.9,19.0,61.58,42.1,1.0,0,0,0,0,1,50.37,57.9,19.0,61.58,42.1,19.0,0,,,,,60
