male,workthen,tixbot,yearw,agew,winner,yearlpr,educ,xearn.1,xearn.2,xearn.3,xearn.4,xearn.5,xearn.6,yearn.1,yearn.2,yearn.3,yearn.4,yearn.5,yearn.6,yearn.7,xearnp.1,xearnp.2,xearnp.3,xearnp.4,xearnp.5,xearnp.6,yearnp.1,yearnp.2,yearnp.3,yearnp.4,yearnp.5,yearnp.6,yearnp.7,bigwinner
0.0,0.0,2.0,1986.0,76.0,0.0,0.0,12.0,0.0,0.0,0.0,0.0,0.0,0.0,0.0,0.0,0.0,0.0,0.0,0.0,0.0,0.0,0.0,0.0,0.0,0.0,0.0,0.0,0.0,0.0,0.0,0.0,0.0,0.0,0.0
1.0,1.0,5.0,1987.0,59.0,1.0,24.748760563380216,8.0,0.0,3.679834196891181,0.6679437751003998,11.085528392685243,10.330513011152389,0.7929999999999978,0.0,0.0,0.0,0.0,0.0,0.0,0.0,0.0,1.0,1.0,1.0,1.0,1.0,0.0,0.0,0.0,0.0,0.0,0.0,0.0,0.0
1.0,1.0,2.0,1986.0,59.0,0.0,0.0,16.0,34.449514563106696,35.80990099009891,36.79834196891181,39.28433734939749,39.87372473532231,40.336059479553796,42.258,42.25774647887312,41.690617075232346,33.60742580645152,0.0,0.0,0.0,1.0,1.0,1.0,1.0,1.0,1.0,1.0,1.0,1.0,1.0,0.0,0.0,0.0,0.0
0.0,1.0,10.0,1985.0,49.0,1.0,6.843990334572473,16.0,0.0,4.3893203883495024,10.082235423542325,8.713483937823808,11.905244979919647,16.396750721847887,17.296631970260176,16.899999999999952,14.935894366197143,24.390863905325375,24.872129032257995,23.45037490436107,23.43685756240816,0.0,1.0,1.0,1.0,1.0,1.0,1.0,1.0,1.0,1.0,1.0,1.0,1.0,0.0
0.0,1.0,2.0,1985.0,31.0,1.0,11.24576468401484,12.0,8.789134986225871,7.886145631067939,0.0,0.0,13.784730923694742,16.79548796920111,18.771546468401436,18.442999999999948,17.00536619718305,17.40073710904475,12.223935483870935,5.716474368783459,14.46929221732742,1.0,1.0,0.0,0.0,1.0,1.0,1.0,1.0,1.0,1.0,1.0,1.0,1.0,0.0
1.0,0.0,2.0,1985.0,63.0,1.0,47.979539033457115,12.0,34.57079889807153,34.449514563106696,35.80990099009891,36.79834196891181,39.28433734939749,29.69326660250232,19.628178438661656,19.269999999999946,0.0,0.0,0.0,0.0,1.0670308370044024,1.0,1.0,1.0,1.0,1.0,1.0,1.0,1.0,0.0,0.0,0.0,0.0,1.0,0.0
1.0,1.0,3.0,1986.0,56.0,1.0,22.602799999999934,8.0,15.455728155339763,19.240888888888836,18.257202072538806,19.524425702811193,19.64572088546674,19.706609665427454,12.006999999999968,11.162605633802787,9.749119188503776,0.0,7.2518806426931715,4.400093979441985,5.690919458303619,1.0,1.0,1.0,1.0,1.0,1.0,1.0,1.0,1.0,0.0,1.0,1.0,1.0,0.0
1.0,1.0,1.0,1984.0,43.0,1.0,40.98691896053886,12.0,29.75337423312875,30.819338842975124,29.009417475728075,27.64717271727165,26.428932642486973,28.76559839357422,36.06989797882569,31.365360594795458,25.825999999999926,24.997676056337962,23.214262045646596,24.33296774193542,23.129205814843093,1.0,1.0,1.0,1.0,1.0,1.0,1.0,1.0,1.0,1.0,1.0,1.0,1.0,0.0
1.0,0.0,1.0,1984.0,60.0,1.0,106.05355919153001,9.0,0.0,0.0,0.0,0.0,0.0,0.0,0.0,0.0,0.0,0.0,0.0,0.0,0.0,0.0,0.0,0.0,0.0,0.0,0.0,0.0,0.0,0.0,0.0,0.0,0.0,0.0,1.0
1.0,1.0,2.0,1987.0,59.0,0.0,0.0,16.0,0.0,0.0,0.0,0.0,0.0,0.0,0.0,0.0,0.0,0.0,0.0,0.0,0.0,0.0,0.0,0.0,0.0,0.0,0.0,0.0,0.0,0.0,0.0,0.0,0.0,0.0,0.0
1.0,1.0,5.0,1984.0,45.0,1.0,10.04965543792105,14.0,34.79631901840481,36.7024132231404,29.57869902912613,35.80990099009891,36.79834196891181,42.24111646586334,42.258,42.426,43.018,43.018,43.36,43.688,43.01820964039775,1.0,1.0,1.0,1.0,1.0,1.0,1.0,1.0,1.0,1.0,1.0,1.0,1.0,0.0
1.0,1.0,5.0,1984.0,43.0,1.0,90.6837151106831,14.0,29.200331288343474,26.33872176308533,27.483796116504777,23.029262926292567,26.131365803108732,25.382963855421618,25.44956304138588,23.226847583643064,24.119999999999933,17.72799295774643,12.315408284023635,11.530980645161259,8.243060443764325,1.0,1.0,1.0,1.0,1.0,1.0,1.0,1.0,1.0,1.0,1.0,1.0,1.0,0.0
1.0,1.0,0.0,1984.0,45.0,1.0,137.27183753609202,14.0,23.975840490797477,25.22611570247927,27.153932038834874,26.22442244224415,26.13363730569941,30.283052208835258,37.131087584215486,40.336059479553796,41.999999999999886,42.25774647887312,41.690617075232346,42.425806451612786,43.01820964039775,1.0,1.0,1.0,1.0,1.0,1.0,1.0,1.0,1.0,1.0,1.0,1.0,1.0,1.0
1.0,1.0,4.0,1985.0,45.0,0.0,0.0,16.0,28.970027548209288,28.08100970873779,28.14754675467539,30.784538860103538,32.39032128514047,32.65636958614043,34.28565055762073,37.739999999999895,38.59154929577454,41.375621301775034,41.64976774193537,43.01820964039775,42.97092511013204,1.0,1.0,1.0,1.0,1.0,1.0,1.0,1.0,1.0,1.0,1.0,1.0,1.0,0.0
1.0,1.0,8.0,1987.0,43.0,1.0,79.1126760563378,12.0,17.72168096809676,16.74438134715021,21.336787148594322,18.717443695861352,19.31649070631965,20.527999999999942,10.65705633802814,0.0,0.0,1.6771231828615105,3.2992657856093888,1.5623663578046998,1.5169550173010338,1.0,1.0,1.0,1.0,1.0,1.0,1.0,0.0,0.0,1.0,1.0,1.0,1.0,0.0
1.0,1.0,1.0,1987.0,27.0,1.0,36.983584154929474,12.0,8.034921892189198,10.42619689119168,12.036192771084306,12.468450433108723,15.529382899628212,39.40899999999989,22.487295774647826,23.962840236686322,28.71078064516121,30.613368018362586,29.522795888399333,27.917143264433278,11.63883737024218,1.0,1.0,1.0,1.0,1.0,1.0,1.0,1.0,1.0,1.0,1.0,1.0,1.0,0.0
0.0,0.0,2.0,1984.0,69.0,1.0,10.04965543792105,8.0,0.0,0.0,0.0,0.0,0.0,0.0,0.0,0.0,0.0,0.0,0.0,0.0,0.0,0.0,0.0,0.0,0.0,0.0,0.0,0.0,0.0,0.0,0.0,0.0,0.0,0.0,0.0
1.0,1.0,5.0,1985.0,48.0,1.0,9.374772490706295,12.0,20.09937190082639,21.361359223300912,22.064686468646805,17.525778238341918,15.938216867469837,16.825024061597645,19.965330855018536,15.632999999999956,21.356563380281635,22.374890955198584,26.595677419354768,31.092186687069546,32.49615859030828,1.0,1.0,1.0,1.0,1.0,1.0,1.0,1.0,1.0,1.0,1.0,1.0,1.0,0.0
1.0,1.0,5.0,1985.0,44.0,1.0,14.458847583643085,16.0,34.57079889807153,34.449514563106696,35.80990099009891,36.79834196891181,39.28433734939749,39.87372473532231,40.336059479553796,41.999999999999886,42.25774647887312,41.690617075232346,42.425806451612786,43.01820964039775,42.97092511013204,1.0,1.0,1.0,1.0,1.0,1.0,1.0,1.0,1.0,1.0,1.0,1.0,1.0,0.0
0.0,0.0,1.0,1986.0,27.0,1.0,39.11649999999989,16.0,3.5965825242718346,2.2631375137513685,6.7963357512953175,3.4156465863453724,1.6909412897016314,0.0,3.3699999999999903,2.8171830985915416,0.4836111580726952,2.454509677419348,0.15094108645753596,0.4393656387665187,2.323238774055589,1.0,1.0,1.0,1.0,1.0,0.0,1.0,1.0,1.0,1.0,1.0,1.0,1.0,0.0
0.0,1.0,1.0,1987.0,36.0,1.0,14.471830985915455,12.0,16.27481628162812,15.751734715025862,16.698594377509995,18.10351491819052,18.624869888475786,19.264999999999944,20.055063380281638,15.705318681318639,13.692045161290284,18.246261667941802,13.242930983847247,0.0,0.0,1.0,1.0,1.0,1.0,1.0,1.0,1.0,1.0,1.0,1.0,1.0,0.0,0.0,0.0
0.0,1.0,3.0,1987.0,53.0,1.0,36.983584154929474,12.0,12.31281848184815,12.074172020725355,13.341269076305185,15.791260827718915,17.467754646840103,15.848999999999956,14.909845070422493,12.505332206255249,5.182135483870954,0.0,0.0,0.5132373485388438,0.0,1.0,1.0,1.0,1.0,1.0,1.0,1.0,1.0,1.0,0.0,0.0,1.0,0.0,0.0
0.0,0.0,2.0,1986.0,51.0,1.0,1.138999999999997,12.0,14.788019417475686,3.673830583058296,4.117098445595843,16.967092369477864,15.172057747834414,9.374059479553878,0.3179999999999991,1.0554788732394338,4.310809805579024,6.136716129032241,1.953009946442229,4.8982026431717935,0.16951674982180992,1.0,1.0,1.0,1.0,1.0,1.0,1.0,1.0,1.0,1.0,1.0,1.0,1.0,0.0
1.0,1.0,2.0,1985.0,48.0,0.0,0.0,10.0,0.0,0.0,0.0,0.0,18.024578313252967,32.32197882579394,31.267576208178355,36.2059999999999,31.58814788732386,35.719594251901846,37.71830967741925,23.122497322111645,26.792452276064537,0.0,0.0,0.0,0.0,1.0,1.0,1.0,1.0,1.0,1.0,1.0,1.0,1.0,0.0
0.0,1.0,1.0,1987.0,37.0,1.0,23.134186619718246,14.0,10.972057205720542,14.87947772020721,13.336867469879483,6.449416746871974,6.436453531598496,12.619999999999965,10.90886619718307,5.040858833474204,3.6936967741935383,3.516088752869157,2.299829662261374,10.848290805416934,3.9372567474048332,1.0,1.0,1.0,1.0,1.0,1.0,1.0,1.0,1.0,1.0,1.0,1.0,1.0,0.0
1.0,0.0,2.0,1987.0,73.0,0.0,0.0,16.0,25.44070407040697,0.0,0.0,0.0,0.0,0.0,0.0,0.0,0.0,0.0,0.0,0.0,0.0,1.0,0.0,0.0,0.0,0.0,0.0,0.0,0.0,0.0,0.0,0.0,0.0,0.0,0.0
0.0,1.0,1.0,1985.0,65.0,1.0,6.843990334572473,11.0,0.0,0.0,0.0,0.07723108808290134,1.1840321285140532,1.580180943214625,3.1779925650557534,3.0659999999999914,0.0,0.0,0.0,0.0,2.9282995594713577,0.0,0.0,0.0,1.0,1.0,1.0,1.0,1.0,0.0,0.0,0.0,0.0,1.0,0.0
1.0,0.0,5.0,1987.0,59.0,1.0,14.471830985915455,12.0,0.0,0.0,0.0,0.0,0.0,0.0,0.0,0.0,0.0,0.0,0.0,0.0,0.0,0.0,0.0,0.0,0.0,0.0,0.0,0.0,0.0,0.0,0.0,0.0,0.0,0.0,0.0
1.0,1.0,3.0,1987.0,53.0,1.0,13.14442640845067,12.0,29.745126512651183,22.510590673575066,9.915718875501982,25.072977863330056,10.948795539033428,25.678999999999927,25.329563380281623,29.544750633981323,25.334393548387027,21.214769701606677,18.3415036710719,22.241847469707707,23.322424913494743,1.0,1.0,1.0,1.0,1.0,1.0,1.0,1.0,1.0,1.0,1.0,1.0,1.0,0.0
0.0,1.0,6.0,1984.0,53.0,1.0,82.98745332050024,12.0,26.01150920245391,12.009201101928342,16.227184466019374,18.95392739273922,18.70355233160616,19.894160642570228,21.178433108758362,17.441271375464638,2.3449999999999935,5.36615492957745,5.593954353338953,5.96701290322579,5.083360367253238,1.0,1.0,1.0,1.0,1.0,1.0,1.0,1.0,1.0,1.0,1.0,1.0,1.0,0.0
1.0,1.0,2.0,1985.0,43.0,0.0,0.0,16.0,0.0,0.0,4.174204620462034,22.39928704663206,39.28433734939749,39.87372473532231,40.336059479553796,41.999999999999886,42.25774647887312,41.690617075232346,42.104961290322464,43.01820964039775,42.97092511013204,0.0,0.0,1.0,1.0,1.0,1.0,1.0,1.0,1.0,1.0,1.0,1.0,1.0,0.0
0.0,1.0,2.0,1987.0,45.0,0.0,0.0,16.0,0.0,0.0,0.0,0.0,0.0,0.0,0.0,0.0,0.0,0.0,0.0,0.0,0.0,0.0,0.0,0.0,0.0,0.0,0.0,0.0,0.0,0.0,0.0,0.0,0.0,0.0,0.0
1.0,1.0,2.0,1987.0,40.0,0.0,0.0,15.0,20.581650165016445,23.202263212435167,21.058385542168615,24.50335322425402,29.327167286245277,41.999999999999886,34.3020985915492,42.426,42.425806451612786,28.1027146136189,34.65194713656378,21.777043478260808,23.39296332179924,1.0,1.0,1.0,1.0,1.0,1.0,1.0,1.0,1.0,1.0,1.0,1.0,1.0,0.0
1.0,1.0,4.0,1987.0,43.0,1.0,22.149137323943602,16.0,14.93405500550051,13.240588601036231,14.338232931726868,14.822898941289658,17.175420074349397,18.69099999999995,16.283704225352068,15.549673710904438,13.974883870967703,15.304587605202714,13.676663729809066,14.602657163221627,16.338364013840785,1.0,1.0,1.0,1.0,1.0,1.0,1.0,1.0,1.0,1.0,1.0,1.0,1.0,0.0
1.0,1.0,10.0,1985.0,36.0,1.0,323.3159256505568,14.0,9.6194380165289,0.0,0.0,5.879784455958533,16.318955823293127,9.571803657362821,0.0,0.0,0.0,0.0,0.0,0.0,0.0,1.0,0.0,0.0,1.0,1.0,1.0,0.0,0.0,0.0,0.0,0.0,0.0,0.0,1.0
0.0,1.0,3.0,1987.0,35.0,0.0,0.0,12.0,13.956215621562118,15.18726632124348,15.757751004016022,15.99168431183826,17.053189591078024,18.250999999999948,18.662873239436568,19.306461538461484,26.074193548387026,26.874221882172847,24.881292217327392,25.712644333570847,26.51864913494802,1.0,1.0,1.0,1.0,1.0,1.0,1.0,1.0,1.0,1.0,1.0,1.0,1.0,0.0
1.0,1.0,2.0,1987.0,37.0,1.0,92.31195070422511,17.0,29.177232123212242,33.41266735751286,36.831542168674595,35.976015399422415,38.80308550185863,39.15399999999989,41.1328028169013,39.69409974640733,41.16363870967731,42.70207192042835,38.873397944199596,41.258970776906516,41.13451072664348,1.0,1.0,1.0,1.0,1.0,1.0,1.0,1.0,1.0,1.0,1.0,1.0,1.0,0.0
0.0,1.0,2.0,1986.0,30.0,0.0,0.0,16.0,7.713233009708716,4.889196919691956,10.06275647668391,16.291445783132485,17.664692974013427,16.804654275092894,21.864999999999938,26.67640845070415,27.589923922231538,29.088193548387018,30.389472073450573,20.210819383259857,16.814967925873084,1.0,1.0,1.0,1.0,1.0,1.0,1.0,1.0,1.0,1.0,1.0,1.0,1.0,0.0
0.0,0.0,4.0,1987.0,32.0,1.0,31.36827253521118,12.0,0.0,0.0,0.0,0.0,0.0,0.0,0.0,0.0,0.0,3.5890436113236324,10.888381791483082,11.049054882394838,13.420501038062246,0.0,0.0,0.0,0.0,0.0,0.0,0.0,0.0,0.0,1.0,1.0,1.0,1.0,0.0
1.0,0.0,1.0,1985.0,26.0,0.0,0.0,16.0,0.5751735537190067,0.7541650485436873,4.093421342134202,4.461231088082889,5.065148594377496,0.9704716073147229,12.502141263940487,27.624999999999922,6.753521126760545,6.485207100591698,0.0,0.0,0.0,1.0,1.0,1.0,1.0,1.0,1.0,1.0,1.0,1.0,1.0,0.0,0.0,0.0,0.0
1.0,1.0,10.0,1987.0,25.0,1.0,53.81625316901395,12.0,0.0,0.0,0.0,1.106548604427331,4.290289962825267,6.274999999999983,5.667169014084492,8.104655959425168,6.486729032258046,7.819586840091793,7.752469897209964,6.770514611546667,7.355714878892712,0.0,0.0,0.0,1.0,1.0,1.0,1.0,1.0,1.0,1.0,1.0,1.0,1.0,0.0
1.0,0.0,1.0,1985.0,72.0,0.0,0.0,12.0,16.97139393939389,12.010776699029092,4.576915291529141,0.0,0.0,0.0,0.0,0.0,0.0,0.0,0.0,0.0,0.0,1.0,1.0,1.0,0.0,0.0,0.0,0.0,0.0,0.0,0.0,0.0,0.0,0.0,0.0
1.0,1.0,3.0,1986.0,73.0,0.0,0.0,13.0,0.0,0.0,0.0,7.23954216867468,26.06876612127038,19.041472118959057,16.519999999999953,4.885690140845058,0.0,0.0,0.0,0.0,0.0,0.0,0.0,0.0,1.0,1.0,1.0,1.0,1.0,0.0,0.0,0.0,0.0,0.0,0.0
1.0,0.0,10.0,1987.0,64.0,1.0,53.4907816901407,12.0,35.80990099009891,36.79834196891181,27.127100401606352,39.87372473532231,35.40100371747203,41.999999999999886,42.258,7.431120879120858,0.0,0.0,0.0,0.07577476835352795,0.0,1.0,1.0,1.0,1.0,1.0,1.0,1.0,1.0,0.0,0.0,0.0,1.0,0.0,0.0
1.0,1.0,2.0,1988.0,57.0,1.0,29.104960946745482,14.0,0.0,0.0,0.0,0.0,0.0,0.0,0.0,0.0,0.0,0.0,0.0,0.0,0.0,0.0,0.0,0.0,0.0,0.0,0.0,0.0,0.0,0.0,0.0,0.0,0.0,0.0,0.0
0.0,1.0,3.0,1986.0,51.0,1.0,11.456549999999968,16.0,0.0,0.0,0.0,0.0,0.0,0.0,0.0,0.0,0.0,0.0,0.0,0.0,0.0,0.0,0.0,0.0,0.0,0.0,0.0,0.0,0.0,0.0,0.0,0.0,0.0,0.0,0.0
0.0,1.0,2.0,1986.0,61.0,0.0,0.0,16.0,0.0,0.0,0.0,0.0,0.0,0.0,0.0,14.276943661971792,5.7199526627218775,3.9049419354838606,0.9098393267023694,0.0,0.0,0.0,0.0,0.0,0.0,0.0,0.0,0.0,1.0,1.0,1.0,1.0,0.0,0.0,0.0
1.0,1.0,4.0,1985.0,46.0,0.0,0.0,16.0,0.0,0.0,0.0,0.6950797927461121,0.9177349397590336,2.174067372473526,1.873182156133824,0.9529999999999974,0.0,6.670498732037176,11.976451612903192,11.06901300688597,1.2070484581497765,0.0,0.0,0.0,1.0,1.0,1.0,1.0,1.0,0.0,1.0,1.0,1.0,1.0,0.0
1.0,1.0,1.0,1986.0,47.0,0.0,0.0,14.0,28.067708737864,28.791401540153938,31.722669430051724,33.23432931726899,33.112069297401256,33.74681784386608,34.94799999999991,33.872767605633705,33.181098901098814,33.30779354838701,32.08755929609785,28.902372980910346,32.391760513185936,1.0,1.0,1.0,1.0,1.0,1.0,1.0,1.0,1.0,1.0,1.0,1.0,1.0,0.0
0.0,0.0,5.0,1985.0,42.0,1.0,24.10909702602224,16.0,17.65677134986221,8.161475728155317,4.751744774477435,4.339705699481853,0.0,0.0,0.0,0.2139999999999994,0.0,0.0,0.0,1.4372945677123146,2.32236123348017,1.0,1.0,1.0,1.0,0.0,0.0,0.0,1.0,0.0,0.0,0.0,1.0,1.0,0.0
0.0,0.0,4.0,1985.0,38.0,1.0,9.814394795539007,12.0,0.0,0.0,0.0,0.0,0.0,0.19936862367661157,0.1283420074349439,0.0,3.8070563380281586,16.011976331360902,16.26410967741931,16.93391277735267,18.210337738619625,0.0,0.0,0.0,0.0,0.0,1.0,1.0,0.0,1.0,1.0,1.0,1.0,1.0,0.0
1.0,1.0,2.0,1987.0,37.0,1.0,31.65954225352104,14.0,3.6135445544554354,8.602180310880804,12.787767068273059,13.902005774783406,20.216921933085448,23.812999999999935,22.562549295774588,22.636152155536706,26.57004516129025,26.83313236419274,26.06983259911887,30.356778332145318,30.789635986159084,1.0,1.0,1.0,1.0,1.0,1.0,1.0,1.0,1.0,1.0,1.0,1.0,1.0,0.0
0.0,1.0,4.0,1985.0,34.0,1.0,17.034142007434898,12.0,4.645168044077122,2.364912621359217,0.14227502750274987,3.581023834196881,2.8830522088353336,3.8059364773820876,6.187918215613367,9.359999999999975,10.1505422535211,9.863999999999972,7.368832258064496,9.286231063504182,13.584123348017584,1.0,1.0,1.0,1.0,1.0,1.0,1.0,1.0,1.0,1.0,1.0,1.0,1.0,0.0
0.0,1.0,2.0,1984.0,24.0,1.0,10.04965543792105,14.0,0.0,0.6883966942148741,2.4979223300970803,1.1876347634763444,1.9137409326424815,6.261285140562232,8.96842348411932,15.515122676579884,17.359999999999953,20.868380281690083,18.05666948436174,15.057625806451572,16.944814078041272,0.0,1.0,1.0,1.0,1.0,1.0,1.0,1.0,1.0,1.0,1.0,1.0,1.0,0.0
1.0,1.0,5.0,1988.0,69.0,0.0,0.0,16.0,36.783,39.284,39.874,40.336,41.999999999999886,42.257,41.690617075232346,42.425806451612786,7.84893649579187,7.821674008810552,7.968068424803969,18.051764705882302,17.748987854250966,1.0,1.0,1.0,1.0,1.0,1.0,1.0,1.0,1.0,1.0,1.0,1.0,1.0,0.0
0.0,1.0,2.0,1986.0,61.0,0.0,0.0,16.0,3.6404757281553297,3.3941034103410246,3.432240414507762,3.57740562248995,3.6234456207892105,3.511070631970251,3.245999999999991,3.1432816901408365,0.6522265426880793,0.0,0.0,0.0,0.0,1.0,1.0,1.0,1.0,1.0,1.0,1.0,1.0,1.0,0.0,0.0,0.0,0.0,0.0
1.0,1.0,10.0,1987.0,55.0,1.0,41.76763380281679,12.0,36.783,36.70066735751285,34.02661847389549,35.183815206929644,41.08879553903334,40.26299999999989,40.220112676056225,41.685058326288974,41.84952258064505,40.29456159143066,9.150232011747404,5.047224518888083,6.799750865051884,1.0,1.0,1.0,1.0,1.0,1.0,1.0,1.0,1.0,1.0,1.0,1.0,1.0,0.0
0.0,1.0,6.0,1986.0,48.0,0.0,0.0,16.0,34.449514563106696,35.80990099009891,36.79834196891181,39.28433734939749,39.87372473532231,40.336059479553796,41.999999999999886,42.25774647887312,41.690617075232346,42.425806451612786,43.01820964039775,42.97092511013204,43.355666429080415,1.0,1.0,1.0,1.0,1.0,1.0,1.0,1.0,1.0,1.0,1.0,1.0,1.0,0.0
0.0,1.0,5.0,1985.0,47.0,1.0,22.769501858736,12.0,21.097245179063307,19.738640776698976,18.629588558855833,18.711502590673522,19.724698795180668,19.56766121270447,22.296877323420016,31.474999999999913,32.32042253521118,37.44651225697369,36.48884516129022,37.56168936495782,38.83235829662251,1.0,1.0,1.0,1.0,1.0,1.0,1.0,1.0,1.0,1.0,1.0,1.0,1.0,0.0
1.0,1.0,10.0,1984.0,43.0,1.0,159.1095056785366,15.0,0.0,0.0,14.192135922330056,7.287375137513732,2.5463544041450703,14.494489959839319,0.8976862367661188,1.5462156133828955,3.7509999999999897,0.0,0.0,0.0,0.0,0.0,0.0,1.0,1.0,1.0,1.0,1.0,1.0,1.0,0.0,0.0,0.0,0.0,1.0
1.0,1.0,10.0,1986.0,48.0,1.0,1.138999999999997,9.0,30.73056310679603,26.52344114411434,22.071054922279732,20.710658634538095,29.663730510105786,26.26834944237911,28.110999999999922,32.7622957746478,31.634840236686305,27.79950967741928,32.45317214996166,28.748675477239274,27.130491803278613,1.0,1.0,1.0,1.0,1.0,1.0,1.0,1.0,1.0,1.0,1.0,1.0,1.0,0.0
1.0,1.0,1.0,1987.0,46.0,0.0,0.0,11.0,23.29331573157309,24.44704663212428,28.833823293172614,26.239653512993186,29.22225278810401,29.522999999999918,30.63493661971823,27.44076415891793,40.19845161290312,9.708866105585285,15.482408223201134,17.099318602993538,18.28385882352936,1.0,1.0,1.0,1.0,1.0,1.0,1.0,1.0,1.0,1.0,1.0,1.0,1.0,0.0
1.0,1.0,2.0,1987.0,47.0,0.0,0.0,16.0,0.0,0.0,0.0,0.0,0.0,0.0,0.0,0.0,0.0,0.0,0.0,0.0,0.0,0.0,0.0,0.0,0.0,0.0,0.0,0.0,0.0,0.0,0.0,0.0,0.0,0.0,0.0
1.0,1.0,2.0,1987.0,42.0,0.0,0.0,14.0,34.77539273927383,36.79834196891181,39.28433734939749,39.87372473532231,40.336059479553796,41.999999999999886,42.25774647887312,41.690617075232346,42.425806451612786,43.018,42.97092511013204,41.61128439059147,43.68830449826977,1.0,1.0,1.0,1.0,1.0,1.0,1.0,1.0,1.0,1.0,1.0,1.0,1.0,0.0
1.0,1.0,2.0,1987.0,42.0,0.0,0.0,16.0,13.217108910891053,4.599792746113976,4.7317269076305095,4.852358036573615,7.4805055762081585,6.095999999999982,4.788246478873226,3.648392223161444,2.2096774193548328,0.41928079571537763,1.2070484581497765,2.0271703492515982,1.01256747404844,1.0,1.0,1.0,1.0,1.0,1.0,1.0,1.0,1.0,1.0,1.0,1.0,1.0,0.0
0.0,1.0,2.0,1988.0,38.0,1.0,33.83693863060007,14.0,0.0,0.7702811244979899,5.64666794995186,6.59026022304831,8.718999999999976,11.350739436619687,14.403644970414161,15.23086451612899,15.87900229533278,16.41424963289276,0.0,1.8575114186851158,9.350018893387288,0.0,1.0,1.0,1.0,1.0,1.0,1.0,1.0,1.0,1.0,0.0,1.0,1.0,0.0
1.0,1.0,6.0,1988.0,39.0,1.0,11.925925274725243,12.0,14.712522279792704,18.131317269076256,18.239591915303123,22.050379182156075,27.933999999999923,26.9079577464788,18.219726120033762,23.776129032257998,24.044076511094044,23.80540969162989,24.41041197434063,24.129444982698892,24.62672064777321,1.0,1.0,1.0,1.0,1.0,1.0,1.0,1.0,1.0,1.0,1.0,1.0,1.0,0.0
1.0,1.0,2.0,1987.0,36.0,1.0,11.304188380281659,14.0,12.12352035203517,14.697757512953325,15.641108433734898,14.88197112608273,2.253115241635682,0.0,0.0,13.564273879966152,2.9857161290322503,5.339121652639618,32.60318355359756,15.033870277975725,14.961727335640097,1.0,1.0,1.0,1.0,1.0,0.0,0.0,1.0,1.0,1.0,1.0,1.0,1.0,0.0
0.0,1.0,2.0,1986.0,36.0,0.0,0.0,16.0,17.144951456310633,18.809240924092357,19.37591709844554,21.8583775100401,24.08457362848886,28.516371747211817,28.47399999999992,0.0,0.0,0.0,0.0,0.0,0.0,1.0,1.0,1.0,1.0,1.0,1.0,1.0,0.0,0.0,0.0,0.0,0.0,0.0,0.0
1.0,1.0,6.0,1988.0,34.0,1.0,76.11316990701586,12.0,13.288290155440377,15.77095582329313,16.352446583253084,14.40893680297394,21.03599999999994,25.719338028168945,28.859171597633058,10.186612903225779,5.722344299923474,6.190549192364154,15.67053456878114,1.281068512110723,0.0,1.0,1.0,1.0,1.0,1.0,1.0,1.0,1.0,1.0,1.0,1.0,1.0,0.0,0.0
1.0,0.0,8.0,1988.0,78.0,0.0,0.0,8.0,0.0,0.0,0.0,0.0,0.0,0.0,0.0,0.0,0.0,0.0,0.0,0.0,0.0,0.0,0.0,0.0,0.0,0.0,0.0,0.0,0.0,0.0,0.0,0.0,0.0,0.0,0.0
0.0,1.0,5.0,1987.0,74.0,1.0,19.909862676056285,9.0,10.634455445544525,4.599792746113976,4.589775100401593,5.221559191530303,0.0,0.0,3.898711267605623,3.6048486897717567,3.372851612903217,3.4800306044376343,3.476299559471356,0.8468025659301472,0.0,1.0,1.0,1.0,1.0,0.0,0.0,1.0,1.0,1.0,1.0,1.0,1.0,0.0,0.0
1.0,1.0,2.0,1986.0,62.0,0.0,0.0,16.0,0.0,0.0,0.0,0.0,0.0,0.0,0.0,0.0,0.0,0.0,0.0,0.0,0.0,0.0,0.0,0.0,0.0,0.0,0.0,0.0,0.0,0.0,0.0,0.0,0.0,0.0,0.0
1.0,1.0,10.0,1986.0,61.0,1.0,23.884749999999933,9.0,0.0,0.0,0.0,0.0,0.0,0.0,0.0,0.0,0.0,0.0,0.0,0.0,0.0,0.0,0.0,0.0,0.0,0.0,0.0,0.0,0.0,0.0,0.0,0.0,0.0,0.0,0.0
1.0,1.0,3.0,1986.0,59.0,0.0,0.0,12.0,34.449514563106696,35.80990099009891,36.79834196891181,39.28433734939749,39.87372473532231,40.336059479553796,41.999999999999886,30.137105633802733,33.91855959425181,34.6185741935483,32.03305279265485,34.066930983847186,34.5400142551674,1.0,1.0,1.0,1.0,1.0,1.0,1.0,1.0,1.0,1.0,1.0,1.0,1.0,0.0
1.0,1.0,5.0,1986.0,61.0,1.0,264.35099999999926,10.0,0.9683106796116477,0.0,2.9097948186528417,10.611172690763023,12.079206929740101,2.8347286245353085,0.0,0.0,3.1138258664412426,12.785193548387062,5.289646518745204,10.618002936857534,15.05183749109048,1.0,0.0,1.0,1.0,1.0,1.0,0.0,0.0,1.0,1.0,1.0,1.0,1.0,1.0
0.0,1.0,2.0,1987.0,61.0,0.0,0.0,12.0,4.216404840484037,0.0,0.0,0.0,0.0,0.0,0.0,0.0,0.0,0.0,0.0,0.0,0.0,1.0,0.0,0.0,0.0,0.0,0.0,0.0,0.0,0.0,0.0,0.0,0.0,0.0,0.0
0.0,1.0,2.0,1988.0,53.0,1.0,50.44194082840223,12.0,15.162279792746071,19.252626506024043,21.48223291626558,22.007598513011093,23.053999999999935,22.53457042253515,22.059895181741275,19.331141935483817,28.236884468247823,1.5756005873715082,3.127076265146107,3.2197370242214443,1.152944669365719,1.0,1.0,1.0,1.0,1.0,1.0,1.0,1.0,1.0,1.0,1.0,1.0,1.0,0.0
1.0,1.0,1.0,1985.0,50.0,1.0,130.26336877323385,12.0,28.625829201101855,34.449514563106696,30.93999559955987,36.79834196891181,39.28433734939749,38.869497593840116,9.83344237918213,0.0,0.0,0.0,0.0,0.0,0.0,1.0,1.0,1.0,1.0,1.0,1.0,1.0,0.0,0.0,0.0,0.0,0.0,0.0,1.0
1.0,1.0,1.0,1988.0,47.0,0.0,0.0,14.0,0.0,20.247389558232875,21.492781520692912,22.51078066914492,23.399999999999935,18.668661971830932,17.7879966187658,19.400967741935432,19.622341239479674,17.019383259911848,20.020162508909422,19.986640830449772,21.334283400809657,0.0,1.0,1.0,1.0,1.0,1.0,1.0,1.0,1.0,1.0,1.0,1.0,1.0,0.0
1.0,1.0,2.0,1985.0,44.0,0.0,0.0,13.0,27.736650137740973,26.97303883495138,27.81597359735966,27.718010362694223,29.189253012048113,33.540342637151014,35.73000743494414,36.1659999999999,36.708281690140744,35.78722569737944,34.011354838709586,31.94081101759747,32.18393538913354,1.0,1.0,1.0,1.0,1.0,1.0,1.0,1.0,1.0,1.0,1.0,1.0,1.0,0.0
1.0,1.0,2.0,1987.0,38.0,0.0,0.0,16.0,35.80990099009891,35.20829015544032,39.28433734939749,39.87372473532231,40.336059479553796,41.999999999999886,42.25774647887312,41.690617075232346,42.425806451612786,43.018,42.97092511013204,43.355666429080415,43.68830449826977,1.0,1.0,1.0,1.0,1.0,1.0,1.0,1.0,1.0,1.0,1.0,1.0,1.0,0.0
1.0,1.0,2.0,1988.0,43.0,0.0,0.0,14.0,0.0,0.0,31.562479307025896,40.336,41.999999999999886,42.257,41.690617075232346,42.425806451612786,43.018,42.97092511013204,43.355666429080415,43.688,44.816,0.0,0.0,1.0,1.0,1.0,1.0,1.0,1.0,1.0,1.0,1.0,1.0,1.0,0.0
0.0,1.0,2.0,1988.0,41.0,0.0,0.0,12.0,0.0,0.0,0.8913570741097184,3.3796728624535226,4.082999999999989,3.5407746478873143,3.865183431952652,5.140593548387082,5.516058148431508,5.205597650513936,2.410731290092652,0.0,0.0,0.0,0.0,1.0,1.0,1.0,1.0,1.0,1.0,1.0,1.0,1.0,0.0,0.0,0.0
1.0,1.0,3.0,1985.0,38.0,1.0,11.24576468401484,16.0,27.04674380165282,26.355873786407695,25.153742574257357,23.319245595854856,11.58722891566262,0.0,0.0,0.6649999999999981,0.0,0.5401251056635658,0.0,0.0,1.5353656387665158,1.0,1.0,1.0,1.0,1.0,0.0,0.0,1.0,0.0,1.0,0.0,0.0,1.0,0.0
0.0,1.0,3.0,1988.0,42.0,0.0,0.0,16.0,32.07248082901545,38.2059437751003,39.874,40.336,42.0,42.257,42.258,42.426,43.018,43.018,43.355666429080415,39.31568166089954,44.816,1.0,1.0,1.0,1.0,1.0,1.0,1.0,1.0,1.0,1.0,1.0,1.0,1.0,0.0
1.0,1.0,0.0,1987.0,39.0,0.0,0.0,12.0,22.82790759075901,23.972302590673504,26.723253012048122,30.980196342637065,30.053420074349365,26.861999999999927,25.83125352112669,29.851408284023584,29.378987096774114,27.263314460596714,27.5416270190895,27.303914468994936,28.769051903114104,1.0,1.0,1.0,1.0,1.0,1.0,1.0,1.0,1.0,1.0,1.0,1.0,1.0,0.0
0.0,1.0,2.0,1986.0,31.0,1.0,22.602799999999934,16.0,5.095601941747559,7.011265126512632,10.805537823834165,11.314329317269046,11.875618864292555,5.7051078066914345,2.888999999999992,0.4418732394366185,2.95169568892645,10.321845161290293,14.992642693190474,12.74643171806164,18.20469280114036,1.0,1.0,1.0,1.0,1.0,1.0,1.0,1.0,1.0,1.0,1.0,1.0,1.0,0.0
1.0,1.0,3.0,1988.0,57.0,1.0,25.014370245139407,16.0,27.84635025906728,33.998008032128425,34.35469489894119,32.58766542750921,41.999999999999886,35.439584507042156,33.20055452240059,15.001058064516089,14.841701606732936,15.614378854625508,16.752473271560895,17.048298961937668,0.38012415654520815,1.0,1.0,1.0,1.0,1.0,1.0,1.0,1.0,1.0,1.0,1.0,1.0,1.0,0.0
1.0,1.0,2.0,1986.0,34.0,0.0,0.0,14.0,15.131184466019375,20.857760176017546,24.291448704663143,25.593140562248927,29.071953801732352,31.348044609665344,33.939999999999905,34.156415492957656,35.21096872358401,35.463554838709584,34.87242234123939,34.76058149779726,35.643044903777515,1.0,1.0,1.0,1.0,1.0,1.0,1.0,1.0,1.0,1.0,1.0,1.0,1.0,0.0
0.0,1.0,1.0,1988.0,32.0,0.0,0.0,16.0,16.25032953367871,17.233389558232883,19.160485081809377,22.20011152416351,24.31599999999993,30.085971830985834,28.367222316145316,30.3989741935483,28.728281560826243,31.408205580029282,32.633146115466765,37.38839031141858,44.816,1.0,1.0,1.0,1.0,1.0,1.0,1.0,1.0,1.0,1.0,1.0,1.0,1.0,0.0
1.0,1.0,10.0,1987.0,28.0,1.0,119.37234507042221,12.0,9.779599559955969,19.236219689119118,3.1955662650602323,11.858741097208823,0.0,25.16899999999993,16.458330985915445,17.384987320371888,4.741967741935471,1.2041744452945644,0.0,0.0,0.24043737024221387,1.0,1.0,1.0,1.0,0.0,1.0,1.0,1.0,1.0,1.0,0.0,0.0,1.0,1.0
1.0,1.0,1.0,1987.0,27.0,1.0,16.380231338028125,16.0,0.8488272827282705,0.4111419689119159,0.0,0.0,0.0,2.979999999999992,19.29577464788727,24.225027895181675,27.715541935483795,30.05824024483542,31.133803230543236,38.17251603706333,40.238748788927225,1.0,1.0,0.0,0.0,0.0,1.0,1.0,1.0,1.0,1.0,1.0,1.0,1.0,0.0
1.0,1.0,2.0,1988.0,71.0,0.0,0.0,14.0,19.194196891191655,19.917269076305168,21.202694898941232,22.775613382899568,22.35999999999994,7.496408450704205,4.817582417582405,4.596129032258052,4.360520275439927,4.184434654919225,4.062152530292219,3.944083044982688,3.845614035087709,1.0,1.0,1.0,1.0,1.0,1.0,1.0,1.0,1.0,1.0,1.0,1.0,1.0,0.0
1.0,1.0,10.0,1985.0,68.0,1.0,35.06553197026013,16.0,25.12044077134979,22.558446601941682,0.0,21.465699481865222,10.73991967871483,3.2384215591915213,2.958996282527873,2.9109999999999916,0.0,2.8812848689771684,6.395690322580628,1.3416985462892084,1.739759177679878,1.0,1.0,0.0,1.0,1.0,1.0,1.0,1.0,0.0,1.0,1.0,1.0,1.0,0.0
1.0,1.0,2.0,1986.0,63.0,0.0,0.0,14.0,36.783,31.62243344334425,30.66528497409318,31.251405622489873,29.958036573628405,30.663553903345644,32.48199999999991,41.530295774647776,40.90683347421798,42.425806451612786,43.01820964039775,42.97092511013204,43.355666429080415,1.0,1.0,1.0,1.0,1.0,1.0,1.0,1.0,1.0,1.0,1.0,1.0,1.0,0.0
1.0,1.0,1.0,1987.0,59.0,0.0,0.0,8.0,8.753531353135289,6.257989637305681,4.919895582329303,7.7215784408084485,9.041999999999977,6.544999999999982,4.6049366197182975,4.1338562975485935,2.4730709677419287,2.236443764345824,8.306102790014663,8.199298645759065,6.733763321799289,1.0,1.0,1.0,1.0,1.0,1.0,1.0,1.0,1.0,1.0,1.0,1.0,1.0,0.0
1.0,1.0,1.0,1987.0,60.0,0.0,0.0,14.0,35.80990099009891,36.79834196891181,33.97489959839348,39.87372473532231,40.336059479553796,41.999999999999886,42.25774647887312,41.690617075232346,42.425806451612786,40.8765233358836,31.178061674008724,34.315033499643526,36.42436539792377,1.0,1.0,1.0,1.0,1.0,1.0,1.0,1.0,1.0,1.0,1.0,1.0,1.0,0.0
1.0,0.0,2.0,1988.0,73.0,0.0,0.0,13.0,0.0,0.0,0.0,0.0,0.0,0.0,0.0,0.0,0.0,0.0,0.0,0.0,0.0,0.0,0.0,0.0,0.0,0.0,0.0,0.0,0.0,0.0,0.0,0.0,0.0,0.0,0.0
1.0,1.0,2.0,1987.0,57.0,0.0,0.0,16.0,35.80990099009891,36.79834196891181,39.28433734939749,39.87372473532231,40.336059479553796,41.999999999999886,42.25774647887312,41.690617075232346,42.425806451612786,43.018,42.97092511013204,43.355666429080415,43.68830449826977,1.0,1.0,1.0,1.0,1.0,1.0,1.0,1.0,1.0,1.0,1.0,1.0,1.0,0.0
1.0,0.0,1.0,1985.0,53.0,0.0,0.0,16.0,26.062457300275412,24.899417475728086,26.568052805280455,27.621471502590595,27.492433734939684,29.02975938402302,24.80769516728618,2.261999999999994,3.5571760563380184,3.23519188503803,3.093548387096766,3.1496373374139166,3.5728634361233387,1.0,1.0,1.0,1.0,1.0,1.0,1.0,1.0,1.0,1.0,1.0,1.0,1.0,0.0
1.0,1.0,2.0,1985.0,49.0,0.0,0.0,16.0,0.0,0.0,0.6028602860286012,0.9086010362694275,0.0,0.0,0.0,0.0,0.0,0.0,0.0,0.0,0.5085697503671058,0.0,0.0,1.0,1.0,0.0,0.0,0.0,0.0,0.0,0.0,0.0,0.0,1.0,0.0
0.0,0.0,2.0,1988.0,48.0,1.0,33.83693863060007,12.0,0.0,0.0,0.0,0.0,0.0,0.0,0.0,0.0,0.0,0.0,0.0,0.0,0.0,0.0,0.0,0.0,0.0,0.0,0.0,0.0,0.0,0.0,0.0,0.0,0.0,0.0,0.0
1.0,1.0,2.0,1985.0,47.0,0.0,0.0,16.0,1.962534435261703,0.0,0.0,0.0,0.0,0.0,0.0,0.22499999999999937,0.09647887323943635,0.0,0.13258064516128998,43.01820964039775,42.97092511013204,1.0,0.0,0.0,0.0,0.0,0.0,0.0,1.0,1.0,0.0,1.0,1.0,1.0,0.0
1.0,0.0,10.0,1987.0,51.0,1.0,32.618542253521035,12.0,25.523898789878917,31.366043523315973,24.36399196787142,24.714325312800703,22.252059479553846,1.509999999999996,1.5803239436619676,0.0,0.0,0.0,0.0,0.0,0.0,1.0,1.0,1.0,1.0,1.0,1.0,1.0,0.0,0.0,0.0,0.0,0.0,0.0,0.0
1.0,1.0,2.0,1986.0,45.0,0.0,0.0,16.0,10.37475728155337,10.399339933993371,10.335336787564739,10.013654618473868,10.944177093358968,10.593308550185846,11.149999999999968,9.647887323943635,0.0,0.0,0.0,0.0,0.0,1.0,1.0,1.0,1.0,1.0,1.0,1.0,1.0,0.0,0.0,0.0,0.0,0.0,0.0
0.0,1.0,4.0,1986.0,44.0,1.0,22.53839999999994,13.0,0.0,3.895683168316821,0.0,0.0,0.43882194417709214,11.808483271375433,13.751999999999962,15.69807746478869,16.654938292476707,17.831212903225758,17.5209058913542,17.808792951541804,16.910272273699167,0.0,1.0,0.0,0.0,1.0,1.0,1.0,1.0,1.0,1.0,1.0,1.0,1.0,0.0
0.0,0.0,2.0,1987.0,29.0,1.0,14.471830985915455,13.0,13.177320132013165,14.757952331606175,14.682658634538113,17.274394610202066,16.759836431226724,17.005999999999954,8.532591549295752,21.449359256128428,20.985748387096717,20.647063504208056,19.883306901615217,20.742756949394096,18.481062975778496,1.0,1.0,1.0,1.0,1.0,1.0,1.0,1.0,1.0,1.0,1.0,1.0,1.0,0.0
1.0,1.0,10.0,1986.0,38.0,1.0,51.99999999999986,13.0,0.0,26.744088008800805,29.011631088082815,30.102586345381447,37.62054282964378,40.336059479553796,41.999999999999886,42.25774647887312,43.018,38.53765806451602,43.36,43.688,44.816,0.0,1.0,1.0,1.0,1.0,1.0,1.0,1.0,1.0,1.0,1.0,1.0,1.0,0.0
0.0,1.0,1.0,1987.0,28.0,0.0,0.0,14.0,8.663102310230999,9.673193782383393,5.558128514056209,1.559083734359957,7.463189591078047,18.956999999999947,22.258640845070364,22.595387996618705,23.940529032258,24.55056771231822,25.063154185021958,28.035883107626436,27.639678892733485,1.0,1.0,1.0,1.0,1.0,1.0,1.0,1.0,1.0,1.0,1.0,1.0,1.0,0.0
1.0,1.0,1.0,1987.0,23.0,1.0,31.65954225352104,12.0,0.0,0.0,0.0,3.251079884504322,6.058557620817828,8.426999999999977,16.052154929577423,17.35626711749784,18.955496774193495,8.891268553940296,17.77580029368571,22.61212829650742,20.346159169550116,0.0,0.0,0.0,1.0,1.0,1.0,1.0,1.0,1.0,1.0,1.0,1.0,1.0,0.0
1.0,0.0,1.0,1985.0,83.0,0.0,0.0,10.0,0.0,0.0,0.0,0.0,0.0,0.0,0.0,0.0,0.0,0.0,0.0,0.0,0.0,0.0,0.0,0.0,0.0,0.0,0.0,0.0,0.0,0.0,0.0,0.0,0.0,0.0,0.0
0.0,0.0,2.0,1987.0,75.0,0.0,0.0,12.0,7.159568756875667,0.0,0.0,0.0,0.0,0.0,0.0,0.0,0.0,0.0,0.0,0.0,0.0,1.0,0.0,0.0,0.0,0.0,0.0,0.0,0.0,0.0,0.0,0.0,0.0,0.0,0.0
1.0,1.0,10.0,1987.0,64.0,1.0,43.91973978873228,16.0,0.0,0.0,0.0,0.0,0.0,0.0,0.0,0.0,0.0,0.0,0.0,0.0,0.0,0.0,0.0,0.0,0.0,0.0,0.0,0.0,0.0,0.0,0.0,0.0,0.0,0.0,0.0
0.0,0.0,2.0,1987.0,62.0,0.0,0.0,12.0,0.0,0.0,0.0,0.0,0.0,0.0,0.0,0.0,0.0,0.0,0.0,0.0,0.0,0.0,0.0,0.0,0.0,0.0,0.0,0.0,0.0,0.0,0.0,0.0,0.0,0.0,0.0
1.0,0.0,2.0,1987.0,61.0,0.0,0.0,17.0,0.0,0.0,0.0,0.0,0.0,0.23999999999999935,0.0,0.0,0.0,0.0,0.0,0.0,0.0,0.0,0.0,0.0,0.0,0.0,1.0,0.0,0.0,0.0,0.0,0.0,0.0,0.0,0.0
0.0,1.0,2.0,1986.0,55.0,0.0,0.0,12.0,3.720281553398048,4.756567656765664,4.882594818652835,7.623582329317249,7.214190567853685,9.041999999999977,9.994999999999973,7.699978873239416,11.298157227387964,11.653838709677387,11.44804284621267,10.35888986784138,11.086551674982148,1.0,1.0,1.0,1.0,1.0,1.0,1.0,1.0,1.0,1.0,1.0,1.0,1.0,0.0
1.0,1.0,2.0,1987.0,53.0,0.0,0.0,15.0,17.79522992299225,17.304306735751243,20.436658634538098,20.10985948026943,20.022371747211846,20.039999999999946,18.008746478873192,18.269754860524042,10.372225806451585,0.0,0.0,0.0,0.0,1.0,1.0,1.0,1.0,1.0,1.0,1.0,1.0,1.0,0.0,0.0,0.0,0.0,0.0
1.0,1.0,10.0,1985.0,50.0,0.0,0.0,16.0,2.3776859504132166,1.927310679611645,4.148884488448833,2.1795067357512887,1.5328594377509999,0.0,0.0,41.999999999999886,0.0,1.6268605240912888,0.0,43.688,1.2665961820851654,1.0,1.0,1.0,1.0,1.0,0.0,0.0,1.0,0.0,1.0,0.0,1.0,1.0,0.0
1.0,1.0,4.0,1987.0,53.0,1.0,28.62204964788725,12.0,14.612127612761237,16.05270880829011,16.612763052208788,0.0,0.0,0.0,0.0,0.7031817413355855,0.0,0.0,0.0,0.0,0.0,1.0,1.0,1.0,0.0,0.0,0.0,0.0,1.0,0.0,0.0,0.0,0.0,0.0,0.0
1.0,1.0,2.0,1986.0,50.0,0.0,0.0,16.0,6.6026019417475545,3.439920792079198,6.285247668393764,1.3061767068273056,6.545409047160713,1.0898884758364284,1.6159999999999954,1.1442394366197153,2.242028740490273,0.0,18.444162203519465,29.305527165932375,28.42881824661432,1.0,1.0,1.0,1.0,1.0,1.0,1.0,1.0,1.0,0.0,1.0,1.0,1.0,0.0
1.0,1.0,2.0,1985.0,47.0,0.0,0.0,12.0,33.21061157024784,26.57267961165041,28.240387238723795,28.70043523316054,30.848658634538072,33.31776708373427,39.77176208178428,38.61699999999989,33.80137323943653,39.933125950972,37.244554838709576,36.34074368783464,32.346484581497705,1.0,1.0,1.0,1.0,1.0,1.0,1.0,1.0,1.0,1.0,1.0,1.0,1.0,0.0
1.0,1.0,5.0,1985.0,46.0,1.0,131.03209665427474,13.0,0.0,0.0,0.0,0.0,0.0,0.0,0.0,0.0,0.0,0.0,0.0,0.0,0.0,0.0,0.0,0.0,0.0,0.0,0.0,0.0,0.0,0.0,0.0,0.0,0.0,0.0,1.0
1.0,1.0,10.0,1985.0,47.0,1.0,22.58350780669139,12.0,22.61443526170793,20.17092233009703,16.960871287128665,12.008298445595821,16.44990361445779,17.851403272377237,10.479226765799229,19.733999999999945,21.41638028169008,20.10599492814872,19.893283870967686,17.99385462892115,17.43058443465487,1.0,1.0,1.0,1.0,1.0,1.0,1.0,1.0,1.0,1.0,1.0,1.0,1.0,0.0
0.0,1.0,0.0,1986.0,45.0,0.0,0.0,14.0,2.3263398058252363,9.75307370737071,12.043506735751262,12.74925301204816,10.892488931665032,16.267858736059434,22.922999999999938,26.878049295774574,27.339780219780142,15.04259999999996,27.442766641162898,29.93158296622606,30.20132287954375,1.0,1.0,1.0,1.0,1.0,1.0,1.0,1.0,1.0,1.0,1.0,1.0,1.0,0.0
1.0,1.0,5.0,1984.0,38.0,1.0,37.33573051010576,16.0,21.903190184049016,21.633168044077077,23.686368932038768,22.968976897689707,28.979830051813387,30.056369477911566,33.43802117420587,31.823724907063113,22.823999999999938,27.60839436619711,41.690617075232346,42.425806451612786,27.516560061208803,1.0,1.0,1.0,1.0,1.0,1.0,1.0,1.0,1.0,1.0,1.0,1.0,1.0,0.0
0.0,1.0,2.0,1986.0,42.0,1.0,12.655999999999965,12.0,0.0,0.27490429042904213,1.9216911917098392,6.415341365461829,9.922017324350309,10.69414869888473,9.930999999999973,11.040077464788704,10.816398985629725,11.58578064516126,14.002301453710752,14.523207048458112,15.831458303635022,0.0,1.0,1.0,1.0,1.0,1.0,1.0,1.0,1.0,1.0,1.0,1.0,1.0,0.0
0.0,0.0,0.0,1986.0,38.0,0.0,0.0,14.0,0.9177669902912596,0.9911023102310204,0.19762072538860048,0.12764658634538117,0.0,0.0,0.0,1.4664788732394327,3.2407506339813943,0.0,3.6024605967865244,2.6917180616740017,7.980567355666407,1.0,1.0,1.0,1.0,0.0,0.0,0.0,1.0,1.0,0.0,1.0,1.0,1.0,0.0
1.0,1.0,10.0,1987.0,36.0,1.0,171.7323943661967,12.0,19.940206820682015,21.76780932642481,29.261879518072213,33.37472954764186,33.00630483271367,35.742999999999896,24.291450704225284,12.598904480135214,0.0,0.0,0.0,0.0,0.0,1.0,1.0,1.0,1.0,1.0,1.0,1.0,1.0,0.0,0.0,0.0,0.0,0.0,1.0
0.0,0.0,2.0,1986.0,80.0,0.0,0.0,12.0,0.0,0.0,0.0,0.0,0.0,0.0,0.0,0.0,0.0,0.0,0.0,0.0,0.0,0.0,0.0,0.0,0.0,0.0,0.0,0.0,0.0,0.0,0.0,0.0,0.0,0.0,0.0
0.0,0.0,2.0,1986.0,73.0,0.0,0.0,12.0,0.0,0.0,0.0,0.0,0.0,0.0,0.0,0.0,0.0,0.0,0.0,0.0,0.0,0.0,0.0,0.0,0.0,0.0,0.0,0.0,0.0,0.0,0.0,0.0,0.0,0.0,0.0
1.0,0.0,2.0,1985.0,68.0,0.0,0.0,16.0,34.57079889807153,34.449514563106696,35.80990099009891,36.79834196891181,39.28433734939749,39.87372473532231,40.336059479553796,30.892999999999912,24.375387323943595,39.0705934065933,42.425806451612786,43.01820964039775,42.838149779735566,1.0,1.0,1.0,1.0,1.0,1.0,1.0,1.0,1.0,1.0,1.0,1.0,1.0,0.0
1.0,1.0,2.0,1987.0,60.0,0.0,0.0,12.0,35.80990099009891,36.79834196891181,37.90993574297178,39.7661289701635,40.336059479553796,41.999999999999886,42.25774647887312,41.690617075232346,42.425806451612786,43.018,42.97092511013204,35.6024233784746,0.0,1.0,1.0,1.0,1.0,1.0,1.0,1.0,1.0,1.0,1.0,1.0,1.0,0.0,0.0
1.0,1.0,2.0,1988.0,54.0,1.0,115.7576114961958,12.0,27.788426943005103,27.152409638554147,26.16581328200185,15.737174721189549,0.0,0.0,0.0,0.0,0.0,0.0,0.0,0.0,0.0,1.0,1.0,1.0,1.0,0.0,0.0,0.0,0.0,0.0,0.0,0.0,0.0,0.0,1.0
1.0,1.0,2.0,1986.0,48.0,1.0,34.11094999999991,14.0,34.449514563106696,35.80990099009891,36.79834196891181,39.28433734939749,39.87372473532231,40.336059479553796,41.999999999999886,42.25774647887312,41.690617075232346,42.425806451612786,43.36,42.97092511013204,43.355666429080415,1.0,1.0,1.0,1.0,1.0,1.0,1.0,1.0,1.0,1.0,1.0,1.0,1.0,0.0
1.0,1.0,2.0,1985.0,46.0,0.0,0.0,16.0,33.08380165289247,33.70066990291253,34.85738173817372,34.677894300518034,38.31378313253001,30.432723772858434,20.37174721189586,40.084999999999894,13.50704225352109,15.054945054945014,21.195225806451557,11.718898240244805,1.1378443465491894,1.0,1.0,1.0,1.0,1.0,1.0,1.0,1.0,1.0,1.0,1.0,1.0,1.0,0.0
0.0,1.0,2.0,1986.0,48.0,0.0,0.0,14.0,8.889038834951432,9.17071067106708,9.990068393782353,13.487622489959804,14.54652550529351,14.525055762081745,15.299999999999958,14.30299295774644,14.475908706677897,14.517580645161251,14.549043611323604,17.64785315712183,18.234377761938653,1.0,1.0,1.0,1.0,1.0,1.0,1.0,1.0,1.0,1.0,1.0,1.0,1.0,0.0
1.0,1.0,2.0,1985.0,40.0,0.0,0.0,16.0,17.138964187327776,16.8416893203883,15.71295049504946,15.3917015544041,14.424064257028075,14.098209817131817,16.157851301115198,21.06199999999994,21.82930985915487,21.497535080304253,20.452774193548333,16.54230451415451,10.668698972099824,1.0,1.0,1.0,1.0,1.0,1.0,1.0,1.0,1.0,1.0,1.0,1.0,1.0,0.0
1.0,1.0,2.0,1986.0,44.0,0.0,0.0,16.0,0.0,0.0,0.0,0.0,0.0,0.0,0.0,0.0,0.0,0.0,0.0,0.0,0.0,0.0,0.0,0.0,0.0,0.0,0.0,0.0,0.0,0.0,0.0,0.0,0.0,0.0,0.0
1.0,1.0,10.0,1985.0,43.0,1.0,10.856969888475808,13.0,1.3435812672176273,0.44691262135922205,0.5148426842684254,1.2663626943005144,3.9427389558232826,0.0,0.0,0.0,0.0,0.0,1.6660967741935437,1.89850344299923,0.0,1.0,1.0,1.0,1.0,1.0,0.0,0.0,0.0,0.0,0.0,1.0,1.0,0.0,0.0
1.0,1.0,1.0,1985.0,41.0,0.0,0.0,16.0,34.57079889807153,34.449514563106696,35.80990099009891,36.79834196891181,39.28433734939749,39.87372473532231,40.336059479553796,41.999999999999886,42.25774647887312,41.690617075232346,42.425806451612786,43.01820964039775,42.97092511013204,1.0,1.0,1.0,1.0,1.0,1.0,1.0,1.0,1.0,1.0,1.0,1.0,1.0,0.0
0.0,1.0,2.0,1988.0,42.0,0.0,0.0,13.0,26.359651813471427,36.08877108433725,39.00241000962453,31.073026022304752,36.0219999999999,39.08262676056327,41.516442941673596,42.425806451612786,43.018,42.97092511013204,43.355666429080415,42.06212871972306,44.816,1.0,1.0,1.0,1.0,1.0,1.0,1.0,1.0,1.0,1.0,1.0,1.0,1.0,0.0
0.0,1.0,3.0,1986.0,39.0,1.0,32.814999999999905,13.0,9.411766990291238,6.321592959295912,5.942250777202055,3.8470040160642465,3.871337824831558,4.580587360594784,10.057999999999973,6.515218309859137,8.140787827557036,9.847206451612875,8.167589900535557,11.785621145374417,10.45848039914466,1.0,1.0,1.0,1.0,1.0,1.0,1.0,1.0,1.0,1.0,1.0,1.0,1.0,0.0
1.0,1.0,10.0,1987.0,40.0,1.0,11.304188380281659,12.0,16.448440044004354,17.321343005181298,22.15218473895576,24.743861405197237,25.61136059479547,27.315999999999924,27.46271126760556,28.22732713440398,30.99558709677411,20.864250956388624,19.035154185021977,19.571763364219475,16.40207612456743,1.0,1.0,1.0,1.0,1.0,1.0,1.0,1.0,1.0,1.0,1.0,1.0,1.0,0.0
1.0,1.0,10.0,1988.0,40.0,1.0,24.855621639898494,14.0,1.6309388601036223,4.412610441767057,6.740558229066391,7.685241635687712,13.212999999999964,42.257,34.611550295857896,0.0,3.8666074980872125,0.0,0.0,0.0,0.0,1.0,1.0,1.0,1.0,1.0,1.0,1.0,0.0,1.0,0.0,0.0,0.0,0.0,0.0
1.0,1.0,2.0,1986.0,31.0,1.0,37.130999999999894,13.0,24.51501941747566,9.509518151815154,12.779473575129497,2.767510040160635,0.0,5.856877323420059,19.174999999999944,0.0,0.0,0.0,0.0,16.784411160058692,19.662380612972147,1.0,1.0,1.0,1.0,0.0,1.0,1.0,0.0,0.0,0.0,0.0,1.0,1.0,0.0
1.0,0.0,3.0,1987.0,73.0,0.0,0.0,14.0,35.801460946094515,33.723863212435134,32.981236947791075,14.368254090471567,7.239100371747192,2.4149999999999934,0.0,0.0,0.0,0.0,0.0,0.0,0.0,1.0,1.0,1.0,1.0,1.0,1.0,0.0,0.0,0.0,0.0,0.0,0.0,0.0,0.0
1.0,0.0,1.0,1987.0,70.0,0.0,0.0,10.0,0.0,0.0,0.0,0.0,0.0,0.0,0.0,0.0,0.0,0.0,0.0,0.0,0.0,0.0,0.0,0.0,0.0,0.0,0.0,0.0,0.0,0.0,0.0,0.0,0.0,0.0,0.0
0.0,1.0,2.0,1985.0,61.0,0.0,0.0,16.0,20.925146005509585,11.093009708737833,5.173746974697456,11.581255958549189,11.505799196787116,18.905208854667897,16.406386617100328,9.980999999999973,11.133661971830955,12.719344040574775,16.16334838709673,11.1134567712318,5.9571864904551965,1.0,1.0,1.0,1.0,1.0,1.0,1.0,1.0,1.0,1.0,1.0,1.0,1.0,0.0
0.0,1.0,10.0,1985.0,52.0,1.0,9.814394795539007,8.0,5.182600550964174,8.916970873786383,3.635247524752465,0.0,6.325108433734923,5.85764003849854,6.159397769516712,4.098999999999988,0.0,0.0,0.0,0.0,0.0,1.0,1.0,1.0,0.0,1.0,1.0,1.0,1.0,0.0,0.0,0.0,0.0,0.0,0.0
1.0,1.0,10.0,1986.0,59.0,0.0,0.0,14.0,36.783,39.284,38.30321243523305,40.336,40.928585178055705,41.35464684014859,41.999999999999886,42.25774647887312,41.690617075232346,42.425806451612786,43.01820964039775,42.97092511013204,43.355666429080415,1.0,1.0,1.0,1.0,1.0,1.0,1.0,1.0,1.0,1.0,1.0,1.0,1.0,0.0
1.0,1.0,4.0,1987.0,50.0,1.0,16.380231338028125,12.0,19.396426842684214,19.383867357512898,18.47904417670678,19.45901058710293,20.704825278810354,21.922999999999938,20.815316901408394,19.905879966187605,21.958006451612842,19.021092578423822,19.324845814977923,19.217106200997808,17.777195847750814,1.0,1.0,1.0,1.0,1.0,1.0,1.0,1.0,1.0,1.0,1.0,1.0,1.0,0.0
0.0,1.0,6.0,1987.0,52.0,1.0,26.25383098591542,12.0,0.032554455445544465,0.0,0.0,0.0,0.0,0.9899999999999973,0.0,0.0,0.0,0.0,0.0,0.0,0.0,1.0,0.0,0.0,0.0,0.0,1.0,0.0,0.0,0.0,0.0,0.0,0.0,0.0,0.0
0.0,1.0,6.0,1988.0,55.0,0.0,0.0,16.0,0.0,0.0,0.0,0.0,0.0,0.0,0.0,0.0,0.0,0.0,0.0,0.0,0.0,0.0,0.0,0.0,0.0,0.0,0.0,0.0,0.0,0.0,0.0,0.0,0.0,0.0,0.0
1.0,1.0,2.0,1988.0,52.0,0.0,0.0,16.0,20.130055958549164,18.638602409638505,39.87372473532231,40.336,41.999999999999886,35.518697183098496,35.30824683009289,39.78745161290312,11.894996174445263,7.536810572687204,11.02015110477545,14.782726643598576,24.459584345479016,1.0,1.0,1.0,1.0,1.0,1.0,1.0,1.0,1.0,1.0,1.0,1.0,1.0,0.0
0.0,1.0,10.0,1987.0,47.0,1.0,16.380231338028125,12.0,10.920211221122083,14.175311917098405,14.612232931726869,11.312323387872922,11.35521189591075,18.54499999999995,17.865957746478824,20.496960270498676,19.531780645161238,20.055877582249373,22.171066079295095,22.0738930862437,21.51421453287191,1.0,1.0,1.0,1.0,1.0,1.0,1.0,1.0,1.0,1.0,1.0,1.0,1.0,0.0
1.0,1.0,10.0,1987.0,44.0,0.0,0.0,12.0,0.0,0.0,0.0,0.0,0.0,0.0,0.0,0.0,0.0,0.0,0.0,0.0,0.0,0.0,0.0,0.0,0.0,0.0,0.0,0.0,0.0,0.0,0.0,0.0,0.0,0.0,0.0
1.0,1.0,2.0,1986.0,28.0,1.0,34.11094999999991,14.0,0.7541650485436873,6.193786578657849,7.182491191709825,2.6299598393574226,4.968392685274288,2.5576728624535248,7.864999999999978,13.945056338028131,11.572388841927271,16.548716129032215,20.735112471308287,21.726872246695976,4.462118317890223,1.0,1.0,1.0,1.0,1.0,1.0,1.0,1.0,1.0,1.0,1.0,1.0,1.0,0.0
1.0,1.0,1.0,1986.0,40.0,0.0,0.0,16.0,34.449514563106696,35.80990099009891,36.79834196891181,39.28433734939749,39.87372473532231,40.336059479553796,41.999999999999886,42.25774647887312,41.690617075232346,42.425806451612786,43.01820964039775,42.97092511013204,43.355666429080415,1.0,1.0,1.0,1.0,1.0,1.0,1.0,1.0,1.0,1.0,1.0,1.0,1.0,0.0
1.0,1.0,2.0,1987.0,27.0,0.0,0.0,16.0,4.0705126512651155,4.1250487046632,3.556497991967862,3.5369470644850716,4.056014869888465,9.556999999999972,21.578464788732337,18.009420118343147,26.740632258064444,28.086781943381716,32.05598825256966,31.732441910192357,33.60737993079575,1.0,1.0,1.0,1.0,1.0,1.0,1.0,1.0,1.0,1.0,1.0,1.0,1.0,0.0
1.0,0.0,2.0,1988.0,70.0,0.0,0.0,14.0,3.6809699481865183,2.3801686746987887,1.064354186717995,0.8138513011152395,0.08499999999999976,0.03762676056338018,0.0,0.19621935483870914,0.0,0.0,0.0,0.0,0.0,1.0,1.0,1.0,1.0,1.0,1.0,0.0,1.0,0.0,0.0,0.0,0.0,0.0,0.0
1.0,1.0,5.0,1985.0,66.0,1.0,107.12686988847555,12.0,34.57079889807153,34.449514563106696,28.392308030803004,25.745210362694227,29.060506024096306,22.500173243503305,5.856877323420059,4.452999999999987,0.0,0.0,0.0,0.0,0.0,1.0,1.0,1.0,1.0,1.0,1.0,1.0,1.0,0.0,0.0,0.0,0.0,0.0,1.0
1.0,0.0,2.0,1988.0,70.0,0.0,0.0,15.0,25.516924352331536,25.36975903614451,21.00649085659282,0.0,0.0,0.0,0.0,0.0,0.0,0.0,0.0,0.0,0.0,1.0,1.0,1.0,0.0,0.0,0.0,0.0,0.0,0.0,0.0,0.0,0.0,0.0,0.0
0.0,0.0,6.0,1984.0,76.0,1.0,63.305867179980574,14.0,0.0,0.0,0.0,0.0,0.0,0.0,0.0,0.0,0.0,0.0,0.0,0.0,0.0,0.0,0.0,0.0,0.0,0.0,0.0,0.0,0.0,0.0,0.0,0.0,0.0,0.0,0.0
1.0,1.0,4.0,1985.0,56.0,0.0,0.0,12.0,0.0,0.0,0.0,0.0,0.0,0.0,0.0,0.0,0.0,0.0,0.0,0.0,0.0,0.0,0.0,0.0,0.0,0.0,0.0,0.0,0.0,0.0,0.0,0.0,0.0,0.0,0.0
1.0,1.0,10.0,1985.0,56.0,1.0,10.856969888475808,12.0,34.22811019283738,33.40937864077661,33.10908690869078,35.096986528497304,34.609831325301116,38.939118383060524,39.2604312267657,38.755999999999894,39.392323943661864,39.144710059171494,39.39943225806441,38.57467176740617,38.54427606461076,1.0,1.0,1.0,1.0,1.0,1.0,1.0,1.0,1.0,1.0,1.0,1.0,1.0,0.0
1.0,1.0,2.0,1985.0,49.0,0.0,0.0,15.0,34.57079889807153,34.449514563106696,35.80990099009891,36.79834196891181,36.317654618473796,37.06041193455235,40.336059479553796,40.37699999999989,42.25774647887312,40.43897210481815,38.14963870967732,35.48708798775813,37.58427019089564,1.0,1.0,1.0,1.0,1.0,1.0,1.0,1.0,1.0,1.0,1.0,1.0,1.0,0.0
0.0,1.0,4.0,1985.0,48.0,1.0,26.474409665427437,12.0,19.74460606060601,20.995582524271786,13.639111111111074,18.77283316062171,21.05068273092364,19.325043310875785,19.84208178438656,21.85999999999994,21.86211267605628,22.364699915469085,23.015999999999938,22.86338179035954,22.000469897209925,1.0,1.0,1.0,1.0,1.0,1.0,1.0,1.0,1.0,1.0,1.0,1.0,1.0,0.0
0.0,1.0,10.0,1986.0,47.0,1.0,34.11094999999991,16.0,0.01862135922330092,0.0,0.6746362694300498,0.0,2.058032723772853,1.597144981412635,4.309999999999988,5.64015492957745,10.918309382924738,5.82029032258063,5.3416373374139114,4.012229074889857,3.852014255167487,1.0,0.0,1.0,0.0,1.0,1.0,1.0,1.0,1.0,1.0,1.0,1.0,1.0,0.0
1.0,1.0,5.0,1986.0,44.0,1.0,114.08499999999968,14.0,23.828689320388282,28.829984598459767,36.79834196891181,39.28433734939749,39.87372473532231,40.336059479553796,41.999999999999886,42.25774647887312,41.690617075232346,42.425806451612786,32.50851721499609,20.70570925110127,0.0,1.0,1.0,1.0,1.0,1.0,1.0,1.0,1.0,1.0,1.0,1.0,1.0,0.0,1.0
0.0,0.0,1.0,1987.0,46.0,0.0,0.0,16.0,0.0,0.0,0.0,0.0,0.0,0.0,0.0,0.07133727810650868,0.48436129032257935,0.0,0.0,0.0,0.0,0.0,0.0,0.0,0.0,0.0,0.0,0.0,1.0,1.0,0.0,0.0,0.0,0.0,0.0
0.0,1.0,10.0,1987.0,29.0,1.0,26.25383098591542,15.0,4.638407040704057,3.239162694300509,6.169951807228899,6.677266602502387,6.709434944237901,10.816999999999968,15.75114084507038,13.747712595097173,12.863858064516094,11.227501147666382,7.770977973568261,5.579210263720583,0.0,1.0,1.0,1.0,1.0,1.0,1.0,1.0,1.0,1.0,1.0,1.0,1.0,0.0,0.0
0.0,1.0,4.0,1986.0,36.0,1.0,11.456549999999968,14.0,22.11153398058246,22.03213201320126,23.612269430051747,22.297437751003955,24.252296438883473,24.887144981412572,26.235999999999926,22.792169014084443,27.778921386305928,31.815819354838624,31.603709257842304,30.71535976505131,31.773063435495278,1.0,1.0,1.0,1.0,1.0,1.0,1.0,1.0,1.0,1.0,1.0,1.0,1.0,0.0
0.0,1.0,1.0,1986.0,29.0,1.0,12.168999999999967,14.0,9.141757281553373,0.047023102310230894,1.326557512953364,0.0,6.513763233878712,16.70686988847579,18.680999999999948,5.009183098591536,0.5373457311918836,0.0,0.0,0.0,0.0,1.0,1.0,1.0,0.0,1.0,1.0,1.0,1.0,1.0,0.0,0.0,0.0,0.0,0.0
1.0,1.0,2.0,1986.0,30.0,1.0,152.7037499999996,13.0,0.0,0.0,0.0,0.0,0.0,8.406401486988825,9.345999999999975,0.0,0.0,0.0,0.0,0.0,0.0,0.0,0.0,0.0,0.0,0.0,1.0,1.0,0.0,0.0,0.0,0.0,0.0,0.0,1.0
1.0,0.0,6.0,1986.0,80.0,1.0,140.3619999999996,11.0,0.0,0.0,0.0,0.0,0.0,0.0,0.0,0.0,0.0,0.0,0.0,0.0,0.0,0.0,0.0,0.0,0.0,0.0,0.0,0.0,0.0,0.0,0.0,0.0,0.0,0.0,1.0
1.0,1.0,0.0,1986.0,59.0,0.0,0.0,15.0,15.459718446601899,11.594209020902058,1.6116310880828968,5.386465863453801,39.87372473532231,0.0,21.977999999999938,4.232528169014072,15.951756551141123,9.472445161290297,0.8175975516449864,5.710143906020542,0.0,1.0,1.0,1.0,1.0,1.0,0.0,1.0,1.0,1.0,1.0,1.0,1.0,0.0,0.0
1.0,1.0,1.0,1985.0,58.0,0.0,0.0,14.0,34.57079889807153,34.449514563106696,35.80990099009891,36.79834196891181,39.28433734939749,39.87372473532231,40.336059479553796,41.999999999999886,42.25774647887312,41.690617075232346,42.425806451612786,18.03997551644984,0.0,1.0,1.0,1.0,1.0,1.0,1.0,1.0,1.0,1.0,1.0,1.0,1.0,0.0,0.0
0.0,1.0,1.0,1986.0,56.0,0.0,0.0,13.0,13.911485436893164,13.854935093509313,16.231021761657985,17.443566265060195,17.97482194417704,18.277531598512965,16.784999999999954,18.179514084506994,21.403036348267058,22.163948387096713,23.31452792654929,23.04094566813503,23.358939415538064,1.0,1.0,1.0,1.0,1.0,1.0,1.0,1.0,1.0,1.0,1.0,1.0,1.0,0.0
1.0,1.0,2.0,1985.0,49.0,0.0,0.0,16.0,11.957873278236882,21.789650485436834,14.774899889988957,14.267307772020684,31.911646586345295,29.547695861405114,11.281873605947926,7.658999999999979,37.144366197183004,14.475908706677897,11.189806451612872,2.812535577658753,12.975770925110098,1.0,1.0,1.0,1.0,1.0,1.0,1.0,1.0,1.0,1.0,1.0,1.0,1.0,0.0
1.0,1.0,2.0,1988.0,37.0,0.0,0.0,16.0,29.773720207253803,28.03933333333326,39.87372473532231,40.336,41.999999999999886,42.257,41.690617075232346,42.425806451612786,43.018,42.97092511013204,43.355666429080415,43.688,44.816,1.0,1.0,1.0,1.0,1.0,1.0,1.0,1.0,1.0,1.0,1.0,1.0,1.0,0.0
1.0,1.0,10.0,1986.0,37.0,1.0,61.94149999999983,12.0,19.750611650485382,17.332233223322284,4.520290155440401,17.721967871485898,5.861859480269473,3.9276728624535213,6.562999999999982,2.2392746478873176,0.0,0.0,0.0,0.0,0.0,1.0,1.0,1.0,1.0,1.0,1.0,1.0,1.0,0.0,0.0,0.0,0.0,0.0,0.0
1.0,1.0,1.0,1988.0,41.0,1.0,22.98195266272183,14.0,16.308252849740885,14.544008032128476,24.505462945139488,22.0259330855018,19.339999999999947,21.959556338028108,25.13388334742174,26.306651612903156,26.330833970925717,26.52126872246689,26.739900213827436,27.74738269896186,31.046677462887903,1.0,1.0,1.0,1.0,1.0,1.0,1.0,1.0,1.0,1.0,1.0,1.0,1.0,0.0
0.0,0.0,10.0,1987.0,77.0,0.0,0.0,17.0,0.0,0.0,0.0,0.0,0.0,0.0,0.0,0.0,0.0,0.0,0.0,0.0,0.0,0.0,0.0,0.0,0.0,0.0,0.0,0.0,0.0,0.0,0.0,0.0,0.0,0.0,0.0
1.0,0.0,10.0,1986.0,63.0,1.0,49.00054999999987,16.0,0.0,0.0,0.0,0.0,0.0,0.0,0.0,0.0,0.0,0.0,0.0,0.0,0.0,0.0,0.0,0.0,0.0,0.0,0.0,0.0,0.0,0.0,0.0,0.0,0.0,0.0,0.0
1.0,1.0,10.0,1986.0,56.0,1.0,26.619649999999925,16.0,0.0,0.5293113311331118,2.44413678756476,1.18733333333333,0.0,0.0,0.0,0.0,0.0,0.0,0.0,0.0,0.0,0.0,1.0,1.0,1.0,0.0,0.0,0.0,0.0,0.0,0.0,0.0,0.0,0.0,0.0
0.0,1.0,2.0,1988.0,49.0,0.0,0.0,16.0,0.0,0.0,0.0,0.0,0.0,0.17173239436619672,0.0639256128486896,0.32703225806451525,0.0,0.0,0.0,0.0,0.0,0.0,0.0,0.0,0.0,0.0,1.0,1.0,1.0,0.0,0.0,0.0,0.0,0.0,0.0
0.0,1.0,2.0,1987.0,49.0,0.0,0.0,16.0,0.0,0.0,0.0,0.0,0.0,0.0,0.0,0.0,0.0,0.5115225707727608,0.8489574155653428,0.9147655024946517,0.6431889273356384,0.0,0.0,0.0,0.0,0.0,0.0,0.0,0.0,0.0,1.0,1.0,1.0,1.0,0.0
1.0,1.0,2.0,1985.0,43.0,0.0,0.0,12.0,33.97147107438008,33.40937864077661,32.25543674367428,29.400058031088,33.26954216867461,35.662721847930605,37.469754646840045,37.4679999999999,37.20514788732385,42.52442941673699,43.29641935483859,41.28238714613608,42.39556534508065,1.0,1.0,1.0,1.0,1.0,1.0,1.0,1.0,1.0,1.0,1.0,1.0,1.0,0.0
1.0,1.0,2.0,1985.0,43.0,0.0,0.0,16.0,34.57079889807153,34.449514563106696,35.80990099009891,36.79834196891181,39.28433734939749,39.87372473532231,40.336059479553796,41.999999999999886,42.25774647887312,41.690617075232346,42.425806451612786,43.01820964039775,42.97092511013204,1.0,1.0,1.0,1.0,1.0,1.0,1.0,1.0,1.0,1.0,1.0,1.0,1.0,0.0
0.0,1.0,1.0,1987.0,40.0,0.0,0.0,14.0,0.0,0.0,0.0,0.33755534167468626,0.0,0.0,0.7178028169014065,1.302600169061704,2.13985161290322,1.8523825554705384,1.0774919236417004,2.025607982893793,0.3382809688581305,0.0,0.0,0.0,1.0,0.0,0.0,1.0,1.0,1.0,1.0,1.0,1.0,1.0,0.0
1.0,1.0,4.0,1985.0,31.0,1.0,17.034142007434898,16.0,21.935096418732723,18.818213592232958,18.92378437843779,17.13735129533674,19.680682730923643,20.070829643888295,22.72060966542745,22.980999999999934,24.928211267605565,24.098103127641522,24.620225806451543,25.986185156847675,24.8402525697503,1.0,1.0,1.0,1.0,1.0,1.0,1.0,1.0,1.0,1.0,1.0,1.0,1.0,0.0
1.0,1.0,10.0,1985.0,38.0,1.0,24.10909702602224,9.0,0.0,0.0,0.3363960396039595,4.873508808290141,10.786136546184709,10.714217516843087,14.0646542750929,12.721999999999966,13.275492957746442,13.520730346576464,13.205032258064481,10.168397857689339,10.267154185021997,0.0,0.0,1.0,1.0,1.0,1.0,1.0,1.0,1.0,1.0,1.0,1.0,1.0,0.0
1.0,1.0,4.0,1986.0,66.0,0.0,0.0,10.0,29.960436893203802,28.334433443344256,27.16717098445588,26.32160642570274,25.232261790182797,10.159390334572462,15.782999999999957,24.03578169014078,26.690333051563748,23.83623225806445,11.448881407804102,8.398643171806144,1.766255167498213,1.0,1.0,1.0,1.0,1.0,1.0,1.0,1.0,1.0,1.0,1.0,1.0,1.0,0.0
0.0,1.0,1.0,1985.0,67.0,0.0,0.0,13.0,20.626236914600497,21.63668932038829,19.53749614961491,15.046433160621719,18.531863453815212,17.96849278152064,15.936817843866129,16.44299999999995,17.961471830985865,16.60954184277257,2.4907483870967675,0.0,0.0,1.0,1.0,1.0,1.0,1.0,1.0,1.0,1.0,1.0,1.0,1.0,0.0,0.0,0.0
0.0,0.0,5.0,1988.0,68.0,1.0,71.64236077768366,13.0,19.39749637305694,3.41124497991967,2.4768123195380105,0.0,0.0,0.0,0.0,0.0,0.0,0.0,0.0,0.0,0.0,1.0,1.0,1.0,0.0,0.0,0.0,0.0,0.0,0.0,0.0,0.0,0.0,0.0,0.0
1.0,1.0,2.0,1987.0,69.0,0.0,0.0,13.0,0.0,0.0,0.0,0.0,0.0,0.0,0.0,0.0,0.0,0.0,0.0,0.0,0.0,0.0,0.0,0.0,0.0,0.0,0.0,0.0,0.0,0.0,0.0,0.0,0.0,0.0,0.0
0.0,0.0,10.0,1985.0,79.0,1.0,22.769501858736,8.0,0.0,0.0,0.0,0.0,0.0,0.0,0.0,0.0,0.0,0.0,0.0,0.0,0.0,0.0,0.0,0.0,0.0,0.0,0.0,0.0,0.0,0.0,0.0,0.0,0.0,0.0,0.0
0.0,1.0,1.0,1986.0,58.0,0.0,0.0,16.0,21.05942718446596,20.979537953795322,22.31751295336781,26.13453815261037,28.713301251203,30.28871375464676,31.370999999999913,31.857323943661886,33.65359256128478,14.848148387096733,6.691721499617427,0.0,0.0,1.0,1.0,1.0,1.0,1.0,1.0,1.0,1.0,1.0,1.0,1.0,0.0,0.0,0.0
1.0,1.0,4.0,1985.0,54.0,1.0,45.54435130111512,14.0,34.57079889807153,34.449514563106696,35.80990099009891,36.79834196891181,39.28433734939749,39.87372473532231,40.336059479553796,41.999999999999886,42.25774647887312,41.690617075232346,10.634735483870937,11.404437643458271,42.97092511013204,1.0,1.0,1.0,1.0,1.0,1.0,1.0,1.0,1.0,1.0,1.0,1.0,1.0,0.0
0.0,0.0,2.0,1987.0,70.0,0.0,0.0,15.0,11.205966996699638,11.150806217616548,9.220265060240939,4.974721847930688,4.969687732341994,1.2809999999999964,0.0,0.0,0.0,0.0,0.0,0.0,0.0,1.0,1.0,1.0,1.0,1.0,1.0,0.0,0.0,0.0,0.0,0.0,0.0,0.0,0.0
0.0,1.0,3.0,1988.0,55.0,1.0,33.83693863060007,12.0,0.0,0.0,0.0,0.0,0.0,0.0,0.0,0.0,0.0,0.0,0.0,0.0,0.0,0.0,0.0,0.0,0.0,0.0,0.0,0.0,0.0,0.0,0.0,0.0,0.0,0.0,0.0
0.0,1.0,1.0,1987.0,54.0,0.0,0.0,16.0,6.631463146314613,20.232273575129476,22.71559036144572,23.576130895091367,23.262498141263876,24.72999999999993,27.24659859154922,28.58123415046484,34.622993548387,30.037276205049654,32.358555066079205,33.92600427655016,34.25739515570925,1.0,1.0,1.0,1.0,1.0,1.0,1.0,1.0,1.0,1.0,1.0,1.0,1.0,0.0
1.0,1.0,3.0,1986.0,50.0,0.0,0.0,16.0,34.449514563106696,35.80990099009891,36.79834196891181,39.28433734939749,39.87372473532231,40.336059479553796,41.999999999999886,42.426,41.690617075232346,42.425806451612786,43.01820964039775,42.97092511013204,43.355666429080415,1.0,1.0,1.0,1.0,1.0,1.0,1.0,1.0,1.0,1.0,1.0,1.0,1.0,0.0
0.0,1.0,2.0,1988.0,46.0,1.0,85.1850481825864,8.0,0.9381305699481839,1.0860963855421657,4.464169393647726,4.67124163568772,5.126999999999986,12.530676056337994,12.74899070160605,9.521941935483845,11.85726090283088,0.5914537444933905,0.0,0.0,0.0,1.0,1.0,1.0,1.0,1.0,1.0,1.0,1.0,1.0,1.0,0.0,0.0,0.0,0.0
0.0,1.0,2.0,1988.0,44.0,0.0,0.0,15.0,10.37963108808287,12.52587148594374,17.375661212704475,10.802118959107778,13.777999999999961,14.72942957746475,15.120723584108159,14.486645161290284,13.286169854628886,13.114983847283371,15.89395295794721,14.965519723183348,15.062974358974317,1.0,1.0,1.0,1.0,1.0,1.0,1.0,1.0,1.0,1.0,1.0,1.0,1.0,0.0
1.0,1.0,1.0,1987.0,28.0,0.0,0.0,16.0,3.4242464246424547,4.515747150259054,4.185927710843362,5.014806544754558,2.709442379182149,14.926999999999959,17.775267605633754,22.66394590025353,24.03598709677413,24.16147513389435,25.300540381791414,27.154708481824585,25.63198892733557,1.0,1.0,1.0,1.0,1.0,1.0,1.0,1.0,1.0,1.0,1.0,1.0,1.0,0.0
0.0,0.0,10.0,1987.0,25.0,1.0,56.08799295774633,10.0,0.0,0.0,0.0,0.0,0.5816133828996267,0.0,0.0,0.0,0.0,0.0,0.0,0.0,0.0,0.0,0.0,0.0,0.0,1.0,0.0,0.0,0.0,0.0,0.0,0.0,0.0,0.0,0.0
1.0,0.0,1.0,1985.0,78.0,0.0,0.0,14.0,0.1056749311294763,0.11970873786407733,0.0964576457645762,0.09086010362694275,0.12324497991967838,0.16877767083734313,0.08148698884758343,0.10799999999999971,0.06946478873239419,0.10005748098055763,0.07954838709677398,0.07547054322876798,0.028969162995594638,1.0,1.0,1.0,1.0,1.0,1.0,1.0,1.0,1.0,1.0,1.0,1.0,1.0,0.0
1.0,1.0,5.0,1987.0,70.0,1.0,39.825851760563275,12.0,26.98402640264019,27.77934093264241,27.075381526104344,35.07094513955717,0.3188178438661702,0.3359999999999991,0.3473239436619709,0.7995333896872336,0.04772903225806439,0.0,0.0,0.0,0.0,1.0,1.0,1.0,1.0,1.0,1.0,1.0,1.0,1.0,0.0,0.0,0.0,0.0,0.0
1.0,1.0,1.0,1984.0,65.0,1.0,82.98745332050024,16.0,29.75337423312875,34.57079889807153,34.449514563106696,35.80990099009891,36.79834196891181,39.28433734939749,39.87372473532231,4.642721189591066,0.0,0.0,0.0,0.0,0.0,1.0,1.0,1.0,1.0,1.0,1.0,1.0,1.0,0.0,0.0,0.0,0.0,0.0,0.0
1.0,1.0,1.0,1986.0,64.0,0.0,0.0,16.0,34.449514563106696,35.80990099009891,35.15150259067347,29.600803212851325,36.82939749759374,33.5268029739776,25.16499999999993,22.325211267605575,10.005748098055763,32.91358709677411,32.974757459831594,34.82012922173265,37.235877405559414,1.0,1.0,1.0,1.0,1.0,1.0,1.0,1.0,1.0,1.0,1.0,1.0,1.0,0.0
0.0,0.0,1.0,1987.0,61.0,0.0,0.0,12.0,0.0,0.0,0.0,0.0,0.0,0.0,0.0,0.0,0.0,0.0,0.0,0.0,0.0,0.0,0.0,0.0,0.0,0.0,0.0,0.0,0.0,0.0,0.0,0.0,0.0,0.0,0.0
0.0,1.0,2.0,1987.0,59.0,0.0,0.0,14.0,35.80990099009891,36.79834196891181,39.28433734939749,39.87372473532231,40.336059479553796,41.999999999999886,42.25774647887312,41.690617075232346,42.425806451612786,43.018,42.97092511013204,43.355666429080415,43.68830449826977,1.0,1.0,1.0,1.0,1.0,1.0,1.0,1.0,1.0,1.0,1.0,1.0,1.0,0.0
0.0,1.0,2.0,1988.0,52.0,0.0,0.0,13.0,7.074594818652829,7.620281124497971,9.995857555341647,9.11737546468399,9.498999999999974,10.235443661971804,11.5158748943364,10.518948387096746,11.74657077276202,9.587988252569724,10.99671560940838,11.245187543252563,10.228593792172711,1.0,1.0,1.0,1.0,1.0,1.0,1.0,1.0,1.0,1.0,1.0,1.0,1.0,0.0
1.0,1.0,0.0,1985.0,46.0,0.0,0.0,16.0,34.57079889807153,34.449514563106696,35.80990099009891,36.79834196891181,39.28433734939749,39.87372473532231,40.336059479553796,41.999999999999886,42.25774647887312,41.690617075232346,42.425806451612786,43.01820964039775,42.97092511013204,1.0,1.0,1.0,1.0,1.0,1.0,1.0,1.0,1.0,1.0,1.0,1.0,1.0,0.0
1.0,1.0,2.0,1987.0,48.0,1.0,24.748760563380216,13.0,24.90656985698563,23.555481865284907,21.3059759036144,24.79554956689117,24.78630483271369,25.911999999999928,28.46319718309851,25.699022823330445,25.508516129032188,25.246573833205748,26.113286343612263,26.789114754098286,29.369007612456667,1.0,1.0,1.0,1.0,1.0,1.0,1.0,1.0,1.0,1.0,1.0,1.0,1.0,0.0
1.0,1.0,2.0,1985.0,43.0,0.0,0.0,14.0,34.57079889807153,34.449514563106696,35.80990099009891,36.79834196891181,39.28433734939749,42.257,40.336059479553796,41.999999999999886,42.25774647887312,43.018,42.425806451612786,43.01820964039775,8.04698972099851,1.0,1.0,1.0,1.0,1.0,1.0,1.0,1.0,1.0,1.0,1.0,1.0,1.0,0.0
0.0,1.0,2.0,1988.0,45.0,0.0,0.0,16.0,22.20620932642481,23.069919678714797,25.914756496631306,28.791390334572412,31.841999999999913,31.81197887323935,35.08126458157218,36.50740645161281,36.22921499617435,38.08157415565335,43.355666429080415,42.21989204152237,43.01245344129543,1.0,1.0,1.0,1.0,1.0,1.0,1.0,1.0,1.0,1.0,1.0,1.0,1.0,0.0
1.0,1.0,3.0,1987.0,40.0,1.0,104.84841549295746,15.0,21.823542354235364,26.87528290155433,39.28433734939749,39.87372473532231,39.94899628252777,41.999999999999886,42.25485211267594,41.690617075232346,28.016058064516052,21.5644498852333,17.86512187958879,32.4120712758374,40.09463806228362,1.0,1.0,1.0,1.0,1.0,1.0,1.0,1.0,1.0,1.0,1.0,1.0,1.0,1.0
1.0,1.0,6.0,1987.0,40.0,0.0,0.0,16.0,35.80990099009891,36.79834196891181,39.28433734939749,39.87372473532231,40.336059479553796,41.999999999999886,42.25774647887312,41.690617075232346,42.425806451612786,43.018,42.97092511013204,43.355666429080415,43.68830449826977,1.0,1.0,1.0,1.0,1.0,1.0,1.0,1.0,1.0,1.0,1.0,1.0,1.0,0.0
1.0,1.0,5.0,1984.0,34.0,1.0,26.436490471607243,12.0,29.75337423312875,28.307294765840144,23.75553398058246,37.49308690869076,25.961003108808214,28.126265060240886,31.739695861405107,36.25763568773225,36.4149999999999,39.900767605633696,41.690617075232346,37.078387096774094,33.01165416985454,1.0,1.0,1.0,1.0,1.0,1.0,1.0,1.0,1.0,1.0,1.0,1.0,1.0,0.0
1.0,1.0,2.0,1986.0,35.0,0.0,0.0,16.0,15.696475728155296,15.429606160616018,14.37520414507768,14.295317269076266,10.787002887391692,13.429055762081749,23.855999999999934,25.381661971830916,24.338982248520644,21.77416129032252,24.729181331292974,28.00996182085161,27.220327868852383,1.0,1.0,1.0,1.0,1.0,1.0,1.0,1.0,1.0,1.0,1.0,1.0,1.0,0.0
1.0,1.0,10.0,1987.0,33.0,1.0,60.99008450704209,16.0,8.317060506050582,14.63983419689115,14.71677108433731,13.198413859480231,25.504408921933017,26.786999999999928,29.152056338028093,31.16512595097202,31.426916129032172,8.887075745983143,19.180804698972047,0.0,0.0,1.0,1.0,1.0,1.0,1.0,1.0,1.0,1.0,1.0,1.0,1.0,0.0,0.0,0.0
1.0,1.0,1.0,1984.0,30.0,1.0,35.173952261790085,13.0,17.793190184049028,17.602424242424195,16.59961165048539,16.61482948294825,17.422424870466273,18.024578313252967,18.08558229066405,15.939873605947913,21.39599999999994,28.252873239436543,32.157362637362546,31.850290322580555,30.83390971690887,1.0,1.0,1.0,1.0,1.0,1.0,1.0,1.0,1.0,1.0,1.0,1.0,1.0,0.0
0.0,0.0,3.0,1986.0,24.0,1.0,32.835749999999905,9.0,0.0,0.0,0.1306113989637302,1.3589959839357393,0.24472762271414752,1.0114572490706293,0.0,0.0,0.0,0.03977419354838699,0.0,0.0,0.0,0.0,0.0,1.0,1.0,1.0,1.0,0.0,0.0,0.0,1.0,0.0,0.0,0.0,0.0
1.0,1.0,1.0,1988.0,33.0,0.0,0.0,16.0,15.906196891191664,28.810714859437674,29.098325312800686,32.99000743494415,35.04299999999991,27.33825352112669,41.690617075232346,40.923225806451505,39.122252486610456,37.232616740088005,37.42726728439049,34.06094948096876,36.30259649122797,1.0,1.0,1.0,1.0,1.0,1.0,1.0,1.0,1.0,1.0,1.0,1.0,1.0,0.0
1.0,0.0,10.0,1986.0,81.0,0.0,0.0,16.0,4.611446601941735,3.1421078107810696,0.0,0.0,0.0,0.0,0.0,0.0,0.0,0.0,0.0,0.0,0.0,1.0,1.0,0.0,0.0,0.0,0.0,0.0,0.0,0.0,0.0,0.0,0.0,0.0,0.0
0.0,0.0,1.0,1987.0,68.0,1.0,22.757919014084443,9.0,0.0,0.0,0.0,0.0,0.0,0.0,0.0,0.0,0.0,0.0,0.0,0.0,0.0,0.0,0.0,0.0,0.0,0.0,0.0,0.0,0.0,0.0,0.0,0.0,0.0,0.0,0.0
0.0,1.0,4.0,1987.0,68.0,1.0,54.68084859154915,10.0,8.862046204620437,9.81516269430049,8.094554216867449,7.982128970163596,8.687531598512987,8.625999999999976,6.611697183098574,3.1193846153846065,5.349187096774179,3.2661973986227917,2.80598531571218,1.9521767640769725,1.435039446366778,1.0,1.0,1.0,1.0,1.0,1.0,1.0,1.0,1.0,1.0,1.0,1.0,1.0,0.0
1.0,0.0,4.0,1985.0,66.0,0.0,0.0,9.0,15.475338842975164,18.807572815533927,19.08896809680963,18.254930569948133,20.884522088353357,21.87042155919147,14.392639405204424,0.0,0.0,0.0,0.0,0.0,0.0,1.0,1.0,1.0,1.0,1.0,1.0,1.0,0.0,0.0,0.0,0.0,0.0,0.0,0.0
1.0,1.0,1.0,1986.0,68.0,0.0,0.0,14.0,34.449514563106696,35.80990099009891,36.79834196891181,39.28433734939749,39.87372473532231,40.336059479553796,41.999999999999886,42.25774647887312,0.0,0.0,0.0,0.0,0.0,1.0,1.0,1.0,1.0,1.0,1.0,1.0,1.0,0.0,0.0,0.0,0.0,0.0,0.0
1.0,0.0,2.0,1988.0,68.0,0.0,0.0,14.0,36.783,39.284,4.219441770933578,0.0,0.0,0.0,0.0,0.0,0.0,0.0,0.0,0.0,0.0,1.0,1.0,1.0,0.0,0.0,0.0,0.0,0.0,0.0,0.0,0.0,0.0,0.0,0.0
1.0,1.0,5.0,1986.0,54.0,1.0,96.77699999999973,14.0,34.449514563106696,35.80990099009891,36.79834196891181,39.28433734939749,39.87372473532231,40.336059479553796,41.999999999999886,42.25774647887312,41.690617075232346,41.90255483870956,32.40453557765868,29.946067547723853,32.43785032074118,1.0,1.0,1.0,1.0,1.0,1.0,1.0,1.0,1.0,1.0,1.0,1.0,1.0,0.0
1.0,1.0,10.0,1987.0,50.0,0.0,0.0,16.0,35.80990099009891,36.79834196891181,39.28433734939749,39.87372473532231,40.336059479553796,41.999999999999886,42.25774647887312,41.690617075232346,42.425806451612786,43.018,42.97092511013204,43.355666429080415,43.68830449826977,1.0,1.0,1.0,1.0,1.0,1.0,1.0,1.0,1.0,1.0,1.0,1.0,1.0,0.0
1.0,1.0,2.0,1985.0,44.0,0.0,0.0,14.0,17.356352617079843,16.45330097087374,17.275564356435595,9.35291191709842,10.577060240963826,16.909412897016313,13.9668698884758,11.585999999999967,11.746302816901377,9.4860050718512,9.16309032258062,8.528171384850781,7.34529221732744,1.0,1.0,1.0,1.0,1.0,1.0,1.0,1.0,1.0,1.0,1.0,1.0,1.0,0.0
1.0,1.0,8.0,1985.0,46.0,0.0,0.0,11.0,25.512947658402137,27.167233009708664,28.020946094609382,29.32623419689111,29.386224899598314,29.578286814244382,32.18532342007426,34.46999999999991,37.906549295774546,38.37482333051553,37.39746451612893,36.84555776587596,35.40514537444925,1.0,1.0,1.0,1.0,1.0,1.0,1.0,1.0,1.0,1.0,1.0,1.0,1.0,0.0
1.0,1.0,10.0,1985.0,44.0,1.0,149.37583643122636,16.0,30.568738292010938,31.58049514563098,32.01429262926284,34.15431295336778,36.696192771084235,37.59944562078911,40.336059479553796,41.999999999999886,43.018,41.88054099746396,34.79888387096765,2.5165233358836967,8.91365051395005,1.0,1.0,1.0,1.0,1.0,1.0,1.0,1.0,1.0,1.0,1.0,1.0,1.0,1.0
0.0,1.0,1.0,1985.0,42.0,1.0,17.034142007434898,15.0,10.267074380165262,10.607524271844632,13.086891089108875,10.627224870466291,10.506634538152582,16.759622714148172,2.129866171003712,0.8319999999999977,0.36469014084506945,0.833812341504647,0.0,2.2901117061973926,14.629427312775292,1.0,1.0,1.0,1.0,1.0,1.0,1.0,1.0,1.0,1.0,0.0,1.0,1.0,0.0
0.0,1.0,2.0,1985.0,34.0,0.0,0.0,16.0,16.80231404958673,20.64310679611645,25.907317931793106,32.65284974093255,33.980401606425616,35.31672762271405,36.46542750929358,24.91999999999993,0.0,0.0,3.3436838709677326,3.4305554705432195,1.4452393538913322,1.0,1.0,1.0,1.0,1.0,1.0,1.0,1.0,0.0,0.0,1.0,1.0,1.0,0.0
1.0,1.0,2.0,1985.0,40.0,1.0,23.1625237918215,15.0,3.2970578512396607,0.042563106796116384,0.0,6.832679792746095,4.875879518072276,0.20253320500481176,0.0,14.43599999999996,23.06713380281684,22.927060016906108,25.74627741935477,24.475097169089455,25.638513950073353,1.0,1.0,0.0,1.0,1.0,1.0,0.0,1.0,1.0,1.0,1.0,1.0,1.0,0.0
1.0,1.0,5.0,1984.0,28.0,1.0,107.14533974975909,16.0,0.0,0.0,0.0,6.770121012101192,13.06113989637302,17.38634538152606,2.8681655437921,4.097776951672851,16.176999999999953,38.1361690140844,41.690617075232346,42.425806451612786,43.01820964039775,0.0,0.0,0.0,1.0,1.0,1.0,1.0,1.0,1.0,1.0,1.0,1.0,1.0,1.0
0.0,1.0,2.0,1985.0,35.0,0.0,0.0,16.0,7.788242424242403,9.70970873786405,8.58111331133111,20.577541968911856,28.231903614457757,32.627888354186624,33.998408921933,34.186999999999905,40.3445704225351,39.61164497041409,41.2962193548386,39.81993573068085,36.218696035242196,1.0,1.0,1.0,1.0,1.0,1.0,1.0,1.0,1.0,1.0,1.0,1.0,1.0,0.0
1.0,0.0,2.0,1987.0,77.0,0.0,0.0,12.0,0.0,0.0,0.0,0.0,0.0,0.0,0.0,0.0,0.0,0.0,0.0,0.0,0.0,0.0,0.0,0.0,0.0,0.0,0.0,0.0,0.0,0.0,0.0,0.0,0.0,0.0,0.0
0.0,0.0,1.0,1988.0,81.0,0.0,0.0,12.0,0.0,0.0,0.0,0.0,0.0,0.0,0.0,0.0,0.0,0.0,0.0,0.0,0.0,0.0,0.0,0.0,0.0,0.0,0.0,0.0,0.0,0.0,0.0,0.0,0.0,0.0,0.0
0.0,0.0,3.0,1985.0,66.0,1.0,225.03446840148638,8.0,10.07987878787876,9.059291262135897,11.291573157315701,9.513052849740905,13.654883534136511,11.391437921077928,3.312446096654266,0.0,0.0,0.0,0.0,0.0,0.0,1.0,1.0,1.0,1.0,1.0,1.0,1.0,0.0,0.0,0.0,0.0,0.0,0.0,1.0
1.0,0.0,2.0,1988.0,82.0,0.0,0.0,16.0,0.0,0.0,0.0,0.0,0.0,0.0,0.0,0.0,0.0,0.0,0.0,0.0,0.0,0.0,0.0,0.0,0.0,0.0,0.0,0.0,0.0,0.0,0.0,0.0,0.0,0.0,0.0
1.0,1.0,2.0,1987.0,61.0,0.0,0.0,16.0,36.783,39.284,39.28433734939749,39.87372473532231,40.336059479553796,41.999999999999886,42.25774647887312,41.690617075232346,42.425806451612786,32.05820964039778,11.565133627019058,9.627301496792562,7.579465743944615,1.0,1.0,1.0,1.0,1.0,1.0,1.0,1.0,1.0,1.0,1.0,1.0,1.0,0.0
1.0,1.0,2.0,1985.0,59.0,0.0,0.0,14.0,33.354027548209274,31.331766990291175,14.962992299229882,23.716758549222728,28.940562248995906,28.239668912415706,28.892230483271298,31.010999999999914,30.355147887323863,30.197903634826627,33.865516129032166,32.38441009946434,30.94067547723927,1.0,1.0,1.0,1.0,1.0,1.0,1.0,1.0,1.0,1.0,1.0,1.0,1.0,0.0
1.0,1.0,10.0,1984.0,55.0,1.0,89.14678344562054,14.0,26.223312883435508,34.57079889807153,34.449514563106696,35.80990099009891,36.79834196891181,39.28433734939749,39.87372473532231,40.336059479553796,41.999999999999886,42.25774647887312,19.27032967032962,28.990967741935403,38.93860749808712,1.0,1.0,1.0,1.0,1.0,1.0,1.0,1.0,1.0,1.0,1.0,1.0,1.0,0.0
1.0,1.0,0.0,1984.0,54.0,1.0,10.04965543792105,14.0,0.0,0.0,0.0,0.0,0.0,0.0,0.0,0.0,0.0,0.0,0.0,0.0,0.0,0.0,0.0,0.0,0.0,0.0,0.0,0.0,0.0,0.0,0.0,0.0,0.0,0.0,0.0
0.0,1.0,3.0,1987.0,55.0,0.0,0.0,14.0,21.830776677667707,23.570246632124288,23.376931726907568,23.74385370548598,27.039420074349373,27.689999999999923,28.396626760563304,28.873994928148694,29.672432258064436,28.741698546289136,28.079165932452202,29.12485245901631,28.879031141868428,1.0,1.0,1.0,1.0,1.0,1.0,1.0,1.0,1.0,1.0,1.0,1.0,1.0,0.0
1.0,1.0,2.0,1986.0,50.0,0.0,0.0,16.0,0.0,0.0,0.0,0.0,0.0,0.0,0.0,0.0,0.0,0.0,0.0,0.0,0.0,0.0,0.0,0.0,0.0,0.0,0.0,0.0,0.0,0.0,0.0,0.0,0.0,0.0,0.0
0.0,0.0,2.0,1987.0,47.0,1.0,31.36827253521118,12.0,4.520246424642451,4.338569948186516,4.183726907630511,1.7363002887391674,0.0,0.0,0.0,0.0,0.0,0.0,0.0,0.0,0.0,1.0,1.0,1.0,1.0,0.0,0.0,0.0,0.0,0.0,0.0,0.0,0.0,0.0,0.0
1.0,1.0,2.0,1987.0,47.0,1.0,23.134186619718246,16.0,0.0,0.0,0.0,0.0,0.0,0.0,0.0,0.0,0.0,0.0,0.0,0.0,0.0,0.0,0.0,0.0,0.0,0.0,0.0,0.0,0.0,0.0,0.0,0.0,0.0,0.0,0.0
1.0,1.0,2.0,1985.0,43.0,0.0,0.0,12.0,14.679757575757536,15.196359223300929,14.186508250825044,14.57282487046628,14.820208835341326,14.580281039460978,14.849985130111484,14.847999999999958,15.132711267605593,15.115164835164792,15.740858064516086,14.955745983167521,13.66298384728337,1.0,1.0,1.0,1.0,1.0,1.0,1.0,1.0,1.0,1.0,1.0,1.0,1.0,0.0
0.0,1.0,1.0,1986.0,41.0,0.0,0.0,16.0,0.0,0.0,0.0,0.0,0.0,1.2223048327137516,0.5699999999999984,2.0231619718309806,0.0,1.5025806451612862,1.0733588370313667,2.3899559471365572,0.17029793300071228,0.0,0.0,0.0,0.0,0.0,1.0,1.0,1.0,0.0,1.0,1.0,1.0,1.0,0.0
0.0,1.0,10.0,1986.0,42.0,1.0,5.355799999999985,14.0,12.981747572815499,11.375973597359705,16.220799999999954,17.49308433734935,20.411549566891182,24.206728624535252,32.13599999999991,31.121190140844984,29.04538968723576,30.022445161290243,24.772786534047373,21.911953010278943,17.70786029935847,1.0,1.0,1.0,1.0,1.0,1.0,1.0,1.0,1.0,1.0,1.0,1.0,1.0,0.0
0.0,1.0,6.0,1987.0,39.0,1.0,53.81625316901395,11.0,9.489020902090182,10.75783626943002,9.740755020080295,9.930456207892176,8.28824535315983,13.248999999999963,15.451091549295732,13.652287404902752,12.071909677419322,12.549074215761253,12.024616740088073,12.159116179615076,12.495916955017266,1.0,1.0,1.0,1.0,1.0,1.0,1.0,1.0,1.0,1.0,1.0,1.0,1.0,0.0
1.0,1.0,5.0,1987.0,34.0,1.0,16.380231338028125,14.0,11.342213421342104,0.0,0.0,7.179380173243483,21.936297397769458,22.43599999999994,8.793084507042229,0.0,0.0,0.0,0.0,0.0,0.0,1.0,0.0,0.0,1.0,1.0,1.0,1.0,0.0,0.0,0.0,0.0,0.0,0.0,0.0
0.0,1.0,6.0,1987.0,30.0,1.0,16.380231338028125,14.0,2.459669966996693,4.238623834196879,10.54074698795178,10.162525505293523,16.831137546468355,18.907999999999948,20.650338028168957,22.71675401521549,22.964735483870907,26.171507268553874,28.640041116005797,27.08752672843898,29.330325259515487,1.0,1.0,1.0,1.0,1.0,1.0,1.0,1.0,1.0,1.0,1.0,1.0,1.0,0.0
0.0,1.0,1.0,1984.0,25.0,1.0,10.04965543792105,13.0,0.0,2.003294765840215,2.9701067961164966,2.793654565456538,4.799684974093251,9.109124497991942,12.014860442733363,11.715791821561305,14.39199999999996,17.553366197183053,20.0105697379543,21.61329677419349,21.665077276204993,0.0,1.0,1.0,1.0,1.0,1.0,1.0,1.0,1.0,1.0,1.0,1.0,1.0,0.0
1.0,0.0,2.0,1986.0,72.0,0.0,0.0,13.0,1.858145631067956,2.2571089108910827,1.8490031088082848,1.3622971887550164,2.2605659287776643,3.454029739776942,2.482999999999993,2.5856338028168944,1.4628774302620415,1.9082774193548335,1.4163305279265455,0.7781439060205558,1.431127583749105,1.0,1.0,1.0,1.0,1.0,1.0,1.0,1.0,1.0,1.0,1.0,1.0,1.0,0.0
1.0,0.0,3.0,1986.0,67.0,0.0,0.0,12.0,0.0,0.0,0.0,0.0,0.0,0.0,0.0,0.0,0.0,0.0,0.0,0.0,0.0,0.0,0.0,0.0,0.0,0.0,0.0,0.0,0.0,0.0,0.0,0.0,0.0,0.0,0.0
0.0,0.0,4.0,1985.0,77.0,0.0,0.0,14.0,0.0,0.0,0.0,0.0,0.0,0.0,0.0,0.0,0.0,0.0,0.0,0.0,0.0,0.0,0.0,0.0,0.0,0.0,0.0,0.0,0.0,0.0,0.0,0.0,0.0,0.0,0.0
1.0,1.0,4.0,1988.0,63.0,0.0,0.0,13.0,15.573421761657986,14.45047389558229,17.172073147256928,21.55432713754641,14.824999999999958,19.54083098591544,24.822593406593338,26.455141935483798,26.672128538638034,27.414484581497724,23.246449037776127,2.1510422145328656,0.5761025641025624,1.0,1.0,1.0,1.0,1.0,1.0,1.0,1.0,1.0,1.0,1.0,1.0,1.0,0.0
0.0,1.0,1.0,1985.0,55.0,1.0,55.906847955390184,15.0,1.7602424242424195,1.7118349514563058,2.169091309130907,1.1221222797927428,5.091558232931713,14.156227141482155,13.638884758364277,0.0,0.0,0.0,0.0,0.0,0.0,1.0,1.0,1.0,1.0,1.0,1.0,1.0,0.0,0.0,0.0,0.0,0.0,0.0,0.0
1.0,1.0,2.0,1987.0,53.0,0.0,0.0,13.0,0.0,0.0,0.0,0.0,0.0,0.0,0.0,0.0,0.0,0.0,0.0,0.0,0.0,0.0,0.0,0.0,0.0,0.0,0.0,0.0,0.0,0.0,0.0,0.0,0.0,0.0,0.0
1.0,1.0,2.0,1985.0,51.0,0.0,0.0,16.0,35.363360881542604,24.427233009708672,27.559155115511476,27.04791709844552,29.050602409638476,29.797697786332925,33.70811152416348,35.684999999999896,33.770499999999906,33.57484361792045,34.43472903225797,36.42376128538629,36.200992657856,1.0,1.0,1.0,1.0,1.0,1.0,1.0,1.0,1.0,1.0,1.0,1.0,1.0,0.0
0.0,1.0,4.0,1986.0,49.0,1.0,58.020499999999835,16.0,3.2653883495145544,4.239313531353124,4.976862176165788,5.574634538152595,5.594979788257924,5.961791821561323,3.344999999999991,5.7318098591549145,7.815601014370223,4.541329032258052,4.879589900535565,6.026390602055784,6.936125445473965,1.0,1.0,1.0,1.0,1.0,1.0,1.0,1.0,1.0,1.0,1.0,1.0,1.0,0.0
1.0,1.0,1.0,1987.0,48.0,0.0,0.0,12.0,0.0,0.0,0.0,0.0,0.0,0.0,0.0,0.0,0.0,0.0,0.0,0.0,0.0,0.0,0.0,0.0,0.0,0.0,0.0,0.0,0.0,0.0,0.0,0.0,0.0,0.0,0.0
1.0,1.0,2.0,1986.0,47.0,0.0,0.0,16.0,34.449514563106696,35.80990099009891,36.79834196891181,39.0279437751003,39.87372473532231,40.336059479553796,41.999999999999886,42.25774647887312,41.690617075232346,42.425806451612786,43.01820964039775,42.97092511013204,43.355666429080415,1.0,1.0,1.0,1.0,1.0,1.0,1.0,1.0,1.0,1.0,1.0,1.0,1.0,0.0
1.0,1.0,2.0,1986.0,52.0,0.0,0.0,16.0,20.012640776698973,21.107344334433385,21.842768911917034,24.886682730923628,28.544523580365656,28.668141263940445,34.064999999999905,39.9856690140844,41.020787827556944,32.4813741935483,32.68796939556227,31.497527165932365,1.417847469707765,1.0,1.0,1.0,1.0,1.0,1.0,1.0,1.0,1.0,1.0,1.0,1.0,1.0,0.0
1.0,1.0,6.0,1984.0,43.0,1.0,62.99183522617884,16.0,0.0,0.0,0.0,0.0,4.66566632124351,16.473012048192725,10.726875842155888,4.010178438661699,0.0,0.0,0.0,0.0,0.0,0.0,0.0,0.0,0.0,1.0,1.0,1.0,1.0,0.0,0.0,0.0,0.0,0.0,0.0
1.0,1.0,2.0,1985.0,42.0,0.0,0.0,16.0,0.0,0.0,0.0,0.0,0.0,0.0,0.0,0.0,0.0,0.0,0.0,0.0,0.0,0.0,0.0,0.0,0.0,0.0,0.0,0.0,0.0,0.0,0.0,0.0,0.0,0.0,0.0
0.0,1.0,5.0,1987.0,41.0,0.0,0.0,12.0,25.189914191419074,23.64293471502584,22.775012048192707,24.772342637151034,24.640646840148634,28.162999999999922,24.70823943661965,24.47053930684693,23.77170967741929,23.553517980107056,25.891189427312703,3.835609408410538,18.970280968858077,1.0,1.0,1.0,1.0,1.0,1.0,1.0,1.0,1.0,1.0,1.0,1.0,1.0,0.0
0.0,1.0,1.0,1987.0,42.0,0.0,0.0,16.0,21.16521892189213,20.43557305699476,21.795654618473836,22.876758421559128,24.02745724907057,27.740999999999925,28.521084507042175,29.899584108199413,30.630548387096688,33.96509869931131,38.95869603524219,39.74113186029925,40.41699100346009,1.0,1.0,1.0,1.0,1.0,1.0,1.0,1.0,1.0,1.0,1.0,1.0,1.0,0.0
1.0,1.0,3.0,1985.0,35.0,1.0,210.85878810408866,16.0,0.0,0.0,9.986983498349808,25.409027979274537,16.19130923694775,28.546633301251124,34.60956133828987,25.35099999999993,24.12647183098585,25.07644294167364,26.72649032258057,33.320244835501065,36.278243759177585,0.0,0.0,1.0,1.0,1.0,1.0,1.0,1.0,1.0,1.0,1.0,1.0,1.0,1.0
0.0,1.0,3.0,1987.0,36.0,1.0,39.825851760563275,13.0,12.760140814081373,13.910681865284934,15.13932530120478,16.1319807507218,16.974758364312223,17.92899999999995,17.038169014084463,19.69186813186808,20.357316129032203,20.637000765110887,19.87847870778262,22.513699215965723,22.387222145328654,1.0,1.0,1.0,1.0,1.0,1.0,1.0,1.0,1.0,1.0,1.0,1.0,1.0,0.0
0.0,1.0,2.0,1987.0,34.0,1.0,31.72177112676048,16.0,6.759269526952677,10.376223834196862,10.274449799196761,11.954733397497561,12.31981412639402,15.695999999999957,16.689880281690098,7.040155536770903,0.6770451612903208,0.0,0.0,0.0,0.0,1.0,1.0,1.0,1.0,1.0,1.0,1.0,1.0,1.0,0.0,0.0,0.0,0.0,0.0
1.0,0.0,10.0,1987.0,66.0,1.0,101.42920422535184,12.0,27.10098129812974,27.561276683937745,28.361751004015986,27.187973051010513,22.001486988847525,0.0,0.0,0.0,0.0,0.0,0.0,0.0,0.0,1.0,1.0,1.0,1.0,1.0,0.0,0.0,0.0,0.0,0.0,0.0,0.0,0.0,1.0
0.0,1.0,5.0,1987.0,61.0,1.0,29.869232042253444,12.0,7.192123212321212,6.948526424870446,10.0235582329317,8.942051973050987,8.525576208178416,9.703999999999972,8.06563380281688,7.102228233305137,8.394122580645138,7.486677888293784,0.9254038179148286,0.24841625089094727,0.0,1.0,1.0,1.0,1.0,1.0,1.0,1.0,1.0,1.0,1.0,1.0,1.0,0.0,0.0
1.0,1.0,3.0,1985.0,55.0,1.0,138.23834758364276,14.0,20.59755371900821,22.997378640776635,22.791735973597298,25.494209326424794,27.055574297188684,31.66902021174197,21.021605947955333,10.118999999999973,9.912239436619691,16.851347421808914,16.67157419354834,19.699488905891304,28.46864023494853,1.0,1.0,1.0,1.0,1.0,1.0,1.0,1.0,1.0,1.0,1.0,1.0,1.0,1.0
1.0,1.0,4.0,1987.0,54.0,0.0,0.0,12.0,35.80990099009891,39.284,39.28433734939749,39.87372473532231,40.336059479553796,41.999999999999886,42.25774647887312,41.690617075232346,42.425806451612786,43.018,42.97092511013204,43.355666429080415,43.68830449826977,1.0,1.0,1.0,1.0,1.0,1.0,1.0,1.0,1.0,1.0,1.0,1.0,1.0,0.0
1.0,0.0,2.0,1987.0,49.0,1.0,31.72177112676048,11.0,13.750037403740336,14.129881865284933,6.231574297188739,0.0,0.0,0.0,0.0,0.0,0.0,0.0,0.0,0.0,0.0,1.0,1.0,1.0,0.0,0.0,0.0,0.0,0.0,0.0,0.0,0.0,0.0,0.0,0.0
1.0,1.0,2.0,1986.0,49.0,1.0,11.456549999999968,14.0,1.9964757281553343,10.370402640263997,9.683415544041424,13.573453815261008,21.2332858517805,36.564230483271274,24.583999999999932,18.148640845070375,20.471945900253537,24.152658064516064,23.4076082631981,25.125920704845747,27.04690520313606,1.0,1.0,1.0,1.0,1.0,1.0,1.0,1.0,1.0,1.0,1.0,1.0,1.0,0.0
1.0,1.0,2.0,1988.0,51.0,0.0,0.0,14.0,9.683415544041424,13.573453815261008,21.2332858517805,36.564230483271274,24.583999999999932,18.148640845070375,20.471945900253537,24.152658064516064,23.4076082631981,25.125920704845747,27.04690520313606,18.97331487889268,18.10914439946014,1.0,1.0,1.0,1.0,1.0,1.0,1.0,1.0,1.0,1.0,1.0,1.0,1.0,0.0
1.0,1.0,2.0,1988.0,47.0,0.0,0.0,12.0,30.24846424870458,28.83932530120474,29.05296631376315,31.922527881040807,34.06999999999991,34.690908450704136,39.295722738799554,34.32601290322571,35.10721958684,33.36362408223192,31.89102209550953,29.892357093425524,34.82721187584336,1.0,1.0,1.0,1.0,1.0,1.0,1.0,1.0,1.0,1.0,1.0,1.0,1.0,0.0
0.0,1.0,2.0,1986.0,45.0,0.0,0.0,16.0,0.0,0.0,0.0,0.0,0.0,0.0,0.0,0.0,0.0,0.0,0.0,0.0,0.0,0.0,0.0,0.0,0.0,0.0,0.0,0.0,0.0,0.0,0.0,0.0,0.0,0.0,0.0
1.0,1.0,2.0,1985.0,36.0,0.0,0.0,16.0,21.58787878787873,20.74951456310674,21.944114411441085,3.577616580310871,0.0,0.7700481231953781,8.024431226765778,20.206999999999944,23.502253521126697,20.765633136094618,22.663335483870906,13.488263198163699,7.429785609397924,1.0,1.0,1.0,1.0,0.0,1.0,1.0,1.0,1.0,1.0,1.0,1.0,1.0,0.0
1.0,0.0,2.0,1985.0,31.0,0.0,0.0,16.0,0.25512947658402135,0.0,0.0,0.0,0.0,1.1192069297401315,5.431107806691435,5.726999999999984,5.776190140845054,14.361027895181701,12.027716129032225,7.308902830910462,6.889027900146824,1.0,0.0,0.0,0.0,0.0,1.0,1.0,1.0,1.0,1.0,1.0,1.0,1.0,0.0
1.0,1.0,1.0,1988.0,39.0,0.0,0.0,16.0,23.270408290155373,32.78646586345373,37.194379210779495,37.68671375464674,41.999999999999886,41.10482394366186,42.258,42.425806451612786,43.018,42.97092511013204,43.154121168923616,42.367795155709224,43.280906882590976,1.0,1.0,1.0,1.0,1.0,1.0,1.0,1.0,1.0,1.0,1.0,1.0,1.0,0.0
0.0,0.0,1.0,1985.0,37.0,0.0,0.0,14.0,15.04358126721759,16.567689320388304,17.819344334433392,17.693869430051762,18.429526104417622,15.409401347449428,0.0,0.0,0.0,0.0,0.0,0.0,0.0,1.0,1.0,1.0,1.0,1.0,1.0,0.0,0.0,0.0,0.0,0.0,0.0,0.0,0.0
1.0,1.0,1.0,1988.0,39.0,0.0,0.0,16.0,36.783,39.284,39.87372473532231,34.625858736059385,41.999999999999886,42.257,17.896392223161406,42.425806451612786,38.862298393266926,41.10804698972089,43.355666429080415,43.688,44.816,1.0,1.0,1.0,1.0,1.0,1.0,1.0,1.0,1.0,1.0,1.0,1.0,1.0,0.0
0.0,1.0,2.0,1986.0,33.0,1.0,15.11019999999996,12.0,5.643601941747558,5.653623762376221,0.0,1.2742650602409604,4.2363195380173115,4.705873605947942,4.985999999999986,5.937309859154913,7.704426035502937,7.609245161290302,4.056960979341994,7.618085168869289,9.106252316464692,1.0,1.0,0.0,1.0,1.0,1.0,1.0,1.0,1.0,1.0,1.0,1.0,1.0,0.0
1.0,1.0,2.0,1987.0,65.0,0.0,0.0,12.0,27.002112211221046,26.73899274611391,30.982907630522003,39.87372473532231,37.26196282527871,37.6429999999999,32.633014084506954,0.7754454775993216,0.0,0.0,0.0,0.0,0.0,1.0,1.0,1.0,1.0,1.0,1.0,1.0,1.0,0.0,0.0,0.0,0.0,0.0,0.0
1.0,1.0,10.0,1987.0,60.0,1.0,484.78897183098456,8.0,0.0,0.0,0.0,0.26160538979788184,0.0,0.0,0.0,0.0,0.0,0.0,0.0,0.0,0.0,0.0,0.0,0.0,1.0,0.0,0.0,0.0,0.0,0.0,0.0,0.0,0.0,0.0,1.0
1.0,1.0,5.0,1988.0,56.0,1.0,181.32870667793694,16.0,6.246632124352313,11.252706827309206,21.098263715110626,40.336,41.999999999999886,42.257,41.690617075232346,42.425806451612786,43.018,26.54380029368568,36.48125445473974,43.688,11.462887989203747,1.0,1.0,1.0,1.0,1.0,1.0,1.0,1.0,1.0,1.0,1.0,1.0,1.0,1.0
1.0,1.0,10.0,1985.0,47.0,0.0,0.0,13.0,34.57079889807153,34.449514563106696,35.80990099009891,36.72906113989627,39.28433734939749,36.458086621751576,40.336059479553796,41.999999999999886,42.25774647887312,41.690617075232346,41.96707741935472,43.688,37.84901615271649,1.0,1.0,1.0,1.0,1.0,1.0,1.0,1.0,1.0,1.0,1.0,1.0,1.0,0.0
1.0,1.0,0.0,1987.0,44.0,0.0,0.0,16.0,14.069553355335495,14.860169948186485,19.31204819277103,22.547641963426308,19.86245353159846,20.116999999999944,20.18434507042248,18.065934065934016,17.235483870967695,17.735577658760473,17.92466960352418,20.31857448325012,23.66449826989613,1.0,1.0,1.0,1.0,1.0,1.0,1.0,1.0,1.0,1.0,1.0,1.0,1.0,0.0
1.0,1.0,0.0,1986.0,42.0,0.0,0.0,16.0,0.0,0.0,0.0,0.0,0.0,0.0,0.0,0.1929577464788727,0.2779374471682156,0.1767741935483866,0.16771231828615105,0.1609397944199702,0.23435495367070497,0.0,0.0,0.0,0.0,0.0,0.0,0.0,1.0,1.0,1.0,1.0,1.0,1.0,0.0
0.0,1.0,10.0,1988.0,43.0,1.0,25.014370245139407,12.0,4.6088787564766704,3.996658634538142,4.059102983638102,5.13673605947954,6.974999999999981,4.3965422535211145,4.043989856297538,4.666838709677407,8.050191277735252,12.36419970631421,11.04358660014252,10.379764705882325,6.969435897435878,1.0,1.0,1.0,1.0,1.0,1.0,1.0,1.0,1.0,1.0,1.0,1.0,1.0,0.0
0.0,1.0,4.0,1984.0,36.0,1.0,62.99183522617884,16.0,7.288736196318998,7.077201101928355,6.5853106796116325,7.863709570957074,10.360323316062146,11.534409638554186,11.789120307988417,9.432118959107783,8.175999999999977,4.187183098591538,3.6659949281487645,4.406096774193537,2.392416220351945,1.0,1.0,1.0,1.0,1.0,1.0,1.0,1.0,1.0,1.0,1.0,1.0,1.0,0.0
0.0,0.0,1.0,1986.0,23.0,0.0,0.0,16.0,0.0,0.0,0.0,0.0,2.5147872954764123,3.0017769516728543,0.0,0.0,2.490319526627212,0.0,0.0,0.0,0.0,0.0,0.0,0.0,0.0,1.0,1.0,0.0,0.0,1.0,0.0,0.0,0.0,0.0,0.0
0.0,1.0,2.0,1988.0,27.0,0.0,0.0,16.0,0.0,1.9036947791164607,2.954664100096238,0.7985724907063175,0.0,10.949387323943633,19.987408284023616,19.530012903225753,12.671504208110141,4.071776798825246,9.480439059158918,21.832016608996476,15.497085020242872,0.0,1.0,1.0,1.0,0.0,1.0,1.0,1.0,1.0,1.0,1.0,1.0,1.0,0.0
1.0,1.0,3.0,1985.0,64.0,0.0,0.0,16.0,34.57079889807153,34.449514563106696,35.80990099009891,36.79834196891181,39.28433734939749,39.87372473532231,40.336059479553796,41.999999999999886,42.25774647887312,41.690617075232346,42.425806451612786,43.01820964039775,0.0,1.0,1.0,1.0,1.0,1.0,1.0,1.0,1.0,1.0,1.0,1.0,1.0,0.0,0.0
0.0,1.0,1.0,1988.0,63.0,1.0,101.81775147928965,12.0,14.501272538860063,15.042489959839317,14.895684311838265,16.41351672862449,18.28199999999995,18.792154929577414,16.59471851225693,12.785193548387062,10.718494261667914,8.084810572687203,0.0,0.0,0.0,1.0,1.0,1.0,1.0,1.0,1.0,1.0,1.0,1.0,1.0,0.0,0.0,0.0,1.0
1.0,1.0,2.0,1985.0,58.0,1.0,121.60354275092904,14.0,17.602424242424195,17.261999999999954,18.090631463146266,18.561583419689065,18.30738152610437,20.818725697786274,17.24264684014865,4.915999999999986,3.0738169014084424,1.050603550295855,0.0,0.0,0.0,1.0,1.0,1.0,1.0,1.0,1.0,1.0,1.0,1.0,1.0,0.0,0.0,0.0,1.0
1.0,1.0,1.0,1986.0,53.0,0.0,0.0,16.0,0.0,0.0,0.0,0.0,0.0,0.0,0.0,0.0,0.0,0.0,0.0,0.0,0.0,0.0,0.0,0.0,0.0,0.0,0.0,0.0,0.0,0.0,0.0,0.0,0.0,0.0,0.0
1.0,1.0,2.0,1987.0,56.0,0.0,0.0,14.0,12.385161716171583,15.831237305699437,18.955518072289106,30.379980750721764,31.550743494423706,8.145999999999978,0.6734225352112657,5.462397295012664,11.603458064516097,4.944997704667164,0.0,0.0,3.558776470588225,1.0,1.0,1.0,1.0,1.0,1.0,1.0,1.0,1.0,1.0,0.0,0.0,1.0,0.0
1.0,1.0,2.0,1986.0,49.0,1.0,11.456549999999968,12.0,33.040941747572724,33.62634103410332,32.60855544041441,31.168875502007946,28.542413859480188,28.609063197025947,28.81899999999992,28.458373239436543,26.039959425190123,22.82950322580639,20.94139862280025,23.358801762114474,0.31481682109764697,1.0,1.0,1.0,1.0,1.0,1.0,1.0,1.0,1.0,1.0,1.0,1.0,1.0,0.0
1.0,1.0,2.0,1987.0,48.0,0.0,0.0,14.0,35.707414741474054,36.79834196891181,39.28433734939749,39.87372473532231,40.336059479553796,41.999999999999886,42.25774647887312,41.690617075232346,42.08728387096763,43.018,42.97092511013204,43.355666429080415,43.68830449826977,1.0,1.0,1.0,1.0,1.0,1.0,1.0,1.0,1.0,1.0,1.0,1.0,1.0,0.0
1.0,1.0,1.0,1985.0,41.0,0.0,0.0,16.0,0.0,0.0,0.0,0.0,0.0,0.0,0.0,0.0,0.0,0.0,0.0,0.0,0.0,0.0,0.0,0.0,0.0,0.0,0.0,0.0,0.0,0.0,0.0,0.0,0.0,0.0,0.0
1.0,1.0,3.0,1984.0,33.0,1.0,23.088416169393582,14.0,14.616134969325111,14.22384573002751,14.271941747572775,14.008061606160577,14.209384455958508,14.892835341365423,16.638313763233832,17.214126394052002,18.48199999999995,17.068077464788686,14.059928994082803,17.30707741935479,11.875709257842356,1.0,1.0,1.0,1.0,1.0,1.0,1.0,1.0,1.0,1.0,1.0,1.0,1.0,0.0
0.0,1.0,2.0,1986.0,64.0,0.0,0.0,12.0,9.69906796116502,10.112378437843756,8.995150259067332,8.926457831325276,8.557027911453297,8.26278066914496,8.111999999999977,10.481464788732366,12.081014370245105,11.409006451612871,9.401114001530198,0.0,0.0,1.0,1.0,1.0,1.0,1.0,1.0,1.0,1.0,1.0,1.0,1.0,0.0,0.0,0.0
0.0,1.0,6.0,1988.0,68.0,1.0,115.7576114961958,12.0,12.974822797927423,0.0,3.0042425409047078,0.0,0.0,0.0,0.0,0.0,0.0,0.0,0.0,0.0,0.0,1.0,0.0,1.0,0.0,0.0,0.0,0.0,0.0,0.0,0.0,0.0,0.0,0.0,1.0
1.0,1.0,1.0,1986.0,68.0,0.0,0.0,14.0,34.449514563106696,35.040651265126414,36.060103626942904,37.019710843373396,38.520338787295366,39.78398513011142,41.32499999999988,7.30730985915491,0.0,0.0,0.0,0.0,0.0,1.0,1.0,1.0,1.0,1.0,1.0,1.0,1.0,0.0,0.0,0.0,0.0,0.0,0.0
1.0,1.0,2.0,1987.0,68.0,1.0,305.09321126760483,13.0,0.0,0.0,0.0,0.0,0.0,0.0,0.0,0.0,0.0,0.0,0.0,0.0,0.0,0.0,0.0,0.0,0.0,0.0,0.0,0.0,0.0,0.0,0.0,0.0,0.0,0.0,1.0
1.0,1.0,5.0,1987.0,64.0,0.0,0.0,12.0,29.847612761276046,35.61488911917088,34.03212048192762,34.926429258902694,40.336059479553796,39.14199999999989,40.031978873239325,41.690617075232346,6.501754838709659,0.0,0.0,0.0,0.0,1.0,1.0,1.0,1.0,1.0,1.0,1.0,1.0,1.0,0.0,0.0,0.0,0.0,0.0
1.0,1.0,6.0,1988.0,61.0,1.0,54.463695688926315,11.0,0.0,0.0,0.0,0.0,0.0,0.0,0.7420929839391357,0.0,0.0,0.0,0.0,0.0,0.0,0.0,0.0,0.0,0.0,0.0,0.0,1.0,0.0,0.0,0.0,0.0,0.0,0.0,0.0
1.0,0.0,2.0,1985.0,63.0,0.0,0.0,16.0,0.6385785123966925,0.945699029126211,1.1152915291529122,0.0,1.7617429718875455,3.4420096246390663,4.362609665427498,5.505999999999984,6.9686690140844885,8.018495350803022,5.038064516129019,4.381484315225697,4.325256975036699,1.0,1.0,1.0,0.0,1.0,1.0,1.0,1.0,1.0,1.0,1.0,1.0,1.0,0.0
1.0,0.0,2.0,1988.0,58.0,0.0,0.0,13.0,1.67409740932642,1.088297188755017,2.748966313763226,1.1622081784386586,1.2339999999999967,2.6975492957746408,2.493098901098894,4.296496774193537,5.103485845447576,4.897397944199692,4.546486101211676,4.9998837370242075,0.0,1.0,1.0,1.0,1.0,1.0,1.0,1.0,1.0,1.0,1.0,1.0,1.0,0.0,0.0
1.0,1.0,2.0,1988.0,60.0,0.0,0.0,12.0,0.0,0.0,25.859903753609167,38.72669144981403,24.39099999999993,28.995760563380202,41.690617075232346,34.41174838709668,43.018,42.76411747430238,0.0,21.62040138408298,5.8120539811065965,0.0,0.0,1.0,1.0,1.0,1.0,1.0,1.0,1.0,1.0,0.0,1.0,1.0,0.0
1.0,0.0,10.0,1987.0,54.0,1.0,22.757919014084443,16.0,0.0,0.0,0.0,0.0,0.0,0.0,0.0,0.0,0.0,0.0,0.0,0.0,0.0,0.0,0.0,0.0,0.0,0.0,0.0,0.0,0.0,0.0,0.0,0.0,0.0,0.0,0.0
1.0,1.0,4.0,1988.0,48.0,1.0,29.104960946745482,12.0,23.954130569948116,18.06419277108429,23.63625794032717,25.595063197025954,26.079999999999927,28.972605633802736,30.90664412510558,35.69070967741926,33.36720428462118,32.01977679882517,30.69424946543113,30.078184083044896,30.734591093117324,1.0,1.0,1.0,1.0,1.0,1.0,1.0,1.0,1.0,1.0,1.0,1.0,1.0,0.0
1.0,1.0,1.0,1986.0,45.0,0.0,0.0,16.0,34.449514563106696,39.284,36.79834196891181,39.28433734939749,39.87372473532231,40.336059479553796,42.258,42.25774647887312,41.690617075232346,43.018,43.36,43.688,43.355666429080415,1.0,1.0,1.0,1.0,1.0,1.0,1.0,1.0,1.0,1.0,1.0,1.0,1.0,0.0
0.0,1.0,5.0,1987.0,42.0,0.0,0.0,16.0,25.175445544554385,29.387564766839297,36.31215261044167,33.306163618864204,35.48045353159842,41.999999999999886,42.25774647887312,42.426,42.425806451612786,43.018,39.81972393538903,39.32319885958649,33.08175501730094,1.0,1.0,1.0,1.0,1.0,1.0,1.0,1.0,1.0,1.0,1.0,1.0,1.0,0.0
1.0,1.0,2.0,1987.0,40.0,0.0,0.0,16.0,0.0,0.0,0.0,0.0,0.0,0.0,0.0,0.0,0.0,0.0,0.0,0.0,0.0,0.0,0.0,0.0,0.0,0.0,0.0,0.0,0.0,0.0,0.0,0.0,0.0,0.0,0.0
0.0,1.0,2.0,1987.0,38.0,1.0,24.748760563380216,12.0,12.107845984598427,14.3604393782383,16.161598393574252,16.698440808469638,17.26301858736055,18.709999999999948,18.146711267605586,16.939360946745516,16.53899354838705,0.8125661820964019,0.0,0.0,0.0,1.0,1.0,1.0,1.0,1.0,1.0,1.0,1.0,1.0,1.0,0.0,0.0,0.0,0.0
0.0,1.0,3.0,1984.0,34.0,1.0,107.14533974975909,12.0,15.811312883435537,15.183977961432465,14.108339805825205,13.828409240924055,13.976555440414467,15.583887550200762,15.644635226178975,16.131368029739733,19.800999999999945,20.149612676056282,21.855147928994022,23.365129032258004,8.17178270849271,1.0,1.0,1.0,1.0,1.0,1.0,1.0,1.0,1.0,1.0,1.0,1.0,1.0,1.0
0.0,0.0,2.0,1987.0,33.0,0.0,0.0,16.0,1.5770825082508206,0.0,0.0,0.0,0.0,0.0,0.0,0.0,0.0,0.0,0.47316299559471237,0.0,0.0,1.0,0.0,0.0,0.0,0.0,0.0,0.0,0.0,0.0,0.0,1.0,0.0,0.0,0.0
1.0,0.0,2.0,1986.0,34.0,1.0,62.88464999999982,12.0,10.60885436893201,10.21848184818479,11.31662590673572,13.111285140562213,14.61192685274298,16.321843866170962,14.29599999999996,14.50656338028165,13.04267793744713,13.629290322580607,13.276107115531717,13.578490455212885,13.533998574483212,1.0,1.0,1.0,1.0,1.0,1.0,1.0,1.0,1.0,1.0,1.0,1.0,1.0,0.0
0.0,0.0,10.0,1986.0,50.0,1.0,9.052299999999976,14.0,0.0,0.0,0.0,0.0,0.0,0.0,0.0,0.0,0.0,0.0,0.0,0.0,0.0,0.0,0.0,0.0,0.0,0.0,0.0,0.0,0.0,0.0,0.0,0.0,0.0,0.0,0.0
1.0,1.0,10.0,1987.0,27.0,1.0,103.05197887323915,8.0,12.535876787678733,15.258818652849698,17.51619277108429,18.985378248315637,18.211323420074304,23.358999999999934,19.141408450704173,2.83125612848689,9.14983225806449,13.516774292272345,14.84830543318645,17.7523877405559,17.54889411764701,1.0,1.0,1.0,1.0,1.0,1.0,1.0,1.0,1.0,1.0,1.0,1.0,1.0,1.0
0.0,0.0,1.0,1986.0,81.0,0.0,0.0,14.0,2.0855922330097028,1.5409108910891047,1.3004352331606182,1.565871485943771,0.0,0.6895836431226747,2.089999999999994,0.0,0.0,0.0,0.0,0.0,0.0,1.0,1.0,1.0,1.0,0.0,1.0,1.0,0.0,0.0,0.0,0.0,0.0,0.0,0.0
1.0,0.0,3.0,1988.0,67.0,1.0,116.40854099746375,13.0,36.783,39.284,39.87372473532231,40.336,29.04599999999992,0.0,0.0694843617920539,0.0,0.0,0.0,0.0,0.0,0.0,1.0,1.0,1.0,1.0,1.0,0.0,1.0,0.0,0.0,0.0,0.0,0.0,0.0,1.0
0.0,1.0,4.0,1985.0,63.0,1.0,99.88827881040865,13.0,16.12901377410464,15.205669902912579,16.406239823982354,16.03907979274607,16.232024096385498,16.011726660250194,3.505977695167277,0.362999999999999,0.10902112676056308,0.0,0.0,0.0,0.0,1.0,1.0,1.0,1.0,1.0,1.0,1.0,1.0,1.0,0.0,0.0,0.0,0.0,0.0
0.0,1.0,2.0,1988.0,62.0,0.0,0.0,14.0,0.0,0.0,0.0,0.0,0.0,0.0,0.0,0.0,0.0,0.0,0.0,0.0,0.0,0.0,0.0,0.0,0.0,0.0,0.0,0.0,0.0,0.0,0.0,0.0,0.0,0.0,0.0
1.0,1.0,2.0,1987.0,54.0,0.0,0.0,16.0,35.89791859185909,36.79834196891181,39.28433734939749,39.87372473532231,37.33937546468392,41.999999999999886,42.25774647887312,41.78418934911231,42.425806451612786,38.56880183626616,37.15777973568272,38.97322879543823,39.95280276816598,1.0,1.0,1.0,1.0,1.0,1.0,1.0,1.0,1.0,1.0,1.0,1.0,1.0,0.0
1.0,1.0,4.0,1985.0,51.0,1.0,41.234453531598405,12.0,30.38758126721755,26.539427184465946,20.13915071507145,20.341305699481808,21.056184738955768,24.10250625601533,23.86652044609659,23.573999999999934,23.3652535211267,22.758444632290725,16.439999999999955,15.408569242540128,16.63715124816442,1.0,1.0,1.0,1.0,1.0,1.0,1.0,1.0,1.0,1.0,1.0,1.0,1.0,0.0
1.0,1.0,2.0,1986.0,52.0,0.0,0.0,16.0,34.449514563106696,35.80990099009891,36.79834196891181,39.28433734939749,39.87372473532231,40.336059479553796,41.999999999999886,42.25774647887312,41.690617075232346,42.425806451612786,43.01820964039775,42.97092511013204,43.355666429080415,1.0,1.0,1.0,1.0,1.0,1.0,1.0,1.0,1.0,1.0,1.0,1.0,1.0,0.0
1.0,1.0,1.0,1988.0,48.0,1.0,33.83693863060007,14.0,30.57556062176157,31.065437751003934,32.04982483156873,31.998921933085416,34.1969999999999,25.277464788732328,16.726275570583216,21.61859999999994,18.68482938026009,0.0,0.0,0.5461038062283722,5.1915789473684075,1.0,1.0,1.0,1.0,1.0,1.0,1.0,1.0,1.0,0.0,0.0,1.0,1.0,0.0
1.0,1.0,2.0,1985.0,42.0,0.0,0.0,16.0,34.57079889807153,34.449514563106696,39.874,36.79834196891181,39.28433734939749,39.87372473532231,40.336059479553796,41.999999999999886,42.25774647887312,41.690617075232346,42.425806451612786,43.01820964039775,44.816,1.0,1.0,1.0,1.0,1.0,1.0,1.0,1.0,1.0,1.0,1.0,1.0,1.0,0.0
0.0,1.0,2.0,1988.0,45.0,0.0,0.0,16.0,13.987912953367836,2.1215742971887495,0.0,0.0,0.02999999999999992,0.0,1.631492814877426,16.782058064516086,18.23284468247891,15.01648751835532,23.92920313613678,39.72298408304487,40.20885290148437,1.0,1.0,0.0,0.0,1.0,0.0,1.0,1.0,1.0,1.0,1.0,1.0,1.0,0.0
1.0,1.0,2.0,1986.0,40.0,0.0,0.0,16.0,34.449514563106696,35.80990099009891,38.91083937823824,39.28433734939749,39.87372473532231,40.336059479553796,41.999999999999886,42.25774647887312,41.690617075232346,42.425806451612786,43.01820964039775,42.97092511013204,43.355666429080415,1.0,1.0,1.0,1.0,1.0,1.0,1.0,1.0,1.0,1.0,1.0,1.0,1.0,0.0
0.0,0.0,1.0,1986.0,41.0,0.0,0.0,10.0,0.0,6.115414741474131,0.07609533678756455,0.042915662650602295,0.14451588065447504,0.142602230483271,0.22999999999999937,0.3473239436619709,0.5947861369399815,0.7963677419354818,0.6892976281560808,1.0444992657856067,1.1405274411974309,0.0,1.0,1.0,1.0,1.0,1.0,1.0,1.0,1.0,1.0,1.0,1.0,1.0,0.0
0.0,1.0,2.0,1986.0,41.0,1.0,12.168999999999967,13.0,8.960864077669878,5.909236523652349,6.832679792746095,7.669799196787127,7.380858517805562,9.230438661710012,10.606999999999971,12.987985915492922,12.79901944209633,12.18062580645158,12.71259372609025,11.532945668135063,11.363871703492485,1.0,1.0,1.0,1.0,1.0,1.0,1.0,1.0,1.0,1.0,1.0,1.0,1.0,0.0
1.0,1.0,10.0,1988.0,42.0,1.0,230.57875908706617,14.0,2.96317512953367,2.884152610441759,19.16681424446578,19.969405204460912,21.574999999999942,24.29916901408444,20.87866103127636,17.187754838709633,17.958635042081056,17.71383847283402,17.744575908766876,16.85792110726639,16.4348232118758,1.0,1.0,1.0,1.0,1.0,1.0,1.0,1.0,1.0,1.0,1.0,1.0,1.0,1.0
1.0,1.0,6.0,1985.0,35.0,1.0,144.13520446096618,14.0,20.268451790633552,24.12530097087372,25.292400440043934,27.143320207253808,23.705951807228853,31.639484119345433,23.667895910780608,0.0,0.0,0.0,11.920767741935451,22.752691660290683,7.323565345080744,1.0,1.0,1.0,1.0,1.0,1.0,1.0,0.0,0.0,0.0,1.0,1.0,1.0,1.0
1.0,0.0,3.0,1985.0,68.0,0.0,0.0,16.0,7.638787878787858,5.313737864077655,4.877139713971384,5.099523316062162,4.613983935742959,1.6782829643888306,0.10695167286245325,0.0,1.0458309859154902,2.064148774302615,2.9256129032257987,2.4485998469778054,2.6876945668135024,1.0,1.0,1.0,1.0,1.0,1.0,1.0,0.0,1.0,1.0,1.0,1.0,1.0,0.0
1.0,0.0,2.0,1988.0,77.0,0.0,0.0,16.0,0.0,0.0,0.0,0.0,0.0,0.0,0.0,0.0,0.0,0.0,0.0,0.0,0.0,0.0,0.0,0.0,0.0,0.0,0.0,0.0,0.0,0.0,0.0,0.0,0.0,0.0,0.0
1.0,1.0,10.0,1984.0,61.0,1.0,119.54627911453287,12.0,29.75337423312875,34.57079889807153,34.449514563106696,40.336,36.79834196891181,39.28433734939749,39.87372473532231,40.336059479553796,41.999999999999886,42.25774647887312,0.0,5.369516129032243,16.645447589900492,1.0,1.0,1.0,1.0,1.0,1.0,1.0,1.0,1.0,1.0,0.0,1.0,1.0,1.0
1.0,1.0,2.0,1987.0,63.0,0.0,0.0,12.0,28.442948294829407,36.79834196891181,26.409638554216794,39.87372473532231,40.336059479553796,38.87799999999989,23.154929577464724,41.690617075232346,42.425806451612786,25.244058148431456,22.74079295154179,25.463446899500994,35.23886505190301,1.0,1.0,1.0,1.0,1.0,1.0,1.0,1.0,1.0,1.0,1.0,1.0,1.0,0.0
0.0,0.0,4.0,1987.0,68.0,1.0,16.380231338028125,12.0,2.202851485148509,0.0,0.0,0.0,0.0,0.0,0.0,0.0,0.0,0.0,0.0,0.0,0.0,1.0,0.0,0.0,0.0,0.0,0.0,0.0,0.0,0.0,0.0,0.0,0.0,0.0,0.0
1.0,1.0,4.0,1987.0,68.0,0.0,0.0,14.0,35.80990099009891,36.79834196891181,18.853180722891516,0.0,0.0,0.0,0.0,0.0,0.0,0.0,0.0,0.0,0.0,1.0,1.0,1.0,0.0,0.0,0.0,0.0,0.0,0.0,0.0,0.0,0.0,0.0,0.0
1.0,1.0,1.0,1988.0,64.0,0.0,0.0,12.0,0.0,0.0,0.0,0.0,0.0,0.0,0.0,0.0,0.0,0.0,0.0,0.0,0.0,0.0,0.0,0.0,0.0,0.0,0.0,0.0,0.0,0.0,0.0,0.0,0.0,0.0,0.0
0.0,0.0,1.0,1985.0,63.0,0.0,0.0,12.0,0.0,0.0,0.0,0.0,0.0,0.0,0.0,0.0,0.0,0.0,0.0,0.0,0.0,0.0,0.0,0.0,0.0,0.0,0.0,0.0,0.0,0.0,0.0,0.0,0.0,0.0,0.0
0.0,1.0,1.0,1986.0,61.0,0.0,0.0,12.0,18.484359223300917,7.933641364136392,25.17847046632117,39.28433734939749,39.87372473532231,40.336059479553796,41.999999999999886,42.25774647887312,41.690617075232346,42.425806451612786,43.01820964039775,42.97092511013204,43.355666429080415,1.0,1.0,1.0,1.0,1.0,1.0,1.0,1.0,1.0,1.0,1.0,1.0,1.0,0.0
1.0,1.0,2.0,1987.0,61.0,0.0,0.0,12.0,18.448730473047252,22.94331191709838,22.889453815260982,26.161593840230918,34.429271375464594,41.999999999999886,42.25774647887312,41.690617075232346,42.425806451612786,39.91804743687825,38.726942731277425,10.624091233071958,20.63058823529406,1.0,1.0,1.0,1.0,1.0,1.0,1.0,1.0,1.0,1.0,1.0,1.0,1.0,0.0
0.0,0.0,5.0,1985.0,60.0,1.0,9.374772490706295,10.0,0.0,0.0,0.0,0.0,0.0,0.0,0.0,0.0,0.0,0.0,0.0,0.0,0.0,0.0,0.0,0.0,0.0,0.0,0.0,0.0,0.0,0.0,0.0,0.0,0.0,0.0,0.0
1.0,1.0,10.0,1987.0,59.0,0.0,0.0,12.0,0.0,0.0,0.0,0.0,0.0,0.0,0.0,0.0,0.0,0.0,0.0,0.0,0.0,0.0,0.0,0.0,0.0,0.0,0.0,0.0,0.0,0.0,0.0,0.0,0.0,0.0,0.0
0.0,0.0,1.0,1985.0,58.0,1.0,9.814394795539007,12.0,14.575592286501339,15.163106796116463,2.605562156215614,0.0,0.0,0.0,0.0,0.0,0.0,5.029741335587476,4.098509677419344,0.0,9.516370044052838,1.0,1.0,1.0,0.0,0.0,0.0,0.0,0.0,0.0,1.0,1.0,0.0,1.0,0.0
1.0,0.0,10.0,1987.0,85.0,1.0,43.91973978873228,16.0,0.0,0.0,0.0,0.0,0.0,0.0,0.0,0.0,0.0,0.0,0.0,0.0,0.0,0.0,0.0,0.0,0.0,0.0,0.0,0.0,0.0,0.0,0.0,0.0,0.0,0.0,0.0
0.0,1.0,2.0,1987.0,56.0,0.0,0.0,12.0,0.0,0.0,0.0,0.0,2.709442379182149,4.611999999999988,3.5668239436619618,0.0,0.0,0.0,0.0,0.0,0.0,0.0,0.0,0.0,0.0,1.0,1.0,1.0,0.0,0.0,0.0,0.0,0.0,0.0,0.0
1.0,1.0,10.0,1987.0,51.0,1.0,28.640718309859075,12.0,0.0,0.0,0.0,0.0,0.0,0.0,0.0,0.0,0.0,0.0,0.0,0.0,0.0,0.0,0.0,0.0,0.0,0.0,0.0,0.0,0.0,0.0,0.0,0.0,0.0,0.0,0.0
0.0,1.0,10.0,1985.0,45.0,1.0,53.417420446096514,13.0,12.680991735537157,6.764873786407748,0.0,0.0,1.3953092369477875,14.424161693936437,15.969412639405162,10.221999999999971,6.285598591549278,0.0,0.0,0.0,0.0,1.0,1.0,0.0,0.0,1.0,1.0,1.0,1.0,1.0,0.0,0.0,0.0,0.0,0.0
0.0,0.0,1.0,1986.0,42.0,0.0,0.0,13.0,0.0,0.0,0.0,0.5303935742971874,2.3671068334937373,3.588483271375455,3.7689999999999895,4.41101408450703,1.763976331360942,0.0,0.0,0.0,0.0,0.0,0.0,0.0,1.0,1.0,1.0,1.0,1.0,1.0,0.0,0.0,0.0,0.0,0.0
0.0,1.0,10.0,1984.0,54.0,1.0,10.04965543792105,12.0,21.34846625766865,17.436363636363588,7.45652427184464,0.0,3.4629056994818552,9.338008032128489,11.279622714148188,12.064148698884726,12.518999999999965,12.21326056338025,12.37377514792896,5.630258064516114,0.0,1.0,1.0,1.0,0.0,1.0,1.0,1.0,1.0,1.0,1.0,1.0,1.0,0.0,0.0
1.0,1.0,2.0,1985.0,41.0,0.0,0.0,16.0,0.0,0.0,0.0,0.0,0.0,0.0,0.0,0.0,0.0,0.0,0.0,0.0,0.0,0.0,0.0,0.0,0.0,0.0,0.0,0.0,0.0,0.0,0.0,0.0,0.0,0.0,0.0
1.0,1.0,1.0,1985.0,33.0,1.0,14.476672862453494,12.0,19.03205509641868,27.53966019417468,9.516752475247499,26.98317927461132,31.84452208835333,31.287160731472483,31.046542750929287,40.31499999999989,42.25774647887312,41.690617075232346,42.425806451612786,0.0,42.97092511013204,1.0,1.0,1.0,1.0,1.0,1.0,1.0,1.0,1.0,1.0,1.0,0.0,1.0,0.0
1.0,1.0,2.0,1988.0,32.0,1.0,33.83693863060007,16.0,16.962445595854874,4.4104096385542055,0.12658325312800733,0.0,0.0,0.0,0.0,0.0,0.0,0.19312775330396423,0.7968068424803969,0.7114519031141848,0.0,1.0,1.0,1.0,0.0,0.0,0.0,0.0,0.0,0.0,1.0,1.0,1.0,0.0,0.0
1.0,1.0,10.0,1986.0,26.0,1.0,15.249999999999956,13.0,0.6105145631067944,5.582486248624846,8.60785906735749,9.408433734939734,7.560184793070238,8.723182156133806,15.199999999999958,16.695669014084462,16.789274725274677,11.97468387096771,9.765888293802576,11.244863436123318,11.267004989308592,1.0,1.0,1.0,1.0,1.0,1.0,1.0,1.0,1.0,1.0,1.0,1.0,1.0,0.0
0.0,0.0,1.0,1985.0,75.0,1.0,49.11118959107794,12.0,0.0,0.0,0.0,0.0,0.0,0.0,0.0,0.0,0.0,0.0,0.0,0.0,0.0,0.0,0.0,0.0,0.0,0.0,0.0,0.0,0.0,0.0,0.0,0.0,0.0,0.0,0.0
1.0,1.0,2.0,1987.0,63.0,0.0,0.0,16.0,32.40374037403731,31.88621761658022,29.974939759036065,28.712246390760264,29.0093680297397,30.665999999999915,30.88771126760555,29.774512256973715,27.969212903225728,27.442766641162898,27.403218795888325,28.08041054882387,23.88673217993073,1.0,1.0,1.0,1.0,1.0,1.0,1.0,1.0,1.0,1.0,1.0,1.0,1.0,0.0
0.0,1.0,3.0,1985.0,61.0,0.0,0.0,8.0,0.0,1.2250194174757247,2.428321232123206,0.9313160621761631,1.1972369477911613,0.0,0.5052193308550172,0.0,0.0,0.0,2.2414967741935423,0.0,0.0,0.0,1.0,1.0,1.0,1.0,0.0,1.0,0.0,0.0,0.0,1.0,0.0,0.0,0.0
1.0,1.0,2.0,1986.0,57.0,0.0,0.0,14.0,34.449514563106696,35.80990099009891,36.79834196891181,39.28433734939749,39.87372473532231,35.12089219330846,42.258,42.25774647887312,41.690617075232346,42.425806451612786,43.01820964039775,28.041345080763506,20.827905915894455,1.0,1.0,1.0,1.0,1.0,1.0,1.0,1.0,1.0,1.0,1.0,1.0,1.0,0.0
0.0,0.0,2.0,1986.0,58.0,0.0,0.0,16.0,0.0,0.0,0.0,0.0,0.0,0.0,0.0,0.0,0.0,0.0,0.0,0.0,0.0,0.0,0.0,0.0,0.0,0.0,0.0,0.0,0.0,0.0,0.0,0.0,0.0,0.0,0.0
0.0,1.0,2.0,1987.0,55.0,0.0,0.0,16.0,0.0,0.0,0.0,0.0,0.0,0.0,0.3212746478873231,0.05002874049027881,0.0,0.0,0.0,0.0,0.0,0.0,0.0,0.0,0.0,0.0,0.0,1.0,1.0,0.0,0.0,0.0,0.0,0.0,0.0
1.0,1.0,10.0,1986.0,47.0,1.0,31.51424999999991,11.0,19.517844660194122,19.170957095709518,20.62410777202067,22.258923694779057,23.586679499518702,24.470542750929305,25.47999999999993,26.54519718309852,26.592128486897643,27.797741935483796,10.398163733741365,4.347788546255495,11.431053456878086,1.0,1.0,1.0,1.0,1.0,1.0,1.0,1.0,1.0,1.0,1.0,1.0,1.0,0.0
1.0,1.0,1.0,1985.0,43.0,0.0,0.0,16.0,34.57079889807153,34.449514563106696,35.80990099009891,36.79834196891181,39.28433734939749,42.257,40.336059479553796,41.999999999999886,42.25774647887312,41.690617075232346,42.425806451612786,43.01820964039775,42.97092511013204,1.0,1.0,1.0,1.0,1.0,1.0,1.0,1.0,1.0,1.0,1.0,1.0,1.0,0.0
1.0,1.0,1.0,1986.0,41.0,0.0,0.0,16.0,0.0,0.0,0.0,0.0,0.0,0.0,0.0,0.0,0.0,0.0,0.0,0.0,0.0,0.0,0.0,0.0,0.0,0.0,0.0,0.0,0.0,0.0,0.0,0.0,0.0,0.0,0.0
1.0,1.0,2.0,1988.0,42.0,0.0,0.0,16.0,0.0,0.0,0.0,0.0,0.0,0.0,0.0,0.0,0.0,0.0,0.0,0.0,0.0,0.0,0.0,0.0,0.0,0.0,0.0,0.0,0.0,0.0,0.0,0.0,0.0,0.0,0.0
1.0,1.0,0.0,1984.0,40.0,1.0,38.043172666024915,12.0,10.223730061349665,8.32114600550962,0.6863300970873768,0.0,9.734524352331578,0.0,0.0,7.7259851301115035,8.909999999999975,13.087359154929542,15.147590870667752,16.808574193548342,16.345242540168282,1.0,1.0,1.0,0.0,1.0,0.0,0.0,1.0,1.0,1.0,1.0,1.0,1.0,0.0
1.0,1.0,2.0,1987.0,56.0,0.0,0.0,16.0,35.80990099009891,36.79834196891181,32.69623293172682,34.08887006737238,35.81455018587351,34.97599999999991,35.69332394366187,35.416642434488494,34.90583225806442,31.35297934200451,34.463647577092416,40.99571204561642,34.620705882352844,1.0,1.0,1.0,1.0,1.0,1.0,1.0,1.0,1.0,1.0,1.0,1.0,1.0,0.0
1.0,1.0,2.0,1985.0,32.0,0.0,0.0,16.0,3.9567713498622483,2.7280291262135847,0.0,0.6984870466321224,1.3578955823293135,15.822906641000918,0.713011152416355,0.0,0.0,0.0,0.0,0.0,0.0,1.0,1.0,0.0,1.0,1.0,1.0,1.0,0.0,0.0,0.0,0.0,0.0,0.0,0.0
1.0,1.0,5.0,1986.0,25.0,1.0,23.499999999999936,12.0,0.0,1.4106930693069268,3.7911378238341857,4.289365461847378,9.65197305101056,3.694416356877314,7.959999999999978,5.878457746478857,5.613409974640728,14.035870967741898,2.3890619739862218,0.0,0.0,0.0,1.0,1.0,1.0,1.0,1.0,1.0,1.0,1.0,1.0,1.0,0.0,0.0,0.0
1.0,0.0,2.0,1986.0,76.0,0.0,0.0,8.0,0.0,0.0,0.0,0.0,0.0,0.0,0.0,0.0,0.0,0.0,0.0,0.0,0.0,0.0,0.0,0.0,0.0,0.0,0.0,0.0,0.0,0.0,0.0,0.0,0.0,0.0,0.0
1.0,1.0,3.0,1985.0,61.0,1.0,54.431882527880894,12.0,34.57079889807153,35.1464854368931,33.0548294829482,33.71818445595845,39.28433734939749,39.87372473532231,40.336059479553796,41.999999999999886,42.25774647887312,41.690617075232346,42.355980645161175,42.87733129303738,41.548217327459504,1.0,1.0,1.0,1.0,1.0,1.0,1.0,1.0,1.0,1.0,1.0,1.0,1.0,0.0
0.0,0.0,1.0,1986.0,62.0,1.0,4.999999999999986,8.0,0.0,0.0,0.0,0.0,0.0,0.0,0.0,0.0,0.0,0.0,0.0,0.0,0.0,0.0,0.0,0.0,0.0,0.0,0.0,0.0,0.0,0.0,0.0,0.0,0.0,0.0,0.0
1.0,1.0,2.0,1986.0,62.0,0.0,0.0,12.0,27.587543689320313,26.366697469746903,25.708866321243452,24.220939759036078,11.313378248315656,6.778698884758346,7.656999999999979,15.893929577464744,7.55804564666101,4.06934193548386,2.639791889824018,2.114748898678408,2.081853171774762,1.0,1.0,1.0,1.0,1.0,1.0,1.0,1.0,1.0,1.0,1.0,1.0,1.0,0.0
1.0,1.0,1.0,1986.0,59.0,0.0,0.0,9.0,34.449514563106696,35.80990099009891,36.79834196891181,39.28433734939749,39.87372473532231,40.336059479553796,41.999999999999886,42.25774647887312,41.690617075232346,42.425806451612786,0.0,0.0,0.0,1.0,1.0,1.0,1.0,1.0,1.0,1.0,1.0,1.0,1.0,0.0,0.0,0.0,0.0
0.0,0.0,1.0,1985.0,59.0,0.0,0.0,12.0,0.0,3.9916213592232896,6.029808580858069,0.0,0.0,0.0,0.0,0.0,0.0,0.0,0.0,0.0,0.0,0.0,1.0,1.0,0.0,0.0,0.0,0.0,0.0,0.0,0.0,0.0,0.0,0.0,0.0
0.0,1.0,1.0,1986.0,59.0,0.0,0.0,12.0,0.0,0.0,0.0,0.0,0.0,0.0,0.0,0.0,1.11267624683009,0.0,0.0,0.0,0.0,0.0,0.0,0.0,0.0,0.0,0.0,0.0,0.0,1.0,0.0,0.0,0.0,0.0,0.0
1.0,0.0,2.0,1986.0,63.0,1.0,12.655999999999965,8.0,18.505640776698975,18.921372937293675,14.636426943005139,15.056795180722851,15.114040423484077,7.303271375464664,0.0,0.0,0.0,0.0,0.0,0.0,0.0,1.0,1.0,1.0,1.0,1.0,1.0,0.0,0.0,0.0,0.0,0.0,0.0,0.0,0.0
1.0,1.0,1.0,1984.0,50.0,1.0,168.82724927815158,12.0,29.75337423312875,34.57079889807153,34.44020388349505,35.03100550054996,32.776646632124255,17.044120481927663,9.082348411934527,0.0,0.0,0.0,0.0,0.0,0.0,1.0,1.0,1.0,1.0,1.0,1.0,1.0,0.0,0.0,0.0,0.0,0.0,0.0,1.0
0.0,1.0,1.0,1984.0,49.0,1.0,35.173952261790085,16.0,23.09668711656435,21.852066115702417,22.722048543689255,23.029262926292567,21.006855958549163,6.30530120481926,9.719484119345498,13.257933085501824,17.595999999999954,20.313626760563327,21.01762975486047,21.569987096774135,21.424410099464367,1.0,1.0,1.0,1.0,1.0,1.0,1.0,1.0,1.0,1.0,1.0,1.0,1.0,0.0
0.0,1.0,1.0,1986.0,45.0,1.0,32.835749999999905,12.0,0.0,2.841883388338826,4.716775129533666,4.404907630522076,5.291179980750707,7.15353903345723,8.218999999999976,8.210352112676034,6.9262011834319335,6.388619354838692,10.107182861514893,8.706842878120387,8.859398431931549,0.0,1.0,1.0,1.0,1.0,1.0,1.0,1.0,1.0,1.0,1.0,1.0,1.0,0.0
1.0,1.0,1.0,1986.0,43.0,0.0,0.0,16.0,2.1786990291262076,3.8269570957095604,6.386329533678738,14.089542168674662,16.424177093358953,15.857368029739735,17.78499999999995,34.61469014084498,41.690617075232346,42.425806451612786,43.01820964039775,37.52633186490445,36.77732287954373,1.0,1.0,1.0,1.0,1.0,1.0,1.0,1.0,1.0,1.0,1.0,1.0,1.0,0.0
0.0,0.0,6.0,1985.0,36.0,1.0,21.427258364312213,12.0,1.757223140495863,5.715427184466003,6.936510451045086,0.7882113989637284,0.0,13.723734359961464,15.366408921933045,15.107999999999958,13.698070422535174,7.4728114961960905,7.006445161290303,6.580192807957136,6.246073421439043,1.0,1.0,1.0,1.0,0.0,1.0,1.0,1.0,1.0,1.0,1.0,1.0,1.0,0.0
0.0,1.0,1.0,1987.0,34.0,1.0,83.53526760563358,16.0,0.0,0.0,0.0,0.0,0.0,0.0,0.0,0.0,0.0,0.0,0.0,11.088895224518858,35.392077508650424,0.0,0.0,0.0,0.0,0.0,0.0,0.0,0.0,0.0,0.0,0.0,1.0,1.0,0.0
1.0,0.0,10.0,1988.0,30.0,1.0,33.83693863060007,16.0,0.0,2.335052208835335,3.8354725697786227,10.433390334572463,9.767999999999972,6.939725352112657,2.986901098901091,0.17765806451612856,24.630231063504144,15.685997063142395,0.0,20.28017162629752,25.177678812415586,0.0,1.0,1.0,1.0,1.0,1.0,1.0,1.0,1.0,1.0,0.0,1.0,1.0,0.0
0.0,0.0,2.0,1987.0,73.0,0.0,0.0,12.0,14.133456545654527,13.418901554404107,4.506144578313242,3.6234456207892105,3.1922527881040805,5.577999999999984,6.837457746478854,5.713467455621286,2.03467096774193,0.0,0.0,0.0,0.0,1.0,1.0,1.0,1.0,1.0,1.0,1.0,1.0,1.0,0.0,0.0,0.0,0.0,0.0
1.0,1.0,3.0,1988.0,66.0,1.0,270.1005376162292,16.0,36.783,39.284,39.87372473532231,40.336,41.999999999999886,42.257,41.690617075232346,10.655064516129004,0.0,0.0,0.0,0.0,0.0,1.0,1.0,1.0,1.0,1.0,1.0,1.0,1.0,0.0,0.0,0.0,0.0,0.0,1.0
0.0,0.0,5.0,1986.0,71.0,1.0,31.747999999999912,12.0,0.0,0.0,0.0,0.0,0.0,0.0,0.0,0.0,0.0,0.0,0.0,0.0,0.0,0.0,0.0,0.0,0.0,0.0,0.0,0.0,0.0,0.0,0.0,0.0,0.0,0.0,0.0
0.0,0.0,3.0,1987.0,65.0,1.0,29.869232042253444,9.0,0.0,0.0,0.0,0.0,0.0,0.0,0.0,0.0,0.0,0.0,0.0,0.0,0.0,0.0,0.0,0.0,0.0,0.0,0.0,0.0,0.0,0.0,0.0,0.0,0.0,0.0,0.0
1.0,1.0,2.0,1985.0,62.0,0.0,0.0,16.0,0.0,0.0,0.0,0.0,5.488803212851391,3.775345524542819,7.832936802973957,11.479999999999967,14.168887323943624,9.335918850380363,11.590199999999967,2.43182861514919,1.9715124816446348,0.0,0.0,0.0,0.0,1.0,1.0,1.0,1.0,1.0,1.0,1.0,1.0,1.0,0.0
0.0,1.0,4.0,1988.0,62.0,1.0,20.893762299239164,12.0,0.0,0.0,0.0,0.0,0.0,0.0,0.8782823330515614,0.9651870967741909,0.8394001530221861,0.5013274596182071,0.43668139700641356,0.3845480968858121,0.0,0.0,0.0,0.0,0.0,0.0,0.0,1.0,1.0,1.0,1.0,1.0,1.0,0.0,0.0
1.0,1.0,2.0,1988.0,57.0,0.0,0.0,16.0,9.658429015544014,17.945349397590316,21.049740134744887,21.97296654275087,26.348999999999926,30.04255633802809,30.902011834319442,30.545696774193463,29.24651262433045,30.013662261380244,29.931033499643537,27.99995570934248,19.029133603238815,1.0,1.0,1.0,1.0,1.0,1.0,1.0,1.0,1.0,1.0,1.0,1.0,1.0,0.0
1.0,1.0,2.0,1986.0,50.0,0.0,0.0,11.0,25.837135922330024,25.95192959295922,28.031477720207175,29.104522088353338,29.8536053897978,35.95104089219321,34.872999999999905,42.25774647887312,41.690617075232346,42.425806451612786,43.01820964039775,42.97092511013204,43.355666429080415,1.0,1.0,1.0,1.0,1.0,1.0,1.0,1.0,1.0,1.0,1.0,1.0,1.0,0.0
1.0,1.0,3.0,1988.0,54.0,1.0,20.586178191039675,10.0,24.19831709844553,25.572232931726838,31.153193455245344,13.069494423791786,13.968999999999962,26.342591549295705,20.103215553677035,20.439516129032203,6.425058913542447,0.0,0.0,0.0,3.397452091767872,1.0,1.0,1.0,1.0,1.0,1.0,1.0,1.0,1.0,0.0,0.0,0.0,1.0,0.0
0.0,1.0,1.0,1987.0,52.0,0.0,0.0,14.0,11.922165016501618,12.925985492227943,12.478554216867437,0.0,13.054215613382866,14.54199999999996,15.205070422535169,15.267103972950084,17.248741935483825,17.40853863810248,17.416904552129175,16.911834640056973,16.582593771626254,1.0,1.0,1.0,0.0,1.0,1.0,1.0,1.0,1.0,1.0,1.0,1.0,1.0,0.0
0.0,1.0,2.0,1987.0,48.0,1.0,29.869232042253444,12.0,10.323379537953768,11.449508808290123,16.239726907630477,16.937894128970115,18.525048327137497,19.196999999999946,24.9224225352112,26.666245139475837,29.273806451612824,30.64271767406266,30.613967694566732,27.10549394155374,26.95629065743937,1.0,1.0,1.0,1.0,1.0,1.0,1.0,1.0,1.0,1.0,1.0,1.0,1.0,0.0
1.0,1.0,2.0,1985.0,46.0,0.0,0.0,12.0,30.185289256198267,31.509999999999913,34.445025302530155,32.786868393782285,38.1289156626505,39.87372473532231,40.336059479553796,41.999999999999886,42.25774647887312,41.690617075232346,43.36,43.688,42.97092511013204,1.0,1.0,1.0,1.0,1.0,1.0,1.0,1.0,1.0,1.0,1.0,1.0,1.0,0.0
0.0,1.0,1.0,1986.0,50.0,0.0,0.0,16.0,0.0,0.0,0.0,0.0,0.0,0.0,0.0,0.0,1.2516449704141979,0.884754838709675,0.0,0.0,0.0,0.0,0.0,0.0,0.0,0.0,0.0,0.0,0.0,1.0,1.0,0.0,0.0,0.0,0.0
1.0,1.0,2.0,1986.0,48.0,0.0,0.0,16.0,30.852932038834865,31.324620462046116,32.576754404144985,33.98260240963847,35.770317613089404,36.10688475836421,39.46599999999989,38.21335211267595,40.12119695688915,42.425806451612786,43.01820964039775,42.97092511013204,43.355666429080415,1.0,1.0,1.0,1.0,1.0,1.0,1.0,1.0,1.0,1.0,1.0,1.0,1.0,0.0
0.0,1.0,1.0,1986.0,49.0,0.0,0.0,16.0,0.0,0.0,0.0,0.0,0.0,0.0,0.0,0.0,0.0,0.0,0.0,0.0,0.0,0.0,0.0,0.0,0.0,0.0,0.0,0.0,0.0,0.0,0.0,0.0,0.0,0.0,0.0
0.0,1.0,2.0,1987.0,27.0,1.0,19.909862676056285,15.0,1.8025522552255178,0.35435440414507674,2.9402730923694698,9.317582290664074,16.027472118959064,5.976999999999983,2.317422535211261,1.079323753169904,0.5435806451612889,0.0,0.0,1.3006699928724126,6.052650519031125,1.0,1.0,1.0,1.0,1.0,1.0,1.0,1.0,1.0,0.0,0.0,1.0,1.0,0.0
0.0,1.0,2.0,1988.0,28.0,1.0,22.98195266272183,12.0,1.5162279792746072,7.198827309236928,13.961077959576476,16.04988104089215,17.620999999999952,21.08063380281684,25.211705832628837,23.66210967741929,22.935498087222587,22.797926578560876,23.69875409836059,26.70675155709335,27.94726045883933,1.0,1.0,1.0,1.0,1.0,1.0,1.0,1.0,1.0,1.0,1.0,1.0,1.0,0.0
1.0,1.0,10.0,1988.0,35.0,1.0,33.560946745562035,12.0,13.375743005181308,11.41556626506021,24.58668719922996,29.369947955390256,34.110999999999905,32.712126760563294,34.241893491124166,36.63203225806441,28.51109410864568,20.903665198237828,28.54287099073406,25.29750034602069,28.689020242914903,1.0,1.0,1.0,1.0,1.0,1.0,1.0,1.0,1.0,1.0,1.0,1.0,1.0,0.0
1.0,0.0,2.0,1985.0,69.0,0.0,0.0,13.0,34.57079889807153,34.449514563106696,5.500497249724957,0.0,0.0,0.0,0.0,0.0,0.0,0.0,0.0,0.06708492731446042,0.0,1.0,1.0,1.0,0.0,0.0,0.0,0.0,0.0,0.0,0.0,0.0,1.0,0.0,0.0
1.0,1.0,2.0,1985.0,57.0,1.0,55.03325650557607,12.0,24.335426997245115,21.44116504854363,19.387986798679815,18.89890155440409,18.2402570281124,17.89043310875837,18.560698884758317,17.130999999999954,7.668140845070402,8.712412510566333,10.283838709677392,7.427140015302199,7.139289280469877,1.0,1.0,1.0,1.0,1.0,1.0,1.0,1.0,1.0,1.0,1.0,1.0,1.0,0.0
1.0,1.0,5.0,1987.0,53.0,1.0,62.95101760563362,11.0,13.038662266226588,8.128572020725365,0.0,7.279591915303156,9.103115241635663,10.44099999999997,9.355556338028144,0.0,0.0,0.0,0.0,0.0,0.0,1.0,1.0,0.0,1.0,1.0,1.0,1.0,0.0,0.0,0.0,0.0,0.0,0.0,0.0
1.0,1.0,1.0,1984.0,36.0,1.0,29.425121077959496,15.0,22.259558282208523,20.491878787878733,22.948165048543625,21.651124312431183,23.605454922279726,29.093518072289076,28.435872954764115,27.019048327137476,24.56699999999993,24.82787323943655,25.875049873203647,23.046935483870904,23.819342004590602,1.0,1.0,1.0,1.0,1.0,1.0,1.0,1.0,1.0,1.0,1.0,1.0,1.0,0.0
0.0,0.0,2.0,1988.0,25.0,1.0,11.925925274725243,16.0,0.0,0.0,2.777447545717028,4.366684014869876,2.476999999999993,4.298133802816889,0.29646661031276333,1.2179741935483837,8.117276205049711,18.397832599118892,22.22622380612966,25.898973010380548,30.633273954115975,0.0,0.0,1.0,1.0,1.0,1.0,1.0,1.0,1.0,1.0,1.0,1.0,1.0,0.0
1.0,1.0,3.0,1988.0,83.0,1.0,54.66473710904465,8.0,10.88504041450774,11.455180722891535,8.316519730510082,9.899650557620792,17.47199999999995,16.64260563380277,16.659570583262845,10.7266580645161,1.613392501912773,0.0,0.0,0.0,0.0,1.0,1.0,1.0,1.0,1.0,1.0,1.0,1.0,1.0,0.0,0.0,0.0,0.0,0.0
1.0,1.0,1.0,1987.0,66.0,0.0,0.0,13.0,21.473883388338773,20.881923316062114,19.21301204819272,21.008600577478287,21.28643866170998,21.23999999999994,21.26683802816896,4.821288250211313,0.0,0.0,0.0,0.0,0.0,1.0,1.0,1.0,1.0,1.0,1.0,1.0,1.0,0.0,0.0,0.0,0.0,0.0,0.0
1.0,1.0,1.0,1987.0,63.0,0.0,0.0,16.0,35.80990099009891,36.79834196891181,39.28433734939749,39.87372473532231,40.336059479553796,41.999999999999886,42.25774647887312,41.690617075232346,42.425806451612786,43.018,42.97092511013204,43.355666429080415,43.68830449826977,1.0,1.0,1.0,1.0,1.0,1.0,1.0,1.0,1.0,1.0,1.0,1.0,1.0,0.0
1.0,1.0,5.0,1985.0,28.0,1.0,11.24576468401484,16.0,1.5775757575757534,0.0,0.0,3.0915150259067268,0.0,1.9177362848893114,16.312676579925608,18.47599999999995,21.70581690140839,24.952297548605173,27.915296774193475,28.70228615149189,30.201961820851608,1.0,0.0,0.0,1.0,0.0,1.0,1.0,1.0,1.0,1.0,1.0,1.0,1.0,0.0
1.0,1.0,2.0,1987.0,45.0,0.0,0.0,16.0,32.01670407040695,33.18892435233151,34.52620080321275,37.09627718960529,40.336059479553796,41.999999999999886,41.964450704225236,41.39229754860513,39.48958709677409,38.50423259372599,38.050995594713555,39.32085531004978,38.76351003460197,1.0,1.0,1.0,1.0,1.0,1.0,1.0,1.0,1.0,1.0,1.0,1.0,1.0,0.0
0.0,1.0,1.0,1984.0,31.0,1.0,29.425121077959496,16.0,3.1619263803680893,0.43930578512396573,17.28195145631063,16.983779977997752,20.794470466321187,23.195365461847327,21.474848893166445,22.828579925650498,22.78099999999994,2.6676408450704154,0.0,0.0,0.0,1.0,1.0,1.0,1.0,1.0,1.0,1.0,1.0,1.0,1.0,0.0,0.0,0.0,0.0
0.0,0.0,6.0,1987.0,64.0,1.0,62.63191373239419,12.0,0.0,1.9432704663212381,0.0,0.0,0.0,0.0,0.0,0.0,0.0,0.0,0.0,0.0,0.0,0.0,1.0,0.0,0.0,0.0,0.0,0.0,0.0,0.0,0.0,0.0,0.0,0.0,0.0
0.0,1.0,2.0,1988.0,63.0,0.0,0.0,15.0,13.622201036269391,16.05926104417666,16.07290856592873,18.9548921933085,19.917999999999946,19.22920422535206,16.94491969568888,15.648051612903185,22.434038255546994,21.29072540381786,20.458406272273642,13.858142560553594,0.0,1.0,1.0,1.0,1.0,1.0,1.0,1.0,1.0,1.0,1.0,1.0,1.0,0.0,0.0
1.0,1.0,1.0,1986.0,62.0,0.0,0.0,16.0,34.449514563106696,35.80990099009891,36.79834196891181,39.28433734939749,39.87372473532231,40.336059479553796,41.999999999999886,42.25774647887312,41.690617075232346,42.425806451612786,43.01820964039775,42.97092511013204,43.355666429080415,1.0,1.0,1.0,1.0,1.0,1.0,1.0,1.0,1.0,1.0,1.0,1.0,1.0,0.0
1.0,1.0,0.0,1984.0,48.0,1.0,137.27183753609202,14.0,25.164294478527538,25.343867768594972,25.634961165048473,4.903665566556643,13.388236269430013,22.82342971887544,6.6002617901828495,0.0,0.0,0.0,0.0,1.0659483870967712,0.0,1.0,1.0,1.0,1.0,1.0,1.0,1.0,0.0,0.0,0.0,0.0,1.0,0.0,1.0
0.0,0.0,5.0,1985.0,35.0,1.0,76.65353717472098,16.0,14.340088154269933,12.30605825242715,16.00232343234319,15.716526424870422,18.24135742971883,16.881986525505248,15.010921933085461,17.43099999999995,16.707246478873195,17.127431952662675,17.369832258064466,17.791761285386336,17.581063142437543,1.0,1.0,1.0,1.0,1.0,1.0,1.0,1.0,1.0,1.0,1.0,1.0,1.0,0.0
1.0,1.0,10.0,1988.0,32.0,1.0,16.992539644970368,12.0,13.908410362694262,13.451309236947754,16.953717035611117,18.78478810408917,19.103999999999946,22.806640845070362,20.77211834319521,16.851883870967697,16.55320581484311,16.395741556534464,16.7884076977904,16.591695501730058,16.6847881241565,1.0,1.0,1.0,1.0,1.0,1.0,1.0,1.0,1.0,1.0,1.0,1.0,1.0,0.0
0.0,1.0,3.0,1985.0,64.0,1.0,22.769501858736,12.0,18.370831955922814,15.76165048543685,13.981535753575319,13.080447668393745,15.030385542168634,15.390413859480226,15.378631970260182,15.440999999999956,0.6386901408450686,0.0,0.0,0.0,0.0,1.0,1.0,1.0,1.0,1.0,1.0,1.0,1.0,1.0,0.0,0.0,0.0,0.0,0.0
0.0,1.0,1.0,1987.0,64.0,1.0,119.37234507042221,12.0,0.0,0.0,0.0,0.0,0.0,0.0,3.3960563380281594,0.0,0.0,0.0,0.0,0.0,0.0,0.0,0.0,0.0,0.0,0.0,0.0,1.0,0.0,0.0,0.0,0.0,0.0,0.0,1.0
1.0,1.0,5.0,1987.0,53.0,1.0,53.81625316901395,16.0,35.80990099009891,39.284,39.28433734939749,39.87372473532231,40.336059479553796,41.999999999999886,42.25774647887312,41.690617075232346,42.425806451612786,43.018,42.97092511013204,43.688,44.816,1.0,1.0,1.0,1.0,1.0,1.0,1.0,1.0,1.0,1.0,1.0,1.0,1.0,0.0
0.0,1.0,2.0,1988.0,54.0,1.0,16.992539644970368,11.0,0.0,0.0,0.0,0.0,0.0,0.0,6.421281487743008,5.960825806451597,5.721505738332043,5.796246696035227,0.4437120456165347,0.580993771626296,5.0096518218623345,0.0,0.0,0.0,0.0,0.0,0.0,1.0,1.0,1.0,1.0,1.0,1.0,1.0,0.0
0.0,1.0,2.0,1984.0,33.0,1.0,10.04965543792105,16.0,17.90245398773001,9.158997245179037,0.912446601941745,0.755986798679866,0.49859481865284827,0.0,0.0,0.0,0.0,0.0,0.0,0.026516129032257994,0.04612088752869154,1.0,1.0,1.0,1.0,1.0,0.0,0.0,0.0,0.0,0.0,0.0,1.0,1.0,0.0
0.0,0.0,3.0,1987.0,47.0,0.0,0.0,16.0,0.0,0.0,0.0,0.0,0.0,0.0,0.0,0.0,0.0,0.0,0.0,0.0,0.0,0.0,0.0,0.0,0.0,0.0,0.0,0.0,0.0,0.0,0.0,0.0,0.0,0.0,0.0
1.0,1.0,3.0,1986.0,65.0,1.0,59.03899999999984,14.0,34.449514563106696,35.80990099009891,36.014673575129436,36.90746987951797,38.33890279114522,39.67397769516718,21.779999999999937,0.0,0.0,0.0,0.0,0.0,0.0,1.0,1.0,1.0,1.0,1.0,1.0,1.0,0.0,0.0,0.0,0.0,0.0,0.0,0.0
1.0,1.0,10.0,1987.0,53.0,1.0,157.26056338028124,13.0,28.110169416941616,30.270043523315977,31.451678714859355,32.27872954764187,32.44608178438653,33.775999999999904,35.04691549295765,14.959519864750593,0.6275483870967724,4.197839326702361,3.7748428781204013,0.0,0.0,1.0,1.0,1.0,1.0,1.0,1.0,1.0,1.0,1.0,1.0,1.0,0.0,0.0,1.0
0.0,0.0,2.0,1986.0,41.0,0.0,0.0,14.0,0.0,0.0,2.2260725388600973,2.9160642570281046,1.5443156881616897,3.4193977695167197,4.317999999999988,5.21564788732393,3.55759932375316,3.04051612903225,0.161003825554705,4.580346549192352,10.723301496792557,0.0,0.0,1.0,1.0,1.0,1.0,1.0,1.0,1.0,1.0,1.0,1.0,1.0,0.0
0.0,0.0,1.0,1988.0,74.0,1.0,16.403868131868087,12.0,0.0,0.0,0.0,0.0,0.0,0.0,0.0,0.0,0.0,0.0,0.0,0.0,0.0,0.0,0.0,0.0,0.0,0.0,0.0,0.0,0.0,0.0,0.0,0.0,0.0,0.0,0.0
1.0,1.0,3.0,1984.0,25.0,1.0,41.242195187680345,13.0,0.0,0.7367052341597776,3.0884854368931953,8.484655665566534,10.78623005181344,14.224891566265022,18.811326275264626,12.476676579925618,26.61299999999993,13.369077464788695,2.292983939137779,16.94115483870963,16.325117061973945,0.0,1.0,1.0,1.0,1.0,1.0,1.0,1.0,1.0,1.0,1.0,1.0,1.0,0.0
1.0,1.0,2.0,1986.0,54.0,0.0,0.0,16.0,34.449514563106696,35.80990099009891,36.79834196891181,39.28433734939749,39.87372473532231,40.336059479553796,41.999999999999886,42.25774647887312,41.690617075232346,42.425806451612786,43.01820964039775,42.97092511013204,43.355666429080415,1.0,1.0,1.0,1.0,1.0,1.0,1.0,1.0,1.0,1.0,1.0,1.0,1.0,0.0
0.0,1.0,2.0,1986.0,51.0,0.0,0.0,16.0,0.0,0.0,0.0,0.0,0.0,0.0,0.0,0.0,0.0,0.0,0.0,0.0,0.0,0.0,0.0,0.0,0.0,0.0,0.0,0.0,0.0,0.0,0.0,0.0,0.0,0.0,0.0
1.0,0.0,1.0,1986.0,71.0,0.0,0.0,16.0,34.449514563106696,34.96589658965887,0.0,0.0,7.154063522617882,4.998208178438648,7.28499999999998,7.418260563380262,6.265636517328808,42.425806451612786,12.596872226472806,2.4068546255506544,0.0,1.0,1.0,0.0,0.0,1.0,1.0,1.0,1.0,1.0,1.0,1.0,1.0,0.0,0.0
0.0,1.0,2.0,1987.0,69.0,0.0,0.0,16.0,9.502283828382811,10.372816580310852,5.452489959839343,5.8977247353224085,2.910104089219323,1.4139999999999961,1.3449154929577427,1.8177109044801303,1.8649677419354789,1.5941055853098658,0.0,1.404567355666425,1.5283321799307914,1.0,1.0,1.0,1.0,1.0,1.0,1.0,1.0,1.0,1.0,0.0,1.0,1.0,0.0
1.0,1.0,2.0,1986.0,27.0,1.0,14.48814999999996,13.0,1.9845048543689265,1.566231023102306,2.301032124352325,3.3540240963855332,7.596050048123174,4.062126394052034,0.6049999999999983,1.103718309859152,1.8640338123414995,1.1507999999999967,1.679638867635803,1.9288634361233428,0.6647868852458997,1.0,1.0,1.0,1.0,1.0,1.0,1.0,1.0,1.0,1.0,1.0,1.0,1.0,0.0
1.0,1.0,2.0,1987.0,45.0,0.0,0.0,16.0,35.80990099009891,36.79834196891181,39.28433734939749,39.87372473532231,35.701486988847485,41.999999999999886,42.25774647887312,41.690617075232346,42.425806451612786,43.018,42.97092511013204,43.355666429080415,43.68830449826977,1.0,1.0,1.0,1.0,1.0,1.0,1.0,1.0,1.0,1.0,1.0,1.0,1.0,0.0
0.0,0.0,1.0,1987.0,66.0,0.0,0.0,16.0,0.0,0.0,0.0,0.0,0.0,0.24199999999999933,0.2826830985915485,0.0,0.0,0.0,0.0,0.0,0.0,0.0,0.0,0.0,0.0,0.0,1.0,1.0,0.0,0.0,0.0,0.0,0.0,0.0,0.0
1.0,0.0,3.0,1988.0,72.0,0.0,0.0,14.0,21.349852849740873,19.99099598393569,21.342991337824774,7.115851301115223,0.0,0.0,0.0,0.0,0.0,0.0,0.0,0.0,0.0,1.0,1.0,1.0,1.0,0.0,0.0,0.0,0.0,0.0,0.0,0.0,0.0,0.0,0.0
1.0,1.0,1.0,1986.0,51.0,0.0,0.0,16.0,0.0,1.446864686468643,2.9529533678756392,1.4305220883534098,1.4768046198267524,0.0,0.0,0.0,0.0,0.0,0.0,0.0,0.0,0.0,1.0,1.0,1.0,1.0,0.0,0.0,0.0,0.0,0.0,0.0,0.0,0.0,0.0
0.0,1.0,2.0,1987.0,39.0,0.0,0.0,14.0,18.281135313531305,20.734275647668337,21.391807228915603,21.909451395572603,20.768996282527826,31.099999999999913,21.244647887323886,27.786333051563744,25.9071419354838,10.370491201224151,12.397997063142403,12.963734853884496,12.394280968858096,1.0,1.0,1.0,1.0,1.0,1.0,1.0,1.0,1.0,1.0,1.0,1.0,1.0,0.0
0.0,1.0,5.0,1984.0,34.0,1.0,23.088416169393582,15.0,20.46763190184043,19.54231404958672,17.26333009708733,16.120484048404798,17.065798963730522,17.86171887550196,18.01385178055818,20.843353159851244,24.201999999999934,23.805197183098528,24.728094674556147,23.032793548387033,22.11538485080331,1.0,1.0,1.0,1.0,1.0,1.0,1.0,1.0,1.0,1.0,1.0,1.0,1.0,0.0
1.0,1.0,2.0,1987.0,57.0,0.0,0.0,16.0,35.80990099009891,36.79834196891181,39.28433734939749,39.87372473532231,40.336059479553796,41.999999999999886,42.25774647887312,41.690617075232346,42.425806451612786,36.5713481254781,42.97092511013204,43.355666429080415,43.68830449826977,1.0,1.0,1.0,1.0,1.0,1.0,1.0,1.0,1.0,1.0,1.0,1.0,1.0,0.0
0.0,0.0,1.0,1986.0,39.0,0.0,0.0,16.0,7.2397184466019215,0.0,0.0,0.0,0.0,0.09982156133828969,0.358999999999999,2.5865985915492886,0.0,0.0,0.0,0.0,0.0,1.0,0.0,0.0,0.0,0.0,1.0,1.0,1.0,0.0,0.0,0.0,0.0,0.0,0.0
0.0,1.0,1.0,1985.0,62.0,0.0,0.0,16.0,16.073157024793346,16.019689320388306,17.650543454345385,18.426429015543988,19.398979919678663,19.126729547641908,19.488631970260172,20.189999999999944,21.57557042253515,0.7930481825866419,0.9687225806451587,0.0,0.0,1.0,1.0,1.0,1.0,1.0,1.0,1.0,1.0,1.0,1.0,1.0,0.0,0.0,0.0
0.0,0.0,1.0,1986.0,73.0,0.0,0.0,14.0,0.0,0.0,0.0,0.0,0.0,0.0,0.0,0.0,0.0,0.0,0.0,0.0,0.0,0.0,0.0,0.0,0.0,0.0,0.0,0.0,0.0,0.0,0.0,0.0,0.0,0.0,0.0
0.0,1.0,5.0,1986.0,35.0,1.0,102.09064999999973,16.0,13.815718446601903,9.47334653465344,1.8671751295336736,0.0,12.083426371511035,13.222282527881005,11.36899999999997,2.47854225352112,0.0,0.0,0.0,0.0,0.0,1.0,1.0,1.0,0.0,1.0,1.0,1.0,1.0,0.0,0.0,0.0,0.0,0.0,1.0
1.0,1.0,2.0,1985.0,37.0,0.0,0.0,16.0,31.611900826446195,31.713504854368843,35.32399559955986,24.378901554404074,0.0,0.0,0.0,0.0,0.0,9.22011158072694,42.425806451612786,43.01820964039775,42.97092511013204,1.0,1.0,1.0,1.0,0.0,0.0,0.0,0.0,0.0,1.0,1.0,1.0,1.0,0.0
1.0,1.0,1.0,1986.0,45.0,0.0,0.0,16.0,34.449514563106696,35.80990099009891,39.874,39.28433734939749,39.87372473532231,40.336059479553796,41.999999999999886,42.25774647887312,41.690617075232346,42.425806451612786,43.01820964039775,42.97092511013204,43.355666429080415,1.0,1.0,1.0,1.0,1.0,1.0,1.0,1.0,1.0,1.0,1.0,1.0,1.0,0.0
0.0,0.0,5.0,1986.0,36.0,1.0,11.13899999999997,12.0,19.78253398058247,18.495753575357483,0.5201740932642471,6.011493975903598,4.65193455245427,10.734892193308522,9.463999999999974,5.306338028169,0.0,0.0,4.5215241009946325,0.0,0.0,1.0,1.0,1.0,1.0,1.0,1.0,1.0,1.0,0.0,0.0,1.0,0.0,0.0,0.0
0.0,1.0,1.0,1986.0,60.0,0.0,0.0,16.0,27.809669902912546,27.14921012101203,28.232505699481784,31.782899598393488,32.66586333012503,33.68977695167277,35.4249999999999,36.202732394366095,36.070721893491026,38.31757419354828,40.49330068859974,42.589497797356714,41.10976478973616,1.0,1.0,1.0,1.0,1.0,1.0,1.0,1.0,1.0,1.0,1.0,1.0,1.0,0.0
1.0,1.0,2.0,1985.0,64.0,1.0,26.474409665427437,14.0,19.44267768595036,17.609155339805778,15.480246424642422,10.423925388601006,5.479999999999985,10.81759384023096,9.744825278810383,14.65599999999996,9.439492957746454,0.0,0.0,0.0,0.0,1.0,1.0,1.0,1.0,1.0,1.0,1.0,1.0,1.0,0.0,0.0,0.0,0.0,0.0
0.0,1.0,2.0,1986.0,41.0,0.0,0.0,16.0,22.949495145631005,28.3163476347634,33.22072538860094,38.10140562248986,39.87372473532231,40.336059479553796,41.999999999999886,42.25774647887312,41.690617075232346,42.425806451612786,43.36,42.97092511013204,43.355666429080415,1.0,1.0,1.0,1.0,1.0,1.0,1.0,1.0,1.0,1.0,1.0,1.0,1.0,0.0
0.0,1.0,1.0,1987.0,49.0,1.0,28.62204964788725,16.0,0.0,0.0,0.0,0.0,0.0,0.0,0.0,0.0,0.0,0.0,0.0,0.0,0.0,0.0,0.0,0.0,0.0,0.0,0.0,0.0,0.0,0.0,0.0,0.0,0.0,0.0,0.0
0.0,0.0,2.0,1988.0,67.0,0.0,0.0,12.0,0.0,0.0,0.0,0.0,0.0,0.0,0.0,0.0,0.0,0.0,0.0,0.0,0.0,0.0,0.0,0.0,0.0,0.0,0.0,0.0,0.0,0.0,0.0,0.0,0.0,0.0,0.0
1.0,1.0,4.0,1984.0,36.0,1.0,165.5803888354182,15.0,0.0,0.0,0.0,0.0,0.0,0.0,0.0,0.0,0.0,0.0,0.0,0.0,0.0,0.0,0.0,0.0,0.0,0.0,0.0,0.0,0.0,0.0,0.0,0.0,0.0,0.0,1.0
1.0,1.0,1.0,1985.0,35.0,1.0,174.3098364312263,14.0,0.0,0.0,0.0,0.0,0.0,0.0,0.0,0.0,0.0,0.0,0.0,0.0,0.0,0.0,0.0,0.0,0.0,0.0,0.0,0.0,0.0,0.0,0.0,0.0,0.0,0.0,1.0
1.0,0.0,2.0,1985.0,75.0,1.0,138.23834758364276,12.0,34.57079889807153,19.64553398058247,0.0,0.0,0.0,0.0,0.0,0.0,0.0,0.0,0.0,0.0,0.0,1.0,1.0,0.0,0.0,0.0,0.0,0.0,0.0,0.0,0.0,0.0,0.0,0.0,1.0
0.0,1.0,3.0,1986.0,48.0,1.0,22.834499999999935,13.0,0.0,0.0,0.0,0.0,0.0,0.0,0.0,0.0,0.0,0.0,15.7649579188982,37.8216563876651,37.422580185317074,0.0,0.0,0.0,0.0,0.0,0.0,0.0,0.0,0.0,0.0,1.0,1.0,1.0,0.0
1.0,1.0,10.0,1984.0,61.0,1.0,23.088416169393582,12.0,23.809423312883364,22.594809917355313,22.60233980582518,21.176070407040648,22.48560414507766,19.850144578313202,17.149921077959526,18.807197026022255,21.74099999999994,22.6291197183098,23.126248520709996,12.032135483870936,5.660290742157598,1.0,1.0,1.0,1.0,1.0,1.0,1.0,1.0,1.0,1.0,1.0,1.0,1.0,0.0
1.0,1.0,1.0,1985.0,39.0,0.0,0.0,16.0,0.596308539944902,0.0,0.5980374037403724,0.6303419689119153,0.7625783132530101,23.21009432146288,26.15121189591071,30.582999999999917,16.09846478873235,24.497406593406527,30.078129032257984,31.79490130068852,33.62595594713647,1.0,0.0,1.0,1.0,1.0,1.0,1.0,1.0,1.0,1.0,1.0,1.0,1.0,0.0
1.0,1.0,1.0,1986.0,51.0,0.0,0.0,16.0,0.0,0.0,0.0,0.0,0.0,0.0,0.0,0.0,0.0,0.0,0.0,0.0,0.0,0.0,0.0,0.0,0.0,0.0,0.0,0.0,0.0,0.0,0.0,0.0,0.0,0.0,0.0
1.0,1.0,2.0,1985.0,38.0,0.0,0.0,16.0,27.117696969696894,34.449514563106696,39.874,36.79834196891181,36.95368674698785,39.87372473532231,40.336059479553796,41.999999999999886,42.25774647887312,41.690617075232346,42.425806451612786,43.01820964039775,42.97092511013204,1.0,1.0,1.0,1.0,1.0,1.0,1.0,1.0,1.0,1.0,1.0,1.0,1.0,0.0
0.0,1.0,1.0,1988.0,31.0,0.0,0.0,14.0,11.209865284974061,13.493124497991932,13.605589990375323,13.955665427509256,15.261999999999958,17.309274647887275,14.429585798816529,18.438432258064466,18.467641928079523,18.647289280469845,20.212333570919398,19.97678062283731,20.486029689608582,1.0,1.0,1.0,1.0,1.0,1.0,1.0,1.0,1.0,1.0,1.0,1.0,1.0,0.0
1.0,0.0,2.0,1988.0,64.0,0.0,0.0,16.0,36.783,39.284,12.693135707410937,0.0,0.0,0.0,0.0,0.0,0.0,0.0,0.0,0.0,0.0,1.0,1.0,1.0,0.0,0.0,0.0,0.0,0.0,0.0,0.0,0.0,0.0,0.0,0.0
1.0,1.0,2.0,1988.0,51.0,0.0,0.0,16.0,0.0,0.0,0.0,0.0,0.0,0.0,0.0,0.0,0.0,0.0,0.0,0.0,0.0,0.0,0.0,0.0,0.0,0.0,0.0,0.0,0.0,0.0,0.0,0.0,0.0,0.0,0.0
1.0,1.0,3.0,1985.0,38.0,1.0,11.24576468401484,16.0,0.0,24.791679611650416,29.18446644664458,31.096870466321153,39.28433734939749,39.87372473532231,33.57976951672853,34.866999999999905,42.25774647887312,33.605416737108946,34.40467741935475,42.13101147666401,42.97092511013204,0.0,1.0,1.0,1.0,1.0,1.0,1.0,1.0,1.0,1.0,1.0,1.0,1.0,0.0
1.0,1.0,1.0,1988.0,46.0,0.0,0.0,16.0,36.783,39.284,39.87372473532231,40.336,41.999999999999886,42.257,41.690617075232346,42.425806451612786,43.018,42.97092511013204,43.355666429080415,43.688,44.816,1.0,1.0,1.0,1.0,1.0,1.0,1.0,1.0,1.0,1.0,1.0,1.0,1.0,0.0
1.0,1.0,2.0,1986.0,64.0,1.0,62.47149999999983,16.0,36.783,35.80990099009891,36.79834196891181,37.33772690763042,39.87372473532231,40.336059479553796,23.726999999999933,22.819183098591484,0.0,0.0,0.0,0.0,0.0,1.0,1.0,1.0,1.0,1.0,1.0,1.0,1.0,0.0,0.0,0.0,0.0,0.0,0.0
1.0,1.0,2.0,1987.0,67.0,0.0,0.0,13.0,24.737768976897623,14.626205181347109,17.384144578313208,20.1720962463907,26.957933085501786,26.802999999999926,17.20411267605629,0.0,0.0,0.0,0.0,0.0,0.0,1.0,1.0,1.0,1.0,1.0,1.0,1.0,0.0,0.0,0.0,0.0,0.0,0.0,0.0
1.0,1.0,2.0,1986.0,34.0,1.0,14.003249999999962,15.0,5.696805825242703,5.372690869086894,8.337550259067333,10.524240963855393,9.738471607314697,10.665628252788077,16.437999999999953,19.577492957746426,31.868307692307603,30.349477419354756,26.252847742922654,18.3398942731277,18.532008553100447,1.0,1.0,1.0,1.0,1.0,1.0,1.0,1.0,1.0,1.0,1.0,1.0,1.0,0.0
1.0,1.0,4.0,1986.0,58.0,0.0,0.0,16.0,34.449514563106696,35.80990099009891,36.79834196891181,39.28433734939749,39.87372473532231,40.336059479553796,41.999999999999886,42.25774647887312,41.690617075232346,42.425806451612786,43.01820964039775,42.97092511013204,43.355666429080415,1.0,1.0,1.0,1.0,1.0,1.0,1.0,1.0,1.0,1.0,1.0,1.0,1.0,0.0
0.0,1.0,1.0,1985.0,33.0,1.0,72.06760223048309,16.0,0.0,5.2206310679611505,8.0855621562156,18.491166839378185,29.86599999999992,38.23341674687189,41.028698884758256,40.96299999999988,0.8644507042253498,0.0,0.0,0.0,0.0,0.0,1.0,1.0,1.0,1.0,1.0,1.0,1.0,1.0,0.0,0.0,0.0,0.0,0.0
0.0,1.0,2.0,1985.0,48.0,0.0,0.0,16.0,31.495658402203773,34.25133009708728,25.33339493949388,34.41099274611389,38.74073895582319,39.87372473532231,40.336059479553796,41.999999999999886,42.25774647887312,41.690617075232346,42.425806451612786,43.01820964039775,42.97092511013204,1.0,1.0,1.0,1.0,1.0,1.0,1.0,1.0,1.0,1.0,1.0,1.0,1.0,0.0
1.0,1.0,2.0,1985.0,47.0,0.0,0.0,16.0,34.57079889807153,34.449514563106696,35.80990099009891,36.79834196891181,39.28433734939749,39.87372473532231,40.336059479553796,41.999999999999886,42.25774647887312,41.690617075232346,42.425806451612786,43.01820964039775,42.97092511013204,1.0,1.0,1.0,1.0,1.0,1.0,1.0,1.0,1.0,1.0,1.0,1.0,1.0,0.0
0.0,0.0,5.0,1987.0,48.0,1.0,19.909862676056285,13.0,0.0,0.0,0.0,0.0,0.594855018587359,2.0429999999999944,0.0,0.13526289095519828,0.0,0.0,0.0,0.0,0.0,0.0,0.0,0.0,0.0,1.0,1.0,0.0,1.0,0.0,0.0,0.0,0.0,0.0,0.0
1.0,1.0,1.0,1985.0,50.0,0.0,0.0,16.0,34.57079889807153,34.449514563106696,35.80990099009891,40.336,40.60481927710833,41.13955726660239,40.336059479553796,42.426,42.25774647887312,41.690617075232346,42.425806451612786,43.01820964039775,42.97092511013204,1.0,1.0,1.0,1.0,1.0,1.0,1.0,1.0,1.0,1.0,1.0,1.0,1.0,0.0
0.0,1.0,2.0,1987.0,33.0,1.0,37.38556338028159,16.0,0.0,4.398764766839365,2.3438554216867407,0.8987410972088521,3.182066914498133,17.41399999999995,12.711091549295741,0.0,2.651612903225799,1.1848875286916574,2.5782555066079227,1.1624005702066966,0.0,0.0,1.0,1.0,1.0,1.0,1.0,1.0,0.0,1.0,1.0,1.0,1.0,0.0,0.0
0.0,1.0,10.0,1987.0,50.0,1.0,106.60915492957719,8.0,0.0,9.906022797927433,8.489598393574274,6.444142444658307,2.3814572490706256,0.00999999999999997,0.27785915492957675,0.0,0.0,0.0,0.0,0.0,0.0,0.0,1.0,1.0,1.0,1.0,1.0,1.0,0.0,0.0,0.0,0.0,0.0,0.0,1.0
1.0,0.0,2.0,1985.0,72.0,0.0,0.0,12.0,0.0,0.0,0.0,0.0,0.0,0.0,0.0,0.0,0.0,0.0,0.0,0.0,0.0,0.0,0.0,0.0,0.0,0.0,0.0,0.0,0.0,0.0,0.0,0.0,0.0,0.0,0.0
